"C:/Users/kacpe/Desktop/GitHub/Game/UkenGame.uproject" 1
"../../../../../../Users/kacpe/Desktop/GitHub/Game/Binaries/Win64/UnrealEditor.modules" 2
"../../../Engine/Plugins/AudioGameplay/AudioGameplay.uplugin" 3
"../../../Engine/Plugins/AudioInsights/AudioInsights.uplugin" 4
"../../../Engine/Plugins/BlueprintFileUtils/BlueprintFileUtils.uplugin" 5
"../../../Engine/Plugins/Bridge/Bridge.uplugin" 6
"../../../Engine/Plugins/ChaosCloth/ChaosCloth.uplugin" 7
"../../../Engine/Plugins/ChaosClothAsset/ChaosClothAsset.uplugin" 8
"../../../Engine/Plugins/ChaosClothAssetEditor/ChaosClothAssetEditor.uplugin" 9
"../../../Engine/Plugins/Chooser/Chooser.uplugin" 10
"../../../Engine/Plugins/DiscoveryBeaconReceiver/DiscoveryBeaconReceiver.uplugin" 11
"../../../Engine/Plugins/EnhancedInput/EnhancedInput.uplugin" 12
"../../../Engine/Plugins/Fab/Fab.uplugin" 13
"../../../Engine/Plugins/FastBuildController/FastBuildController.uplugin" 14
"../../../Engine/Plugins/IoStoreInsights/IoStoreInsights.uplugin" 15
"../../../Engine/Plugins/JsonBlueprintUtilities/JsonBlueprintUtilities.uplugin" 16
"../../../Engine/Plugins/MassInsights/MassInsights.uplugin" 17
"../../../Engine/Plugins/LightWeightInstancesEditor/LightWeightInstancesEditor.uplugin" 18
"../../../Engine/Plugins/MemoryUsageQueries/MemoryUsageQueries.uplugin" 19
"../../../Engine/Plugins/MeshPainting/MeshPainting.uplugin" 20
"../../../Engine/Plugins/Mutable/Mutable.uplugin" 21
"../../../Engine/Plugins/PCG/PCG.uplugin" 22
"../../../Engine/Plugins/ScriptPlugin/ScriptPlugin.uplugin" 23
"../../../Engine/Plugins/TextureGraph/TextureGraph.uplugin" 24
"../../../Engine/Plugins/ChaosInsights/ChaosInsights.uplugin" 25
"../../../Engine/Plugins/RenderGraphInsights/RenderGraphInsights.uplugin" 26
"../../../Engine/Plugins/TraceUtilities/TraceUtilities.uplugin" 27
"../../../Engine/Plugins/UbaController/UbaController.uplugin" 28
"../../../Engine/Plugins/WorldMetrics/WorldMetrics.uplugin" 29
"../../../Engine/Plugins/XGEController/XGEController.uplugin" 30
"../../../Engine/Plugins/Compression/OodleNetwork/OodleNetwork.uplugin" 31
"../../../Engine/Plugins/FX/Cascade/Cascade.uplugin" 32
"../../../Engine/Plugins/FX/ExampleCustomDataInterface/ExampleCustomDataInterface.uplugin" 33
"../../../Engine/Plugins/FX/CascadeToNiagaraConverter/CascadeToNiagaraConverter.uplugin" 34
"../../../Engine/Plugins/FX/Niagara/Niagara.uplugin" 35
"../../../Engine/Plugins/FX/NiagaraFluids/NiagaraFluids.uplugin" 36
"../../../Engine/Plugins/FX/NiagaraMRQ/NiagaraMRQ.uplugin" 37
"../../../Engine/Plugins/FX/NiagaraSimCaching/NiagaraSimCaching.uplugin" 38
"../../../Engine/Plugins/Interchange/Assets/InterchangeAssets.uplugin" 39
"../../../Engine/Plugins/Interchange/Editor/InterchangeEditor.uplugin" 40
"../../../Engine/Plugins/Interchange/Runtime/Interchange.uplugin" 41
"../../../Engine/Plugins/Media/AjaMedia/AjaMedia.uplugin" 42
"../../../Engine/Plugins/ChaosVD/ChaosVD.uplugin" 43
"../../../Engine/Plugins/Media/AndroidCamera/AndroidCamera.uplugin" 44
"../../../Engine/Plugins/Media/AndroidMedia/AndroidMedia.uplugin" 45
"../../../Engine/Plugins/Media/AppleProResDecoderElectra/AppleProResDecoderElectra.uplugin" 46
"../../../Engine/Plugins/Media/AppleProResMedia/AppleProResMedia.uplugin" 47
"../../../Engine/Plugins/Media/AvfMedia/AvfMedia.uplugin" 48
"../../../Engine/Plugins/Media/AvidDNxHDDecoderElectra/AvidDNxHDDecoderElectra.uplugin" 49
"../../../Engine/Plugins/Media/AvidDNxMedia/AvidDNxMedia.uplugin" 50
"../../../Engine/Plugins/Media/AudioCaptureTimecodeProvider/AudioCaptureTimecodeProvider.uplugin" 51
"../../../Engine/Plugins/Media/D3D12VideoDecodersElectra/D3D12VideoDecodersElectra.uplugin" 52
"../../../Engine/Plugins/Media/ElectraCDM/ElectraCDM.uplugin" 53
"../../../Engine/Plugins/Media/ElectraCodecs/ElectraCodecs.uplugin" 54
"../../../Engine/Plugins/Media/ElectraPlayer/ElectraPlayer.uplugin" 55
"../../../Engine/Plugins/Media/ElectraUtil/ElectraUtil.uplugin" 56
"../../../Engine/Plugins/Media/ElectraSubtitles/ElectraSubtitles.uplugin" 57
"../../../Engine/Plugins/Media/FlacDecoderElectra/FlacDecoderElectra.uplugin" 58
"../../../Engine/Plugins/Media/HAPDecoderElectra/HAPDecoderElectra.uplugin" 59
"../../../Engine/Plugins/Media/HardwareEncoders/HardwareEncoders.uplugin" 60
"../../../Engine/Plugins/Media/ImgMedia/ImgMedia.uplugin" 61
"../../../Engine/Plugins/Media/LinearTimecode/LinearTimecode.uplugin" 62
"../../../Engine/Plugins/Media/MediaFrameworkUtilities/MediaFrameworkUtilities.uplugin" 63
"../../../Engine/Plugins/Media/MediaCompositing/MediaCompositing.uplugin" 64
"../../../Engine/Plugins/Media/MediaIOFramework/MediaIOFramework.uplugin" 65
"../../../Engine/Plugins/Media/MediaMovieStreamer/MediaMovieStreamer.uplugin" 66
"../../../Engine/Plugins/Media/MediaPlate/MediaPlate.uplugin" 67
"../../../Engine/Plugins/Media/MediaPlayerEditor/MediaPlayerEditor.uplugin" 68
"../../../Engine/Plugins/Media/NDIMedia/NDIMedia.uplugin" 69
"../../../Engine/Plugins/Media/MfMedia/MfMedia.uplugin" 70
"../../../Engine/Plugins/Media/OpusDecoderElectra/OpusDecoderElectra.uplugin" 71
"../../../Engine/Plugins/Media/PixelCapture/PixelCapture.uplugin" 72
"../../../Engine/Plugins/Media/PixelStreaming/PixelStreaming.uplugin" 73
"../../../Engine/Plugins/Media/PixelStreaming2/PixelStreaming2.uplugin" 74
"../../../Engine/Plugins/Media/TimecodeSynchronizer/TimecodeSynchronizer.uplugin" 75
"../../../Engine/Plugins/Media/VPxDecoderElectra/VPxDecoderElectra.uplugin" 76
"../../../Engine/Plugins/Media/WebMMedia/WebMMedia.uplugin" 77
"../../../Engine/Plugins/Media/WmfMedia/WmfMedia.uplugin" 78
"../../../Engine/Plugins/Messaging/MessagingDebugger/MessagingDebugger.uplugin" 79
"../../../Engine/Plugins/Media/BlackmagicMedia/BlackmagicMedia.uplugin" 80
"../../../Engine/Plugins/Messaging/TcpMessaging/TcpMessaging.uplugin" 81
"../../../Engine/Plugins/NNE/NNEDenoiser/NNEDenoiser.uplugin" 82
"../../../Engine/Plugins/NNE/NNERuntimeORT/NNERuntimeORT.uplugin" 83
"../../../Engine/Plugins/PCGInterops/PCGExternalDataInterop/PCGExternalDataInterop.uplugin" 84
"../../../Engine/Plugins/Performance/AutomatedPerfTesting/AutomatedPerfTesting.uplugin" 85
"../../../Engine/Plugins/AudioGameplayVolume/AudioGameplayVolume.uplugin" 86
"../../../Engine/Plugins/Experimental/AbilitySystemGameFeatureActions/AbilitySystemGameFeatureActions.uplugin" 87
"../../../Engine/Plugins/Experimental/ActorPalette/ActorPalette.uplugin" 88
"../../../Engine/Plugins/Performance/PerformanceMonitor/PerformanceMonitor.uplugin" 89
"../../../Engine/Plugins/Experimental/AdvancedRenamer/AdvancedRenamer.uplugin" 90
"../../../Engine/Plugins/Experimental/AnimNext/AnimNext.uplugin" 91
"../../../Engine/Plugins/Experimental/AnimNextAnimGraph/AnimNextAnimGraph.uplugin" 92
"../../../Engine/Plugins/Experimental/AnimNextChooser/AnimNextChooser.uplugin" 93
"../../../Engine/Plugins/Experimental/AnimNextControlRig/AnimNextControlRig.uplugin" 94
"../../../Engine/Plugins/Experimental/AnimNextStateTree/AnimNextStateTree.uplugin" 95
"../../../Engine/Plugins/Experimental/AnimNextPoseSearch/AnimNextPoseSearch.uplugin" 96
"../../../Engine/Plugins/Experimental/AnimNextWarping/AnimNextWarping.uplugin" 97
"../../../Engine/Plugins/Experimental/AnimToTexture/AnimToTexture.uplugin" 98
"../../../Engine/Plugins/Experimental/AsyncMessageSystem/AsyncMessageSystem.uplugin" 99
"../../../Engine/Plugins/Experimental/AsyncMessageSystemTests/AsyncMessageSystemTests.uplugin" 100
"../../../Engine/Plugins/Experimental/AutomationUtils/AutomationUtils.uplugin" 101
"../../../Engine/Plugins/Experimental/AvalancheDataLink/AvalancheDataLink.uplugin" 102
"../../../Engine/Plugins/Experimental/AvalancheDisplayCluster/AvalancheDisplayCluster.uplugin" 103
"../../../Engine/Plugins/Experimental/AvalancheSceneState/AvalancheSceneState.uplugin" 104
"../../../Engine/Plugins/Experimental/AvalancheSequenceNavigator/AvalancheSequenceNavigator.uplugin" 105
"../../../Engine/Plugins/Experimental/BackChannel/BackChannel.uplugin" 106
"../../../Engine/Plugins/Experimental/BlueprintSnapNodes/BlueprintSnapNodes.uplugin" 107
"../../../Engine/Plugins/Experimental/BlueprintStats/BlueprintStats.uplugin" 108
"../../../Engine/Plugins/Experimental/Buoyancy/Buoyancy.uplugin" 109
"../../../Engine/Plugins/PCGInterops/PCGGeometryScriptInterop/PCGGeometryScriptInterop.uplugin" 110
"../../../Engine/Plugins/Media/BinkMedia/BinkMedia.uplugin" 111
"../../../Engine/Plugins/Experimental/ChaosCaching/ChaosCaching.uplugin" 112
"../../../Engine/Plugins/Experimental/ChaosCachingUSD/ChaosCachingUSD.uplugin" 113
"../../../Engine/Plugins/Experimental/ChaosClothEditor/ChaosClothEditor.uplugin" 114
"../../../Engine/Plugins/Experimental/ChaosEditor/ChaosEditor.uplugin" 115
"../../../Engine/Plugins/Experimental/ChaosModularVehicle/ChaosModularVehicle.uplugin" 116
"../../../Engine/Plugins/Experimental/ChaosModularVehicleExamples/ChaosModularVehicleExamples.uplugin" 117
"../../../Engine/Plugins/Experimental/ChaosMover/ChaosMover.uplugin" 118
"../../../Engine/Plugins/Experimental/ChaosNiagara/ChaosNiagara.uplugin" 119
"../../../Engine/Plugins/Experimental/ChaosOutfitAsset/ChaosOutfitAsset.uplugin" 120
"../../../Engine/Plugins/Experimental/ChaosFlesh/ChaosFlesh.uplugin" 121
"../../../Engine/Plugins/Experimental/ChaosSolverPlugin/ChaosSolverPlugin.uplugin" 122
"../../../Engine/Plugins/Experimental/ChaosUserDataPT/ChaosUserDataPT.uplugin" 123
"../../../Engine/Plugins/Experimental/ChaosVehiclesPlugin/ChaosVehiclesPlugin.uplugin" 124
"../../../Engine/Plugins/Experimental/CharacterAI/CharacterAI.uplugin" 125
"../../../Engine/Plugins/Experimental/CineCameraRigs/CineCameraRigs.uplugin" 126
"../../../Engine/Plugins/Experimental/CineCameraSceneCapture/CineCameraSceneCapture.uplugin" 127
"../../../Engine/Plugins/Experimental/CinematicPrestreaming/CinematicPrestreaming.uplugin" 128
"../../../Engine/Plugins/Experimental/ColorCorrectRegions/ColorCorrectRegions.uplugin" 129
"../../../Engine/Plugins/Experimental/CodeView/CodeView.uplugin" 130
"../../../Engine/Plugins/Experimental/CelestialVault/CelestialVault.uplugin" 131
"../../../Engine/Plugins/Experimental/CommonConversation/CommonConversation.uplugin" 132
"../../../Engine/Plugins/Experimental/ControlFlows/ControlFlows.uplugin" 133
"../../../Engine/Plugins/Experimental/Dataflow/Dataflow.uplugin" 134
"../../../Engine/Plugins/Experimental/DataLink/DataLink.uplugin" 135
"../../../Engine/Plugins/Experimental/DataLinkOAuth/DataLinkOAuth.uplugin" 136
"../../../Engine/Plugins/Experimental/DaySequence/DaySequence.uplugin" 137
"../../../Engine/Plugins/Experimental/DefaultInstallBundleManager/DefaultInstallBundleManager.uplugin" 138
"../../../Engine/Plugins/Experimental/DynamicMaterialMediaStreamBridge/DynamicMaterialMediaStreamBridge.uplugin" 139
"../../../Engine/Plugins/Experimental/CodeEditor/CodeEditor.uplugin" 140
"../../../Engine/Plugins/Experimental/EditorDataStorage/EditorDataStorage.uplugin" 141
"../../../Engine/Plugins/Experimental/EditorPerformance/EditorPerformance.uplugin" 142
"../../../Engine/Plugins/Experimental/EditorTelemetry/EditorTelemetry.uplugin" 143
"../../../Engine/Plugins/Experimental/EvaluationNotifies/EvaluationNotifies.uplugin" 144
"../../../Engine/Plugins/Experimental/FastGeoStreaming/FastGeoStreaming.uplugin" 145
"../../../Engine/Plugins/Experimental/EditorDataStorageFeatures/EditorDataStorageFeatures.uplugin" 146
"../../../Engine/Plugins/Experimental/FieldSystemPlugin/FieldSystemPlugin.uplugin" 147
"../../../Engine/Plugins/Experimental/FloatingProperties/FloatingProperties.uplugin" 148
"../../../Engine/Plugins/Experimental/Fracture/Fracture.uplugin" 149
"../../../Engine/Plugins/Experimental/GameInputWindows/GameInputWindows.uplugin" 150
"../../../Engine/Plugins/Messaging/UdpMessaging/UdpMessaging.uplugin" 151
"../../../Engine/Plugins/Experimental/GameplayBehaviors/GameplayBehaviors.uplugin" 152
"../../../Engine/Plugins/Experimental/GameplayGraph/GameplayGraph.uplugin" 153
"../../../Engine/Plugins/Experimental/Gauntlet/Gauntlet.uplugin" 154
"../../../Engine/Plugins/Experimental/GameplayTargetingSystem/TargetingSystem.uplugin" 155
"../../../Engine/Plugins/Experimental/GeometryCacheAbcFile/GeometryCacheAbcFile.uplugin" 156
"../../../Engine/Plugins/Experimental/GeometryCacheLevelSequenceBaker/GeometryCacheLevelSequenceBaker.uplugin" 157
"../../../Engine/Plugins/Experimental/GeometryCollectionPlugin/GeometryCollectionPlugin.uplugin" 158
"../../../Engine/Plugins/Experimental/GeometryDataflow/GeometryDataflow.uplugin" 159
"../../../Engine/Plugins/Experimental/GeometryFlow/GeometryFlow.uplugin" 160
"../../../Engine/Plugins/Experimental/GizmoEdMode/GizmoEdMode.uplugin" 161
"../../../Engine/Plugins/Experimental/GizmoFramework/GizmoFramework.uplugin" 162
"../../../Engine/Plugins/Experimental/GPULightmass/GPULightmass.uplugin" 163
"../../../Engine/Plugins/Experimental/HairModelingToolset/HairModelingToolset.uplugin" 164
"../../../Engine/Plugins/Experimental/HairStrandsMutable/HairStrandsMutable.uplugin" 165
"../../../Engine/Plugins/Experimental/ImagePlate/ImagePlate.uplugin" 166
"../../../Engine/Plugins/Experimental/ImageWidgets/ImageWidgets.uplugin" 167
"../../../Engine/Plugins/Experimental/ImpostorBaker/ImpostorBaker.uplugin" 168
"../../../Engine/Plugins/Experimental/InlineMaterialInstance/InlineMaterialInstance.uplugin" 169
"../../../Engine/Plugins/Experimental/InstanceDataObjectFixupTool/InstanceDataObjectFixupTool.uplugin" 170
"../../../Engine/Plugins/Experimental/InteractionInterface/InteractionInterface.uplugin" 171
"../../../Engine/Plugins/Experimental/Iris/Iris.uplugin" 172
"../../../Engine/Plugins/Experimental/JWT/JWT.uplugin" 173
"../../../Engine/Plugins/Experimental/LandscapePatch/LandscapePatch.uplugin" 174
"../../../Engine/Plugins/Experimental/LearningAgents/LearningAgents.uplugin" 175
"../../../Engine/Plugins/Experimental/LevelSequenceNavigatorBridge/LevelSequenceNavigatorBridge.uplugin" 176
"../../../Engine/Plugins/Experimental/LiveLinkControlRig/LiveLinkControlRig.uplugin" 177
"../../../Engine/Plugins/Experimental/LiveLinkFaceImporter/LiveLinkFaceImporter.uplugin" 178
"../../../Engine/Plugins/Experimental/LocalizableMessage/LocalizableMessage.uplugin" 179
"../../../Engine/Plugins/Experimental/LiveLinkOpenVR/LiveLinkOpenVR.uplugin" 180
"../../../Engine/Plugins/Experimental/LowLevelNetTrace/LowLevelNetTrace.uplugin" 181
"../../../Engine/Plugins/Experimental/MediaStream/MediaStream.uplugin" 182
"../../../Engine/Plugins/Experimental/MeshModelingToolsetExp/MeshModelingToolsetExp.uplugin" 183
"../../../Engine/Plugins/Experimental/MediaViewer/MediaViewer.uplugin" 184
"../../../Engine/Plugins/Experimental/MeshResizing/MeshResizing.uplugin" 185
"../../../Engine/Plugins/Experimental/MLflow/MLflow.uplugin" 186
"../../../Engine/Plugins/Experimental/MotorSimOutputMotoSynth/MotorSimOutputMotoSynth.uplugin" 187
"../../../Engine/Plugins/Experimental/MotoSynth/MotoSynth.uplugin" 188
"../../../Engine/Plugins/Media/HAPMedia/HAPMedia.uplugin" 189
"../../../Engine/Plugins/Experimental/Mover/Mover.uplugin" 190
"../../../Engine/Plugins/Experimental/MetasoundExperimental/MetasoundExperimental.uplugin" 191
"../../../Engine/Plugins/Experimental/MoverExamples/MoverExamples.uplugin" 192
"../../../Engine/Plugins/Experimental/MoverAnimNext/MoverAnimNext.uplugin" 193
"../../../Engine/Plugins/CmdLinkServer/CmdLinkServer.uplugin" 194
"../../../Engine/Plugins/Experimental/MoverTests/MoverTests.uplugin" 195
"../../../Engine/Plugins/Experimental/MovieScenePoseSearchTracks/MovieScenePoseSearchTracks.uplugin" 196
"../../../Engine/Plugins/Experimental/MutablePopulation/MutablePopulation.uplugin" 197
"../../../Engine/Plugins/Experimental/NaniteDisplacedMesh/NaniteDisplacedMesh.uplugin" 198
"../../../Engine/Plugins/Experimental/NeuralRendering/NeuralRendering.uplugin" 199
"../../../Engine/Plugins/Experimental/NFORDenoise/NFORDenoise.uplugin" 200
"../../../Engine/Plugins/Experimental/NNERuntimeBasicCpu/NNERuntimeBasicCpu.uplugin" 201
"../../../Engine/Plugins/Experimental/NNERuntimeCoreML/NNERuntimeCoreML.uplugin" 202
"../../../Engine/Plugins/Experimental/NNERuntimeIREE/NNERuntimeIREE.uplugin" 203
"../../../Engine/Plugins/Experimental/NNERuntimeRDG/NNERuntimeRDG.uplugin" 204
"../../../Engine/Plugins/Experimental/OpenImageDenoise/OpenImageDenoise.uplugin" 205
"../../../Engine/Plugins/Experimental/OptiXDenoise/OptiXDenoise.uplugin" 206
"../../../Engine/Plugins/Experimental/PanoramicCapture/PanoramicCapture.uplugin" 207
"../../../Engine/Plugins/Experimental/PCGBiomeCore/PCGBiomeCore.uplugin" 208
"../../../Engine/Plugins/Experimental/FullBodyIK/FullBodyIK.uplugin" 209
"../../../Engine/Plugins/Experimental/PhysicsControl/PhysicsControl.uplugin" 210
"../../../Engine/Plugins/Experimental/Landmass/Landmass.uplugin" 211
"../../../Engine/Plugins/Experimental/PixelStreamingPlayer/PixelStreamingPlayer.uplugin" 212
"../../../Engine/Plugins/Experimental/PlainProps/PlainProps.uplugin" 213
"../../../Engine/Plugins/Experimental/PlanarCutPlugin/PlanarCut.uplugin" 214
"../../../Engine/Plugins/Experimental/MoverIntegrations/MoverIntegrations.uplugin" 215
"../../../Engine/Plugins/Experimental/PlatformCrypto/PlatformCrypto.uplugin" 216
"../../../Engine/Plugins/Experimental/PluginReferenceViewer/PluginReferenceViewer.uplugin" 217
"../../../Engine/Plugins/Experimental/PluginAudit/PluginAudit.uplugin" 218
"../../../Engine/Plugins/Experimental/PluginTemplateTool/PluginTemplateTool.uplugin" 219
"../../../Engine/Plugins/Experimental/PostProcessMaterialChainGraph/PostProcessMaterialChainGraph.uplugin" 220
"../../../Engine/Plugins/Experimental/PSDImporter/PSDImporter.uplugin" 221
"../../../Engine/Plugins/Experimental/PythonFoundationPackages/PythonFoundationPackages.uplugin" 222
"../../../Engine/Plugins/Experimental/PSDImporterMaterialDesignerBridge/PSDImporterMaterialDesignerBridge.uplugin" 223
"../../../Engine/Plugins/Experimental/PythonScriptPlugin/PythonScriptPlugin.uplugin" 224
"../../../Engine/Plugins/Experimental/QuicMessaging/QuicMessaging.uplugin" 225
"../../../Engine/Plugins/Experimental/RawInput/RawInput.uplugin" 226
"../../../Engine/Plugins/Experimental/RazerChromaDevices/RazerChromaDevices.uplugin" 227
"../../../Engine/Plugins/Experimental/HairCardGenerator/HairCardGenerator.uplugin" 228
"../../../Engine/Plugins/Experimental/RemoteSession/RemoteSession.uplugin" 229
"../../../Engine/Plugins/Experimental/RenderGrid/RenderGrid.uplugin" 230
"../../../Engine/Plugins/Experimental/PCGBiomeSample/PCGBiomeSample.uplugin" 231
"../../../Engine/Plugins/Experimental/RigLogicAnimNext/RigLogicAnimNext.uplugin" 232
"../../../Engine/Plugins/Experimental/PlainPropsUObject/PlainPropsUObject.uplugin" 233
"../../../Engine/Plugins/Experimental/RuntimeTelemetry/RuntimeTelemetry.uplugin" 234
"../../../Engine/Plugins/Experimental/RigLogicMutable/RigLogicMutable.uplugin" 235
"../../../Engine/Plugins/Experimental/ScreenReader/ScreenReader.uplugin" 236
"../../../Engine/Plugins/Experimental/SecuritySandbox/SecuritySandbox.uplugin" 237
"../../../Engine/Plugins/Experimental/SerializationUtils/SerializationUtils.uplugin" 238
"../../../Engine/Plugins/Experimental/Shotgrid/Shotgrid.uplugin" 239
"../../../Engine/Plugins/Experimental/SequenceNavigator/SequenceNavigator.uplugin" 240
"../../../Engine/Plugins/Experimental/SimpleHMD/SimpleHMD.uplugin" 241
"../../../Engine/Plugins/Experimental/SlateIM/SlateIM.uplugin" 242
"../../../Engine/Plugins/Experimental/SlateScreenReader/SlateScreenReader.uplugin" 243
"../../../Engine/Plugins/Experimental/MovieSceneAnimMixer/MovieSceneAnimMixer.uplugin" 244
"../../../Engine/Plugins/Experimental/SpatialReadiness/SpatialReadiness.uplugin" 245
"../../../Engine/Plugins/Experimental/StateGraph/StateGraph.uplugin" 246
"../../../Engine/Plugins/Experimental/StructUtils/StructUtils.uplugin" 247
"../../../Engine/Plugins/Experimental/SubmitToolEditor/SubmitToolEditor.uplugin" 248
"../../../Engine/Plugins/Experimental/SurfaceEffects/SurfaceEffects.uplugin" 249
"../../../Engine/Plugins/Experimental/SubtitlesAndClosedCaptions/SubtitlesAndClosedCaptions.uplugin" 250
"../../../Engine/Plugins/Experimental/SVGImporter/SVGImporter.uplugin" 251
"../../../Engine/Plugins/Experimental/TargetDeviceServicesScripting/TargetDeviceServicesScripting.uplugin" 252
"../../../Engine/Plugins/Experimental/SkeletalReduction/SkeletalReduction.uplugin" 253
"../../../Engine/Plugins/Experimental/TechAudioTools/TechAudioTools.uplugin" 254
"../../../Engine/Plugins/Experimental/Tensorboard/Tensorboard.uplugin" 255
"../../../Engine/Plugins/Experimental/TetMeshing/TetMeshing.uplugin" 256
"../../../Engine/Plugins/Experimental/Text3D/Text3D.uplugin" 257
"../../../Engine/Plugins/Experimental/TextToSpeech/TextToSpeech.uplugin" 258
"../../../Engine/Plugins/Experimental/TextureMediaPlayer/TextureMediaPlayer.uplugin" 259
"../../../Engine/Plugins/Experimental/ToolPresets/ToolPresets.uplugin" 260
"../../../Engine/Plugins/Experimental/UIFramework/UIFramework.uplugin" 261
"../../../Engine/Plugins/Experimental/UserToolBoxBasicCommand/UserToolBoxBasicCommand.uplugin" 262
"../../../Engine/Plugins/Experimental/VirtualHeightfieldMesh/VirtualHeightfieldMesh.uplugin" 263
"../../../Engine/Plugins/Experimental/VirtualProductionUtilities/VirtualProductionUtilities.uplugin" 264
"../../../Engine/Plugins/Experimental/Volumetrics/Volumetrics.uplugin" 265
"../../../Engine/Plugins/Experimental/Water/Water.uplugin" 266
"../../../Engine/Plugins/Experimental/WaterAdvanced/WaterAdvanced.uplugin" 267
"../../../Engine/Plugins/Experimental/WaveFunctionCollapse/WaveFunctionCollapse.uplugin" 268
"../../../Engine/Plugins/Experimental/UserToolBoxCore/UserToolBoxCore.uplugin" 269
"../../../Engine/Plugins/Experimental/WebSocketMessaging/WebSocketMessaging.uplugin" 270
"../../../Engine/Plugins/Experimental/WebSocketNetworking/WebSocketNetworking.uplugin" 271
"../../../Engine/Plugins/Experimental/WidgetEditorToolPalette/WidgetEditorToolPalette.uplugin" 272
"../../../Engine/Plugins/Experimental/Workspace/Workspace.uplugin" 273
"../../../Engine/Plugins/Experimental/XRCreativeFramework/XRCreativeFramework.uplugin" 274
"../../../Engine/Plugins/MetaHuman/MetaHumanCalibrationProcessing/MetaHumanCalibrationProcessing.uplugin" 275
"../../../Engine/Plugins/MetaHuman/MetaHumanCharacter/MetaHumanCharacter.uplugin" 276
"../../../Engine/Plugins/MetaHuman/MetaHumanCoreTechLib/MetaHumanCoreTech.uplugin" 277
"../../../Engine/Plugins/MetaHuman/MetaHumanLiveLink/MetaHumanLiveLink.uplugin" 278
"../../../Engine/Plugins/MetaHuman/MetaHumanSDK/MetaHumanSDK.uplugin" 279
"../../../Engine/Plugins/VirtualProduction/ActorModifier/ActorModifier.uplugin" 280
"../../../Engine/Plugins/VirtualProduction/ActorModifierCore/ActorModifierCore.uplugin" 281
"../../../Engine/Plugins/Experimental/SlateModelViewViewModel/SlateModelViewViewModel.uplugin" 282
"../../../Engine/Plugins/VirtualProduction/Avalanche/Avalanche.uplugin" 283
"../../../Engine/Plugins/VirtualProduction/CameraCalibrationML/CameraCalibrationML.uplugin" 284
"../../../Engine/Plugins/VirtualProduction/CaptureData/CaptureData.uplugin" 285
"../../../Engine/Plugins/VirtualProduction/CinematicAssemblyTools/CinematicAssemblyTools.uplugin" 286
"../../../Engine/Plugins/VirtualProduction/ClonerEffector/ClonerEffector.uplugin" 287
"../../../Engine/Plugins/VirtualProduction/CompositePlane/CompositePlane.uplugin" 288
"../../../Engine/Plugins/VirtualProduction/CustomDetailsView/CustomDetailsView.uplugin" 289
"../../../Engine/Plugins/VirtualProduction/DataCharts/DataCharts.uplugin" 290
"../../../Engine/Plugins/VirtualProduction/DynamicMaterial/DynamicMaterial.uplugin" 291
"../../../Engine/Plugins/VirtualProduction/EpicStageApp/EpicStageApp.uplugin" 292
"../../../Engine/Plugins/VirtualProduction/ICVFX/ICVFX.uplugin" 293
"../../../Engine/Plugins/VirtualProduction/GeometryMask/GeometryMask.uplugin" 294
"../../../Engine/Plugins/Experimental/WaterExtras/WaterExtras.uplugin" 295
"../../../Engine/Plugins/VirtualProduction/ICVFXTesting/ICVFXTesting.uplugin" 296
"../../../Engine/Plugins/Experimental/RemoteControlComponents/RemoteControlComponents.uplugin" 297
"../../../Engine/Plugins/VirtualProduction/LiveLinkCamera/LiveLinkCamera.uplugin" 298
"../../../Engine/Plugins/VirtualProduction/LiveLinkFreeD/LiveLinkFreeD.uplugin" 299
"../../../Engine/Plugins/VirtualProduction/LiveLinkInputDevice/LiveLinkInputDevice.uplugin" 300
"../../../Engine/Plugins/VirtualProduction/LiveLinkLens/LiveLinkLens.uplugin" 301
"../../../Engine/Plugins/VirtualProduction/LiveLinkMasterLockit/LiveLinkMasterLockit.uplugin" 302
"../../../Engine/Plugins/VirtualProduction/LiveLinkOpenTrackIO/LiveLinkOpenTrackIO.uplugin" 303
"../../../Engine/Plugins/VirtualProduction/LiveLinkPrestonMDR/LiveLinkPrestonMDR.uplugin" 304
"../../../Engine/Plugins/VirtualProduction/LiveLinkVRPN/LiveLinkVRPN.uplugin" 305
"../../../Engine/Plugins/VirtualProduction/LiveLinkXR/LiveLinkXR.uplugin" 306
"../../../Engine/Plugins/VirtualProduction/MultiUserTakes/MultiUserTakes.uplugin" 307
"../../../Engine/Plugins/VirtualProduction/OperatorStack/OperatorStack.uplugin" 308
"../../../Engine/Plugins/VirtualProduction/PerformanceCaptureWorkflow/PerformanceCaptureWorkflow.uplugin" 309
"../../../Engine/Plugins/VirtualProduction/PropertyAnimator/PropertyAnimator.uplugin" 310
"../../../Engine/Plugins/VirtualProduction/PropertyAnimatorCore/PropertyAnimatorCore.uplugin" 311
"../../../Engine/Plugins/VirtualProduction/CameraCalibration/CameraCalibration.uplugin" 312
"../../../Engine/Plugins/VirtualProduction/RemoteControlInterception/RemoteControlInterception.uplugin" 313
"../../../Engine/Plugins/VirtualProduction/RemoteControlProtocolDMX/RemoteControlProtocolDMX.uplugin" 314
"../../../Engine/Plugins/VirtualProduction/RemoteControlProtocolMIDI/RemoteControlProtocolMIDI.uplugin" 315
"../../../Engine/Plugins/VirtualProduction/RemoteControlProtocolOSC/RemoteControlProtocolOSC.uplugin" 316
"../../../Engine/Plugins/VirtualProduction/SequencerPlaylists/SequencerPlaylists.uplugin" 317
"../../../Engine/Plugins/VirtualProduction/StormSync/StormSync.uplugin" 318
"../../../Engine/Plugins/VirtualProduction/LensComponent/LensComponent.uplugin" 319
"../../../Engine/Plugins/VirtualProduction/StormSyncAvalancheBridge/StormSyncAvalancheBridge.uplugin" 320
"../../../Engine/Plugins/VirtualProduction/RemoteControlWebInterface/RemoteControlWebInterface.uplugin" 321
"../../../Engine/Plugins/VirtualProduction/CameraCalibrationCore/CameraCalibrationCore.uplugin" 322
"../../../Engine/Plugins/MetaHuman/MetaHumanAnimator/MetaHuman.uplugin" 323
"../../../Engine/Plugins/VirtualProduction/Switchboard/Switchboard.uplugin" 324
"../../../Engine/Plugins/VirtualProduction/TextureShare/TextureShare.uplugin" 325
"../../../Engine/Plugins/VirtualProduction/LevelSnapshots/LevelSnapshots.uplugin" 326
"../../../Engine/Plugins/VirtualProduction/TimedDataMonitor/TimedDataMonitor.uplugin" 327
"../../../Engine/Plugins/VirtualProduction/VirtualCamera/VirtualCamera.uplugin" 328
"../../../Engine/Plugins/VirtualProduction/VirtualCameraCore/VirtualCameraCore.uplugin" 329
"../../../Engine/Plugins/VirtualProduction/Takes/Takes.uplugin" 330
"../../../Engine/Plugins/VirtualProduction/VirtualScouting/VirtualScouting.uplugin" 331
"../../../Engine/Plugins/VirtualProduction/RemoteControl/RemoteControl.uplugin" 332
"../../../Engine/Plugins/Portal/LauncherChunkInstaller/LauncherChunkInstaller.uplugin" 333
"../../../Engine/Plugins/Runtime/ActorLayerUtilities/ActorLayerUtilities.uplugin" 334
"../../../Engine/Plugins/Runtime/ADM/ADM.uplugin" 335
"../../../Engine/Plugins/Runtime/AndroidBackgroundService/AndroidBackgroundService.uplugin" 336
"../../../Engine/Plugins/Runtime/AndroidDeviceProfileSelector/AndroidDeviceProfileSelector.uplugin" 337
"../../../Engine/Plugins/Runtime/AndroidFileServer/AndroidFileServer.uplugin" 338
"../../../Engine/Plugins/Runtime/AndroidMoviePlayer/AndroidMoviePlayer.uplugin" 339
"../../../Engine/Plugins/Runtime/AndroidPermission/AndroidPermission.uplugin" 340
"../../../Engine/Plugins/Runtime/AnimationBudgetAllocator/AnimationBudgetAllocator.uplugin" 341
"../../../Engine/Plugins/Runtime/ApexDestruction/ApexDestruction.uplugin" 342
"../../../Engine/Plugins/Runtime/AppleImageUtils/AppleImageUtils.uplugin" 343
"../../../Engine/Plugins/Runtime/AppleMoviePlayer/AppleMoviePlayer.uplugin" 344
"../../../Engine/Plugins/Runtime/ArchVisCharacter/ArchVisCharacter.uplugin" 345
"../../../Engine/Plugins/Runtime/AssetTags/AssetTags.uplugin" 346
"../../../Engine/Plugins/Runtime/AudioCapture/AudioCapture.uplugin" 347
"../../../Engine/Plugins/Runtime/AudioModulation/AudioModulation.uplugin" 348
"../../../Engine/Plugins/Runtime/AudioMotorSim/AudioMotorSim.uplugin" 349
"../../../Engine/Plugins/Runtime/AudioSynesthesia/AudioSynesthesia.uplugin" 350
"../../../Engine/Plugins/Runtime/AudioWidgets/AudioWidgets.uplugin" 351
"../../../Engine/Plugins/Runtime/CableComponent/CableComponent.uplugin" 352
"../../../Engine/Plugins/Runtime/CommonUI/CommonUI.uplugin" 353
"../../../Engine/Plugins/Runtime/ComputeFramework/ComputeFramework.uplugin" 354
"../../../Engine/Plugins/Runtime/CustomMeshComponent/CustomMeshComponent.uplugin" 355
"../../../Engine/Plugins/Runtime/DataRegistry/DataRegistry.uplugin" 356
"../../../Engine/Plugins/Runtime/ChunkDownloader/ChunkDownloader.uplugin" 357
"../../../Engine/Plugins/Runtime/ExampleDeviceProfileSelector/ExampleDeviceProfileSelector.uplugin" 358
"../../../Engine/Plugins/Runtime/Firebase/Firebase.uplugin" 359
"../../../Engine/Plugins/Runtime/GameInput/GameInput.uplugin" 360
"../../../Engine/Plugins/Runtime/GameplayAbilities/GameplayAbilities.uplugin" 361
"../../../Engine/Plugins/Runtime/GameFeatures/GameFeatures.uplugin" 362
"../../../Engine/Plugins/Runtime/GameplayBehaviorSmartObjects/GameplayBehaviorSmartObjects.uplugin" 363
"../../../Engine/Plugins/Runtime/GameplayStateTree/GameplayStateTree.uplugin" 364
"../../../Engine/Plugins/Runtime/GameplayInteractions/GameplayInteractions.uplugin" 365
"../../../Engine/Plugins/Runtime/GeometryCache/GeometryCache.uplugin" 366
"../../../Engine/Plugins/Runtime/GeometryProcessing/GeometryProcessing.uplugin" 367
"../../../Engine/Plugins/Runtime/GeometryScripting/GeometryScripting.uplugin" 368
"../../../Engine/Plugins/Runtime/GeoReferencing/GeoReferencing.uplugin" 369
"../../../Engine/Plugins/Runtime/GoogleCloudMessaging/GoogleCloudMessaging.uplugin" 370
"../../../Engine/Plugins/Runtime/HairStrands/HairStrands.uplugin" 371
"../../../Engine/Plugins/Runtime/Harmonix/Harmonix.uplugin" 372
"../../../Engine/Plugins/VirtualProduction/StageMonitoring/StageMonitoring.uplugin" 373
"../../../Engine/Plugins/Runtime/HDRIBackdrop/HDRIBackdrop.uplugin" 374
"../../../Engine/Plugins/Runtime/GooglePAD/GooglePAD.uplugin" 375
"../../../Engine/Plugins/Runtime/HPMotionController/HPMotionController.uplugin" 376
"../../../Engine/Plugins/Runtime/HTTPChunkInstaller/HTTPChunkInstaller.uplugin" 377
"../../../Engine/Plugins/Runtime/InputDebugging/InputDebugging.uplugin" 378
"../../../Engine/Plugins/Runtime/InstancedActors/InstancedActors.uplugin" 379
"../../../Engine/Plugins/Runtime/IOSReplayKit/IOSReplayKit.uplugin" 380
"../../../Engine/Plugins/Runtime/IOSDeviceProfileSelector/IOSDeviceProfileSelector.uplugin" 381
"../../../Engine/Plugins/Runtime/LevelStreamingPersistence/LevelStreamingPersistence.uplugin" 382
"../../../Engine/Plugins/Runtime/LinuxDeviceProfileSelector/LinuxDeviceProfileSelector.uplugin" 383
"../../../Engine/Plugins/Runtime/LocationServicesAndroidImpl/LocationServicesAndroidImpl.uplugin" 384
"../../../Engine/Plugins/Runtime/LocationServicesBPLibrary/LocationServicesBPLibrary.uplugin" 385
"../../../Engine/Plugins/Experimental/SceneState/SceneState.uplugin" 386
"../../../Engine/Plugins/Runtime/LiveLinkOvernDisplay/LiveLinkOverNDisplay.uplugin" 387
"../../../Engine/Plugins/Runtime/LocationServicesIOSImpl/LocationServicesIOSImpl.uplugin" 388
"../../../Engine/Plugins/Runtime/MassEntity/MassEntity.uplugin" 389
"../../../Engine/Plugins/Runtime/MassGameplay/MassGameplay.uplugin" 390
"../../../Engine/Plugins/Runtime/Metasound/Metasound.uplugin" 391
"../../../Engine/Plugins/Runtime/MeshModelingToolset/MeshModelingToolset.uplugin" 392
"../../../Engine/Plugins/Runtime/MicrosoftSpatialAudio/MicroSoftSpatialSound.uplugin" 393
"../../../Engine/Plugins/Runtime/MixedRealityCaptureFramework/MixedRealityCaptureFramework.uplugin" 394
"../../../Engine/Plugins/Runtime/MobileFSR/MobileFSR.uplugin" 395
"../../../Engine/Plugins/Runtime/MobilePatchingUtils/MobilePatchingUtils.uplugin" 396
"../../../Engine/Plugins/Runtime/ModelViewViewModel/ModelViewViewModel.uplugin" 397
"../../../Engine/Plugins/Runtime/ModularGameplay/ModularGameplay.uplugin" 398
"../../../Engine/Plugins/Runtime/MsQuic/MsQuic.uplugin" 399
"../../../Engine/Plugins/Runtime/MultiServerReplication/MultiServerReplication.uplugin" 400
"../../../Engine/Plugins/Runtime/MusicEnvironment/MusicEnvironment.uplugin" 401
"../../../Engine/Plugins/Runtime/NavCorridor/NavCorridor.uplugin" 402
"../../../Engine/Plugins/Runtime/nDisplay/nDisplay.uplugin" 403
"../../../Engine/Plugins/Experimental/MutableClothing/MutableClothing.uplugin" 404
"../../../Engine/Plugins/Runtime/nDisplayModularFeatures/nDisplayModularFeatures.uplugin" 405
"../../../Engine/Plugins/Runtime/NetworkPredictionExtras/NetworkPredictionExtras.uplugin" 406
"../../../Engine/Plugins/Runtime/NetworkPredictionInsights/NetworkPredictionInsights.uplugin" 407
"../../../Engine/Plugins/Runtime/OpenCV/OpenCV.uplugin" 408
"../../../Engine/Plugins/Runtime/OpenXR/OpenXR.uplugin" 409
"../../../Engine/Plugins/Runtime/OpenXREyeTracker/OpenXREyeTracker.uplugin" 410
"../../../Engine/Plugins/Runtime/OpenXRHandTracking/OpenXRHandTracking.uplugin" 411
"../../../Engine/Plugins/Runtime/OpenXRMsftHandInteraction/OpenXRMsftHandInteraction.uplugin" 412
"../../../Engine/Plugins/Runtime/OpenXRViveTracker/OpenXRViveTracker.uplugin" 413
"../../../Engine/Plugins/Runtime/OSC/OSC.uplugin" 414
"../../../Engine/Plugins/Runtime/OptionalMobileFeaturesBPLibrary/OptionalMobileFeaturesBPLibrary.uplugin" 415
"../../../Engine/Plugins/Runtime/PreLoadScreenMoviePlayer/PreLoadScreenMoviePlayer.uplugin" 416
"../../../Engine/Plugins/Runtime/ProceduralMeshComponent/ProceduralMeshComponent.uplugin" 417
"../../../Engine/Plugins/Runtime/PropertyAccess/PropertyAccessEditor.uplugin" 418
"../../../Engine/Plugins/Runtime/PropertyBindingUtils/PropertyBindingUtils.uplugin" 419
"../../../Engine/Plugins/Runtime/RenderTrace/RenderTrace.uplugin" 420
"../../../Engine/Plugins/Runtime/ReplicationGraph/ReplicationGraph.uplugin" 421
"../../../Engine/Plugins/Runtime/ResonanceAudio/ResonanceAudio.uplugin" 422
"../../../Engine/Plugins/Runtime/ReplicationSystemTestPlugin/ReplicationSystemTestPlugin.uplugin" 423
"../../../Engine/Plugins/Runtime/RigVM/RigVM.uplugin" 424
"../../../Engine/Plugins/Runtime/ScriptableToolsFramework/ScriptableToolsFramework.uplugin" 425
"../../../Engine/Plugins/Runtime/SignificanceManager/SignificanceManager.uplugin" 426
"../../../Engine/Plugins/Runtime/SkeletalMerging/SkeletalMerging.uplugin" 427
"../../../Engine/Plugins/Runtime/SmartObjects/SmartObjects.uplugin" 428
"../../../Engine/Plugins/Runtime/SoundCueTemplates/SoundCueTemplates.uplugin" 429
"../../../Engine/Plugins/Runtime/SoundFields/SoundFields.uplugin" 430
"../../../Engine/Plugins/Runtime/SoundMod/SoundMod.uplugin" 431
"../../../Engine/Plugins/Runtime/SoundUtilities/SoundUtilities.uplugin" 432
"../../../Engine/Plugins/Runtime/Soundscape/Soundscape.uplugin" 433
"../../../Engine/Plugins/Runtime/Spatialization/Spatialization.uplugin" 434
"../../../Engine/Plugins/Runtime/StateTree/StateTree.uplugin" 435
"../../../Engine/Plugins/Runtime/SunPosition/SunPosition.uplugin" 436
"../../../Engine/Plugins/Runtime/USDCore/USDCore.uplugin" 437
"../../../Engine/Plugins/Runtime/WaveTable/WaveTable.uplugin" 438
"../../../Engine/Plugins/Runtime/Synthesis/Synthesis.uplugin" 439
"../../../Engine/Plugins/Runtime/WarpUtils/WarpUtils.uplugin" 440
"../../../Engine/Plugins/Runtime/WebBrowserNativeProxy/WebBrowserNativeProxy.uplugin" 441
"../../../Engine/Plugins/Runtime/WebBrowserWidget/WebBrowserWidget.uplugin" 442
"../../../Engine/Plugins/Runtime/WebMMoviePlayer/WebMMoviePlayer.uplugin" 443
"../../../Engine/Plugins/Runtime/WindowsDeviceProfileSelector/WindowsDeviceProfileSelector.uplugin" 444
"../../../Engine/Plugins/Runtime/WorldConditions/WorldConditions.uplugin" 445
"../../../Engine/Plugins/Runtime/XRBase/XRBase.uplugin" 446
"../../../Engine/Plugins/Runtime/ZoneGraphAnnotations/ZoneGraphAnnotations.uplugin" 447
"../../../Engine/Plugins/Runtime/ZoneGraph/ZoneGraph.uplugin" 448
"../../../Engine/Plugins/2D/Paper2D/Paper2D.uplugin" 449
"../../../Engine/Plugins/AI/AISupport/AISupport.uplugin" 450
"../../../Engine/Plugins/AI/EnvironmentQueryEditor/EnvironmentQueryEditor.uplugin" 451
"../../../Engine/Plugins/AI/HTNPlanner/HTNPlanner.uplugin" 452
"../../../Engine/Plugins/AI/MassAI/MassAI.uplugin" 453
"../../../Engine/Plugins/AI/MassCrowd/MassCrowd.uplugin" 454
"../../../Engine/Plugins/AI/MLAdapter/MLAdapter.uplugin" 455
"../../../Engine/Plugins/Animation/ACLPlugin/ACLPlugin.uplugin" 456
"../../../Engine/Plugins/Animation/AnimationData/AnimationData.uplugin" 457
"../../../Engine/Plugins/Animation/AnimationModifierLibrary/AnimationModifierLibrary.uplugin" 458
"../../../Engine/Plugins/Animation/AnimationWarping/AnimationWarping.uplugin" 459
"../../../Engine/Plugins/Animation/AnimatorKit/AnimatorKit.uplugin" 460
"../../../Engine/Plugins/Animation/AnimationLocomotionLibrary/AnimationLocomotionLibrary.uplugin" 461
"../../../Engine/Plugins/Animation/BlendSpaceMotionAnalysis/BlendSpaceMotionAnalysis.uplugin" 462
"../../../Engine/Plugins/Animation/ControlRigSpline/ControlRigSpline.uplugin" 463
"../../../Engine/Plugins/Animation/ControlRigModules/ControlRigModules.uplugin" 464
"../../../Engine/Plugins/Animation/BlendStack/BlendStack.uplugin" 465
"../../../Engine/Plugins/Animation/DNACalib/DNACalib.uplugin" 466
"../../../Engine/Plugins/Animation/DeformerGraph/DeformerGraph.uplugin" 467
"../../../Engine/Plugins/Animation/ControlRig/ControlRig.uplugin" 468
"../../../Engine/Plugins/Animation/GeneSplicer/GeneSplicer.uplugin" 469
"../../../Engine/Plugins/Animation/LiveLink/LiveLink.uplugin" 470
"../../../Engine/Plugins/Animation/IKRig/IKRig.uplugin" 471
"../../../Engine/Plugins/Animation/LiveLinkCurveDebugUI/LiveLinkCurveDebugUI.uplugin" 472
"../../../Engine/Plugins/Animation/LiveLinkDevice/LiveLinkDevice.uplugin" 473
"../../../Engine/Plugins/Animation/LiveLinkExampleDevice/LiveLinkExampleDevice.uplugin" 474
"../../../Engine/Plugins/Runtime/MIDIDevice/MIDIDevice.uplugin" 475
"../../../Engine/Plugins/Animation/LiveLinkHub/LiveLinkHub.uplugin" 476
"../../../Engine/Plugins/Animation/GameplayInsights/GameplayInsights.uplugin" 477
"../../../Engine/Plugins/Animation/MotionWarping/MotionWarping.uplugin" 478
"../../../Engine/Plugins/Animation/PerformanceCaptureCore/PerformanceCaptureCore.uplugin" 479
"../../../Engine/Plugins/Animation/PoseSearch/PoseSearch.uplugin" 480
"../../../Engine/Plugins/Animation/RigLogic/RigLogic.uplugin" 481
"../../../Engine/Plugins/Animation/SkeletalMeshModelingTools/SkeletalMeshModelingTools.uplugin" 482
"../../../Engine/Plugins/Animation/TweeningUtils/TweeningUtils.uplugin" 483
"../../../Engine/Plugins/Cameras/EngineCameras/EngineCameras.uplugin" 484
"../../../Engine/Plugins/Cameras/GameplayCameras/GameplayCameras.uplugin" 485
"../../../Engine/Plugins/Compositing/Composure/Composure.uplugin" 486
"../../../Engine/Plugins/Compositing/LensDistortion/LensDistortion.uplugin" 487
"../../../Engine/Plugins/Compositing/OpenColorIO/OpenColorIO.uplugin" 488
"../../../Engine/Plugins/Compositing/OpenCVLensDistortion/OpenCVLensDistortion.uplugin" 489
"../../../Engine/Plugins/Developer/AnimationSharing/AnimationSharing.uplugin" 490
"../../../Engine/Plugins/Developer/BlankPlugin/BlankPlugin.uplugin" 491
"../../../Engine/Plugins/Developer/CLionSourceCodeAccess/CLionSourceCodeAccess.uplugin" 492
"../../../Engine/Plugins/Developer/CodeLiteSourceCodeAccess/CodeLiteSourceCodeAccess.uplugin" 493
"../../../Engine/Plugins/Developer/DirectoryPlaceholder/DirectoryPlaceholder.uplugin" 494
"../../../Engine/Plugins/Developer/DumpGPUServices/DumpGPUServices.uplugin" 495
"../../../Engine/Plugins/Developer/FieldNotificationTrace/FieldNotificationTrace.uplugin" 496
"../../../Engine/Plugins/Developer/GitSourceControl/GitSourceControl.uplugin" 497
"../../../Engine/Plugins/Developer/NamingTokens/NamingTokens.uplugin" 498
"../../../Engine/Plugins/Developer/KDevelopSourceCodeAccess/KDevelopSourceCodeAccess.uplugin" 499
"../../../Engine/Plugins/Developer/NullSourceCodeAccess/NullSourceCodeAccess.uplugin" 500
"../../../Engine/Plugins/Developer/PerforceSourceControl/PerforceSourceControl.uplugin" 501
"../../../Engine/Plugins/Developer/N10XSourceCodeAccess/N10XSourceCodeAccess.uplugin" 502
"../../../Engine/Plugins/Developer/OneSkyLocalizationService/OneSkyLocalizationService.uplugin" 503
"../../../Engine/Plugins/Developer/PluginUtils/PluginUtils.uplugin" 504
"../../../Engine/Plugins/Developer/PlasticSourceControl/PlasticSourceControl.uplugin" 505
"../../../Engine/Plugins/Developer/ProjectLauncher/ProjectLauncher.uplugin" 506
"../../../Engine/Plugins/Developer/PropertyAccessNode/PropertyAccessNode.uplugin" 507
"../../../Engine/Plugins/Developer/RenderDocPlugin/RenderDocPlugin.uplugin" 508
"../../../Engine/Plugins/Developer/RiderSourceCodeAccess/RiderSourceCodeAccess.uplugin" 509
"../../../Engine/Plugins/Developer/TextureFormatOodle/TextureFormatOodle.uplugin" 510
"../../../Engine/Plugins/Developer/SubversionSourceControl/SubversionSourceControl.uplugin" 511
"../../../Engine/Plugins/Developer/TraceDataFiltering/TraceDataFilters.uplugin" 512
"../../../Engine/Plugins/Developer/UObjectPlugin/UObjectPlugin.uplugin" 513
"../../../Engine/Plugins/Developer/VisualStudioSourceCodeAccess/VisualStudioSourceCodeAccess.uplugin" 514
"../../../Engine/Plugins/Developer/TraceSourceFiltering/TraceSourceFilters.uplugin" 515
"../../../Engine/Plugins/Developer/XcodeGPUDebuggerPlugin/XcodeGPUDebuggerPlugin.uplugin" 516
"../../../Engine/Plugins/Developer/XCodeSourceCodeAccess/XCodeSourceCodeAccess.uplugin" 517
"../../../Engine/Plugins/Developer/VisualStudioCodeSourceCodeAccess/VisualStudioCodeSourceCodeAccess.uplugin" 518
"../../../Engine/Plugins/Editor/AssetManagerEditor/AssetManagerEditor.uplugin" 519
"../../../Engine/Plugins/Editor/AssetSearch/AssetSearch.uplugin" 520
"../../../Engine/Plugins/Editor/AssetRegistryExport/AssetRegistryExport.uplugin" 521
"../../../Engine/Plugins/Editor/BlueprintHeaderView/BlueprintHeaderView.uplugin" 522
"../../../Engine/Plugins/Editor/BlueprintMaterialTextureNodes/BlueprintMaterialTextureNodes.uplugin" 523
"../../../Engine/Plugins/Editor/AssetReferenceRestrictions/AssetReferenceRestrictions.uplugin" 524
"../../../Engine/Plugins/Runtime/NetworkPrediction/NetworkPrediction.uplugin" 525
"../../../Engine/Plugins/Editor/ConsoleVariablesEditor/ConsoleVariables.uplugin" 526
"../../../Engine/Plugins/Editor/CurveEditorTools/CurveEditorTools.uplugin" 527
"../../../Engine/Plugins/Editor/DisplayClusterLaunch/DisplayClusterLaunch.uplugin" 528
"../../../Engine/Plugins/Editor/DataValidation/DataValidation.uplugin" 529
"../../../Engine/Plugins/Editor/EditorDebugTools/EditorDebugTools.uplugin" 530
"../../../Engine/Plugins/Editor/EditorScriptingUtilities/EditorScriptingUtilities.uplugin" 531
"../../../Engine/Plugins/Editor/EditorSysConfigAssistant/EditorSysConfigAssistant.uplugin" 532
"../../../Engine/Plugins/Editor/EngineAssetDefinitions/EngineAssetDefinitions.uplugin" 533
"../../../Engine/Plugins/Editor/FacialAnimation/FacialAnimation.uplugin" 534
"../../../Engine/Plugins/Editor/GameplayTagsEditor/GameplayTagsEditor.uplugin" 535
"../../../Engine/Plugins/Editor/GeometryMode/GeometryMode.uplugin" 536
"../../../Engine/Plugins/Editor/CryptoKeys/CryptoKeys.uplugin" 537
"../../../Engine/Plugins/Editor/GuidedTutorials/GuidedTutorials.uplugin" 538
"../../../Engine/Plugins/Editor/LiveUpdateForSlate/LiveUpdateForSlate.uplugin" 539
"../../../Engine/Plugins/Editor/MacGraphicsSwitching/MacGraphicsSwitching.uplugin" 540
"../../../Engine/Plugins/Editor/ChangelistReview/ChangelistReview.uplugin" 541
"../../../Engine/Plugins/Editor/MaterialAnalyzer/MaterialAnalyzer.uplugin" 542
"../../../Engine/Plugins/Editor/MakeCookedEditorAsDLC/MakeCookedEditorAsDLC.uplugin" 543
"../../../Engine/Plugins/Editor/MeshLODToolset/MeshLODToolset.uplugin" 544
"../../../Engine/Plugins/Editor/MobileLauncherProfileWizard/MobileLauncherProfileWizard.uplugin" 545
"../../../Engine/Plugins/Editor/ModelingToolsEditorMode/ModelingToolsEditorMode.uplugin" 546
"../../../Engine/Plugins/Editor/ModelViewViewModelPreview/ModelViewViewModelPreview.uplugin" 547
"../../../Engine/Plugins/Editor/PluginBrowser/PluginBrowser.uplugin" 548
"../../../Engine/Plugins/Editor/ProxyLODPlugin/ProxyLODPlugin.uplugin" 549
"../../../Engine/Plugins/Editor/SampleToolsEditorMode/SampleToolsEditorMode.uplugin" 550
"../../../Engine/Plugins/Editor/ScriptableToolsEditorMode/ScriptableToolsEditorMode.uplugin" 551
"../../../Engine/Plugins/Editor/SequencerAnimTools/SequencerAnimTools.uplugin" 552
"../../../Engine/Plugins/Editor/SpeedTreeImporter/SpeedTreeImporter.uplugin" 553
"../../../Engine/Plugins/Editor/UMGWidgetPreview/UMGWidgetPreview.uplugin" 554
"../../../Engine/Plugins/Editor/UVEditor/UVEditor.uplugin" 555
"../../../Engine/Plugins/Editor/WaveformEditor/WaveformEditor.uplugin" 556
"../../../Engine/Plugins/Editor/WorldPartitionHLODUtilities/WorldPartitionHLODUtilities.uplugin" 557
"../../../Engine/Plugins/Enterprise/AxFImporter/AxFImporter.uplugin" 558
"../../../Engine/Plugins/Enterprise/DataprepEditor/DataprepEditor.uplugin" 559
"../../../Engine/Plugins/Enterprise/DatasmithC4DImporter/DatasmithC4DImporter.uplugin" 560
"../../../Engine/Plugins/Enterprise/DatasmithCADImporter/DatasmithCADImporter.uplugin" 561
"../../../Engine/Plugins/Enterprise/DatasmithContent/DatasmithContent.uplugin" 562
"../../../Engine/Plugins/Enterprise/DatasmithImporter/DatasmithImporter.uplugin" 563
"../../../Engine/Plugins/Enterprise/GLTFExporter/GLTFExporter.uplugin" 564
"../../../Engine/Plugins/Enterprise/DatasmithFBXImporter/DatasmithFBXImporter.uplugin" 565
"../../../Engine/Plugins/Enterprise/LidarPointCloud/LidarPointCloud.uplugin" 566
"../../../Engine/Plugins/Enterprise/VariantManager/VariantManager.uplugin" 567
"../../../Engine/Plugins/Enterprise/MDLImporter/MDLImporter.uplugin" 568
"../../../Engine/Plugins/Enterprise/VariantManagerContent/VariantManagerContent.uplugin" 569
"../../../Engine/Plugins/Importers/AlembicHairImporter/AlembicHairImporter.uplugin" 570
"../../../Engine/Plugins/Importers/AlembicImporter/AlembicImporter.uplugin" 571
"../../../Engine/Plugins/Importers/USDImporter/USDImporter.uplugin" 572
"../../../Engine/Plugins/Importers/USDImporterMDL/USDImporterMDL.uplugin" 573
"../../../Engine/Plugins/MovieScene/ActorSequence/ActorSequence.uplugin" 574
"../../../Engine/Plugins/Importers/USDMultiUser/USDMultiUser.uplugin" 575
"../../../Engine/Plugins/MovieScene/CustomizableSequencerTracks/CustomizableSequencerTracks.uplugin" 576
"../../../Engine/Plugins/MovieScene/LevelSequenceEditor/LevelSequenceEditor.uplugin" 577
"../../../Engine/Plugins/MovieScene/MovieRenderPipeline/MovieRenderPipeline.uplugin" 578
"../../../Engine/Plugins/MovieScene/MoviePipelineMaskRenderPass/MoviePipelineMaskRenderPass.uplugin" 579
"../../../Engine/Plugins/MovieScene/MovieSceneTextTrack/MovieSceneTextTrack.uplugin" 580
"../../../Engine/Plugins/MovieScene/ReplayTracks/ReplayTracks.uplugin" 581
"../../../Engine/Plugins/MovieScene/SequencerScripting/SequencerScripting.uplugin" 582
"../../../Engine/Plugins/MovieScene/TemplateSequence/TemplateSequence.uplugin" 583
"../../../Engine/Plugins/NetcodeUnitTest/NetcodeUnitTest/NetcodeUnitTest.uplugin" 584
"../../../Engine/Plugins/NetcodeUnitTest/NUTUnrealEngine/NUTUnrealEngine.uplugin" 585
"../../../Engine/Plugins/Online/EOSOverlayInputProvider/EOSOverlayInputProvider.uplugin" 586
"../../../Engine/Plugins/Online/EOSShared/EOSShared.uplugin" 587
"../../../Engine/Plugins/Online/OnlineFramework/OnlineFramework.uplugin" 588
"../../../Engine/Plugins/Online/OnlineServices/OnlineServices.uplugin" 589
"../../../Engine/Plugins/Online/OnlineServicesEOS/OnlineServicesEOS.uplugin" 590
"../../../Engine/Plugins/Online/OnlineBase/OnlineBase.uplugin" 591
"../../../Engine/Plugins/Online/OnlineServicesEOSGS/OnlineServicesEOSGS.uplugin" 592
"../../../Engine/Plugins/Online/OnlineServicesNull/OnlineServicesNull.uplugin" 593
"../../../Engine/Plugins/Online/OnlineServicesOSSAdapter/OnlineServicesOSSAdapter.uplugin" 594
"../../../Engine/Plugins/Online/OnlineServicesEpicCommon/OnlineServicesEpicCommon.uplugin" 595
"../../../Engine/Plugins/Online/OnlineSubsystem/OnlineSubsystem.uplugin" 596
"../../../Engine/Plugins/Online/OnlineSubsystemApple/OnlineSubsystemApple.uplugin" 597
"../../../Engine/Plugins/Online/OnlineSubsystemAmazon/OnlineSubsystemAmazon.uplugin" 598
"../../../Engine/Plugins/Online/OnlineSubsystemEOS/OnlineSubsystemEOS.uplugin" 599
"../../../Engine/Plugins/Online/OnlineSubsystemFacebook/OnlineSubsystemFacebook.uplugin" 600
"../../../Engine/Plugins/Online/OnlineSubsystemGoogle/OnlineSubsystemGoogle.uplugin" 601
"../../../Engine/Plugins/Online/OnlineSubsystemNull/OnlineSubsystemNull.uplugin" 602
"../../../Engine/Plugins/Online/OnlineSubsystemSteam/OnlineSubsystemSteam.uplugin" 603
"../../../Engine/Plugins/Online/OnlineSubsystemTencent/OnlineSubsystemTencent.uplugin" 604
"../../../Engine/Plugins/Online/OnlineSubsystemUtils/OnlineSubsystemUtils.uplugin" 605
"../../../Engine/Plugins/Online/SocketSubsystemSteamIP/SocketSubsystemSteamIP.uplugin" 606
"../../../Engine/Plugins/Online/WebAuth/WebAuth.uplugin" 607
"../../../Engine/Plugins/Protocols/MQTT/MQTT.uplugin" 608
"../../../Engine/Plugins/Online/SocketSubsystemEOS/SocketSubsystemEOS.uplugin" 609
"../../../Engine/Plugins/Slate/SlateInsights/SlateInsights.uplugin" 610
"../../../Engine/Plugins/Editor/StaticMeshEditorModeling/StaticMeshEditorModeling.uplugin" 611
"../../../Engine/Plugins/Slate/SlateScripting/SlateScripting.uplugin" 612
"../../../Engine/Plugins/Tests/AutomationDriverTests/AutomationDriverTests.uplugin" 613
"../../../Engine/Plugins/Tests/CQTestEnhancedInput/CQTestEnhancedInput.uplugin" 614
"../../../Engine/Plugins/Tests/CQTest/CQTest.uplugin" 615
"../../../Engine/Plugins/Tests/EditorTests/EditorTests.uplugin" 616
"../../../Engine/Plugins/Tests/FbxAutomationTestBuilder/FbxAutomationTestBuilder.uplugin" 617
"../../../Engine/Plugins/Tests/FunctionalTestingEditor/FunctionalTestingEditor.uplugin" 618
"../../../Engine/Plugins/Tests/PythonAutomationTest/PythonAutomationTest.uplugin" 619
"../../../Engine/Plugins/Tests/InterchangeTests/InterchangeTests.uplugin" 620
"../../../Engine/Plugins/Tests/RHITests/RHITests.uplugin" 621
"../../../Engine/Plugins/Tests/RuntimeTests/RuntimeTests.uplugin" 622
"../../../Engine/Plugins/Tests/TestFramework/TestFramework.uplugin" 623
"../../../Engine/Plugins/Tests/TestSamples/TestSamples.uplugin" 624
"../../../Engine/Plugins/Tests/WidgetAutomationTests/WidgetAutomationTests.uplugin" 625
"../../../Engine/Plugins/Web/HttpBlueprint/HttpBlueprint.uplugin" 626
"../../../Engine/Plugins/Editor/ColorGrading/ColorGrading.uplugin" 627
"../../../Engine/Plugins/Developer/PixWinPlugin/PixWinPlugin.uplugin" 628
"../../../Engine/Plugins/Runtime/Nvidia/Reflex/Reflex.uplugin" 629
"../../../Engine/Plugins/Runtime/Nvidia/GeForceNOWWrapper/GeForceNOWWrapper.uplugin" 630
"../../../Engine/Plugins/Runtime/Steam/SteamAudio/SteamAudio.uplugin" 631
"../../../Engine/Plugins/Runtime/Steam/SteamController/SteamController.uplugin" 632
"../../../Engine/Plugins/Runtime/Steam/SteamSockets/SteamSockets.uplugin" 633
"../../../Engine/Plugins/Runtime/Steam/SteamShared/SteamShared.uplugin" 634
"../../../Engine/Plugins/Interchange/Extensions/OpenUSD/InterchangeOpenUSD.uplugin" 635
"../../../Engine/Plugins/Experimental/Enterprise/DataprepGeometryOperations/DataprepGeometryOperations.uplugin" 636
"../../../Engine/Plugins/Experimental/Enterprise/DatasmithInterchange/DatasmithInterchange.uplugin" 637
"../../../Engine/Plugins/Runtime/Analytics/Adjust/Adjust.uplugin" 638
"../../../Engine/Plugins/Experimental/MetaHuman/MetaHumanRuntime/MetaHumanRuntime.uplugin" 639
"../../../Engine/Plugins/Runtime/WindowsMoviePlayer/WindowsMoviePlayer.uplugin" 640
"../../../Engine/Plugins/Experimental/Enterprise/DatasmithRuntime/DatasmithRuntime.uplugin" 641
"../../../Engine/Plugins/Runtime/Analytics/AnalyticsBlueprintLibrary/AnalyticsBlueprintLibrary.uplugin" 642
"../../../Engine/Plugins/Runtime/Analytics/FileLogging/FileLogging.uplugin" 643
"../../../Engine/Plugins/Runtime/MeshReconstruction/DummyMeshReconstructor/DummyMeshReconstructor.uplugin" 644
"../../../Engine/Plugins/Runtime/Analytics/AnalyticsMulticast/AnalyticsMulticast.uplugin" 645
"../../../Engine/Plugins/Animation/MLDeformer/ChaosClothGenerator/ChaosClothGenerator.uplugin" 646
"../../../Engine/Plugins/Animation/MLDeformer/NearestNeighborModel/NearestNeighborModel.uplugin" 647
"../../../Engine/Plugins/Interchange/Extensions/OpenVDB/InterchangeOpenVDB.uplugin" 648
"../../../Engine/Plugins/Animation/MLDeformer/NeuralMorphModel/NeuralMorphModel.uplugin" 649
"../../../Engine/Plugins/Experimental/CharacterFXEditor/BaseCharacterFXEditor/BaseCharacterFXEditor.uplugin" 650
"../../../Engine/Plugins/Animation/MLDeformer/VertexDeltaModel/VertexDeltaModel.uplugin" 651
"../../../Engine/Plugins/Runtime/Advertising/IOSTapJoy/IOSTapJoy.uplugin" 652
"../../../Engine/Plugins/Experimental/VirtualProduction/LedWallCalibration/LedWallCalibration.uplugin" 653
"../../../Engine/Plugins/Experimental/VirtualProduction/VPSettings/VPSettings.uplugin" 654
"../../../Engine/Plugins/Runtime/PacketHandlers/AESGCMHandlerComponent/AESGCMHandlerComponent.uplugin" 655
"../../../Engine/Plugins/Animation/MLDeformer/ChaosFleshGenerator/ChaosFleshGenerator.uplugin" 656
"../../../Engine/Plugins/Animation/MLDeformer/MLDeformerFramework/MLDeformerFramework.uplugin" 657
"../../../Engine/Plugins/Experimental/CharacterFXEditor/ExampleCharacterFXEditor/ExampleCharacterFXEditor.uplugin" 658
"../../../Engine/Plugins/Runtime/PacketHandlers/DTLSHandlerComponent/DTLSHandlerComponent.uplugin" 659
"../../../Engine/Plugins/Runtime/Windows/WinDualShock/WinDualShock.uplugin" 660
"../../../Engine/Plugins/Runtime/Windows/XInputDevice/XInputDevice.uplugin" 661
"../../../Engine/Plugins/Editor/ContentBrowser/ContentBrowserAliasDataSource/ContentBrowserAliasDataSource.uplugin" 662
"../../../Engine/Plugins/Editor/ContentBrowser/ContentBrowserAssetDataSource/ContentBrowserAssetDataSource.uplugin" 663
"../../../Engine/Plugins/Editor/ContentBrowser/ContentBrowserClassDataSource/ContentBrowserClassDataSource.uplugin" 664
"../../../Engine/Plugins/Editor/ContentBrowser/ContentBrowserFileDataSource/ContentBrowserFileDataSource.uplugin" 665
"../../../Engine/Plugins/Editor/ObjectMixer/LightMixer/LightMixer.uplugin" 666
"../../../Engine/Plugins/Editor/ObjectMixer/ObjectMixer/ObjectMixer.uplugin" 667
"../../../Engine/Plugins/Experimental/Animation/ContextualAnimation/ContextualAnimation.uplugin" 668
"../../../Engine/Plugins/Experimental/Animation/CurveExpression/CurveExpression.uplugin" 669
"../../../Engine/Plugins/Experimental/Animation/HierarchyTable/HierarchyTable.uplugin" 670
"../../../Engine/Plugins/Experimental/Animation/HierarchyTableAnimation/HierarchyTableAnimation.uplugin" 671
"../../../Engine/Plugins/Experimental/Animation/Locomotor/Locomotor.uplugin" 672
"../../../Engine/Plugins/Experimental/Animation/MotionTrajectory/MotionTrajectory.uplugin" 673
"../../../Engine/Plugins/Experimental/Animation/Optimus/Optimus.uplugin" 674
"../../../Engine/Plugins/Experimental/Animation/PackedAttributes/PackedAttributes.uplugin" 675
"../../../Engine/Plugins/Experimental/Animation/RigMapper/RigMapper.uplugin" 676
"../../../Engine/Plugins/Experimental/Animation/SkeletalMeshMorphTargetEditingTools/SkeletalMeshMorphTargetEditingTools.uplugin" 677
"../../../Engine/Plugins/Experimental/Animation/SkeletonTemplateFramework/SkeletonTemplateFramework.uplugin" 678
"../../../Engine/Plugins/Experimental/Animation/TrajectoryTools/TrajectoryTools.uplugin" 679
"../../../Engine/Plugins/Experimental/Compositing/CompositeCore/CompositeCore.uplugin" 680
"../../../Engine/Plugins/Experimental/Compositing/HoldoutComposite/HoldoutComposite.uplugin" 681
"../../../Engine/Plugins/Runtime/XR/XRScribe/XRScribe.uplugin" 682
"../../../Engine/Plugins/Runtime/XR/XRVisualization/XRVisualization.uplugin" 683
"../../../Engine/Plugins/Developer/Concert/ConcertMain/ConcertMain.uplugin" 684
"../../../Engine/Plugins/Cameras/CameraShakePreviewer/CameraShakePreviewer.uplugin" 685
"../../../Engine/Plugins/Online/Android/AndroidFetchBackgroundDownload/AndroidFetchBackgroundDownload.uplugin" 686
"../../../Engine/Plugins/Experimental/VirtualProduction/VPRoles/VPRoles.uplugin" 687
"../../../Engine/Plugins/Online/Android/OnlineSubsystemGooglePlay/OnlineSubsystemGooglePlay.uplugin" 688
"../../../Engine/Plugins/Online/IOS/OnlineSubsystemIOS/OnlineSubsystemIOS.uplugin" 689
"../../../Engine/Plugins/Online/VoiceChat/VoiceChat/VoiceChat.uplugin" 690
"../../../Engine/Plugins/Online/VoiceChat/EOSVoiceChat/EOSVoiceChat.uplugin" 691
"../../../Engine/Plugins/Experimental/PCGInterops/PCGInstancedActorsInterop/PCGInstancedActorsInterop.uplugin" 692
"../../../Engine/Plugins/Experimental/Web/WebAPI/WebAPI.uplugin" 693
"../../../Engine/Plugins/Experimental/PCGInterops/PCGNiagaraInterop/PCGNiagaraInterop.uplugin" 694
"../../../Engine/Plugins/VirtualProduction/CaptureManager/CaptureManagerApp/CaptureManagerApp.uplugin" 695
"../../../Engine/Plugins/VirtualProduction/CaptureManager/CaptureManagerCore/CaptureManagerCore.uplugin" 696
"../../../Engine/Plugins/VirtualProduction/CaptureManager/CaptureManagerDevices/CaptureManagerDevices.uplugin" 697
"../../../Engine/Plugins/VirtualProduction/CaptureManager/CaptureManagerEditor/CaptureManagerEditor.uplugin" 698
"../../../Engine/Plugins/VirtualProduction/DMX/DatasmithMVR/DatasmithMVR.uplugin" 699
"../../../Engine/Plugins/VirtualProduction/DMX/DMXControlConsole/DMXControlConsole.uplugin" 700
"../../../Engine/Plugins/VirtualProduction/DMX/DMXDisplayCluster/DMXDisplayCluster.uplugin" 701
"../../../Engine/Plugins/VirtualProduction/DMX/DMXEngine/DMXEngine.uplugin" 702
"../../../Engine/Plugins/VirtualProduction/DMX/DMXFixtures/DMXFixtures.uplugin" 703
"../../../Engine/Plugins/VirtualProduction/DMX/DMXModularFeatures/DMXModularFeatures.uplugin" 704
"../../../Engine/Plugins/VirtualProduction/DMX/DMXPixelMapping/DMXPixelMapping.uplugin" 705
"../../../Engine/Plugins/VirtualProduction/DMX/DMXProtocol/DMXProtocol.uplugin" 706
"../../../Engine/Plugins/Runtime/Database/ADOSupport/ADOSupport.uplugin" 707
"../../../Engine/Plugins/Runtime/Database/DatabaseSupport/DatabaseSupport.uplugin" 708
"../../../Engine/Plugins/Runtime/Database/RemoteDatabaseSupport/RemoteDatabaseSupport.uplugin" 709
"../../../Engine/Plugins/Runtime/Database/SQLiteCore/SQLiteCore.uplugin" 710
"../../../Engine/Plugins/Runtime/Database/SQLiteSupport/SQLiteSupport.uplugin" 711
"../../../Engine/Plugins/Experimental/AVCodecs/AMFCodecs/AMFCodecs.uplugin" 712
"../../../Engine/Plugins/Editor/StylusInput/StylusInput.uplugin" 713
"../../../Engine/Plugins/Experimental/AVCodecs/AVCodecsCore/AVCodecsCore.uplugin" 714
"../../../Engine/Plugins/Experimental/AVCodecs/NVCodecs/NVCodecs.uplugin" 715
"../../../Engine/Plugins/Experimental/AVCodecs/VTCodecs/VTCodecs.uplugin" 716
"../../../Engine/Plugins/VirtualProduction/Rivermax/RivermaxCore/RivermaxCore.uplugin" 717
"../../../Engine/Plugins/Editor/Localization/PortableObjectFileDataSource/PortableObjectFileDataSource.uplugin" 718
"../../../Engine/Plugins/VirtualProduction/Rivermax/RivermaxSync/RivermaxSync.uplugin" 719
"../../../Engine/Plugins/VirtualProduction/Rivermax/RivermaxMedia/RivermaxMedia.uplugin" 720
"../../../Engine/Plugins/Runtime/PacketHandlers/AESHandlerComponent/AESHandlerComponent.uplugin" 721
"../../../Engine/Plugins/Runtime/AR/ARUtilities/ARUtilities.uplugin" 722
"../../../Engine/Plugins/Experimental/AVCodecs/LibVpxCodecs/LibVpxCodecs.uplugin" 723
"../../../Engine/Plugins/Experimental/Animation/MLDeformer/DetailPoseModel/DetailPoseModel.uplugin" 724
"../../../Engine/Plugins/Runtime/AR/Google/GoogleARCore/GoogleARCore.uplugin" 725
"../../../Engine/Plugins/Developer/Concert/ConcertScripting/ConcertReplicationScripting/ConcertReplicationScripting.uplugin" 726
"../../../Engine/Plugins/Runtime/AR/Google/GoogleARCoreServices/GoogleARCoreServices.uplugin" 727
"../../../Engine/Plugins/Developer/Concert/ConcertApp/DisasterRecoveryClient/DisasterRecoveryClient.uplugin" 728
"../../../Engine/Plugins/Developer/Concert/ConcertApp/MultiUserClient/MultiUserClient.uplugin" 729
"../../../Engine/Plugins/Developer/Concert/ConcertApp/MultiUserServer/MultiUserServer.uplugin" 730
"../../../Engine/Plugins/Developer/Concert/ConcertUI/ConcertClientSharedSlate/ConcertClientSharedSlate.uplugin" 731
"../../../Engine/Plugins/VirtualProduction/DMX/DMXGDTF/DMXGDTF.uplugin" 732
"../../../Engine/Plugins/Experimental/PCGInterops/PCGWaterInterop/PCGWaterInterop.uplugin" 733
"../../../Engine/Plugins/Developer/Concert/ConcertUI/ConcertSharedSlate/ConcertSharedSlate.uplugin" 734
"../../../Engine/Plugins/Runtime/AR/AppleAR/AppleARKit/AppleARKit.uplugin" 735
"../../../Engine/Plugins/Runtime/AR/AppleAR/AppleARKitFaceSupport/AppleARKitFaceSupport.uplugin" 736
"../../../Engine/Plugins/Experimental/AVCodecs/WMFCodecs/WMFCodecs.uplugin" 737
"../../../Engine/Plugins/Developer/Concert/ConcertInsights/ConcertInsightsClient/ConcertInsightsClient.uplugin" 738
"../../../Engine/Plugins/Developer/Concert/ConcertInsights/ConcertInsightsCore/ConcertInsightsCore.uplugin" 739
"../../../Engine/Plugins/Developer/Concert/ConcertInsights/ConcertInsightsServer/ConcertInsightsServer.uplugin" 740
"../../../Engine/Plugins/Developer/Concert/ConcertInsights/ConcertInsightsVisualizer/ConcertInsightsVisualizer.uplugin" 741
"../../../Engine/Plugins/Developer/Concert/ConcertSync/ConcertSyncClient/ConcertSyncClient.uplugin" 742
"../../../Engine/Plugins/Developer/Concert/ConcertSync/ConcertSyncCore/ConcertSyncCore.uplugin" 743
"../../../Engine/Plugins/Developer/Concert/ConcertSync/ConcertSyncServer/ConcertSyncServer.uplugin" 744
"../../../Engine/Plugins/Developer/Concert/ConcertSync/ConcertSyncTest/ConcertSyncTest.uplugin" 745
"../../../Engine/Platforms/Android/Plugins/RigLogic/RigLogic_Android.uplugin" 746
"../../../Engine/Platforms/Android/Plugins/Animation/ACLPlugin/ACLPlugin_Android.uplugin" 747
"../../../Engine/Platforms/IOS/Plugins/RigLogic/RigLogic_IOS.uplugin" 748
"C:/Users/kacpe/Desktop/GitHub/Game/Plugins/VisualStudioTools/VisualStudioTools.uplugin" 749
"../../../Engine/Content/Internationalization/icudt64l/cnvalias.icu" 750
"../../../Engine/Content/Internationalization/icudt64l/res_index.res" 751
"../../../Engine/Content/Internationalization/icudt64l/plurals.res" 752
"../../../Engine/Content/Internationalization/icudt64l/lang/pl.res" 753
"../../../Engine/Content/Internationalization/icudt64l/lang/pool.res" 754
"../../../Engine/Content/Internationalization/icudt64l/lang/root.res" 755
"../../../Engine/Content/Internationalization/icudt64l/region/pl.res" 756
"../../../Engine/Content/Internationalization/icudt64l/region/pool.res" 757
"../../../Engine/Content/Internationalization/icudt64l/region/root.res" 758
"../../../Engine/Content/Internationalization/icudt64l/lang/en.res" 759
"../../../Engine/Content/Internationalization/icudt64l/region/en.res" 760
"../../../Engine/Content/Internationalization/icudt64l/windowsZones.res" 761
"../../../Engine/Content/Internationalization/icudt64l/zoneinfo64.res" 762
"../../../Engine/Content/Internationalization/icudt64l/keyTypeData.res" 763
"../../../Engine/Content/Internationalization/icudt64l/timezoneTypes.res" 764
"../../../Engine/Content/Internationalization/icudt64l/likelySubtags.res" 765
"../../../Engine/Content/Internationalization/icudt64l/pl_PL.res" 766
"../../../Engine/Content/Internationalization/icudt64l/pool.res" 767
"../../../Engine/Content/Internationalization/icudt64l/pl.res" 768
"../../../Engine/Content/Internationalization/icudt64l/root.res" 769
"../../../Engine/Content/Internationalization/icudt64l/supplementalData.res" 770
"../../../Engine/Config/ConfigRedirects.ini" 771
"C:/Users/kacpe/AppData/Local/UnrealEngine/5.6/Saved/Config/WindowsEditor/Manifest.ini" 772
"../../../Engine/Config/BaseEngine.ini" 773
"../../../Engine/Config/Windows/BaseWindowsEngine.ini" 774
"../../../../../../Users/kacpe/Desktop/GitHub/Game/Config/DefaultEngine.ini" 775
"../../../Engine/Config/BaseGame.ini" 776
"../../../../../../Users/kacpe/Desktop/GitHub/Game/Config/DefaultGame.ini" 777
"../../../Engine/Config/Windows/WindowsGame.ini" 778
"C:/Users/kacpe/Desktop/GitHub/Game/Saved/Config/WindowsEditor/Game.ini" 779
"../../../Engine/Config/BaseInput.ini" 780
"../../../Engine/Config/Windows/BaseWindowsInput.ini" 781
"../../../../../../Users/kacpe/Desktop/GitHub/Game/Config/DefaultInput.ini" 782
"../../../Engine/Config/Windows/WindowsInput.ini" 783
"../../../Engine/Config/BaseDeviceProfiles.ini" 784
"../../../Engine/Config/BaseGameUserSettings.ini" 785
"C:/Users/kacpe/Desktop/GitHub/Game/Saved/Config/WindowsEditor/GameUserSettings.ini" 786
"../../../Engine/Config/BaseScalability.ini" 787
"../../../Engine/Config/BaseRuntimeOptions.ini" 788
"../../../Engine/Config/BaseInstallBundle.ini" 789
"../../../Engine/Config/BaseHardware.ini" 790
"../../../Engine/Config/BaseCompat.ini" 791
"../../../Engine/Config/BaseLightmass.ini" 792
"../../../Engine/Config/BaseEditor.ini" 793
"../../../../../../Users/kacpe/Desktop/GitHub/Game/Config/DefaultEditor.ini" 794
"C:/Users/kacpe/Desktop/GitHub/Game/Saved/Config/WindowsEditor/Editor.ini" 795
"../../../Engine/Config/BaseMaterialExpressions.ini" 796
"../../../Engine/Config/BaseEditorPerProjectUserSettings.ini" 797
"../../../../../../Users/kacpe/Desktop/GitHub/Game/Config/DefaultEditorPerProjectUserSettings.ini" 798
"../../../Engine/Config/Windows/WindowsEditorPerProjectUserSettings.ini" 799
"C:/Users/kacpe/Desktop/GitHub/Game/Saved/Config/WindowsEditor/EditorPerProjectUserSettings.ini" 800
"../../../Engine/Config/BaseEditorSettings.ini" 801
"../../../Engine/Config/Windows/WindowsEditorSettings.ini" 802
"C:/Users/kacpe/AppData/Local/UnrealEngine/5.6/Saved/Config/WindowsEditor/EditorSettings.ini" 803
"../../../Engine/Config/BaseEditorKeyBindings.ini" 804
"C:/Users/kacpe/AppData/Local/UnrealEngine/5.6/Saved/Config/WindowsEditor/EditorKeyBindings.ini" 805
"C:/Users/kacpe/AppData/Local/UnrealEngine/5.6/Saved/Config/WindowsEditor/EditorLayout.ini" 806
"../../../Engine/Config/Android/BaseAndroidEngine.ini" 807
"../../../Engine/Config/Linux/BaseLinuxEngine.ini" 808
"../../../Engine/Config/Android/AndroidEngine.ini" 809
"../../../../../../Users/kacpe/Desktop/GitHub/Game/Binaries/Win64/UkenGame-Win64-Shipping.target" 810
"../../../../../../Users/kacpe/Desktop/GitHub/Game/Binaries/Win64/UkenGameEditor.target" 811
"../../../Engine/Config/Unix/UnixEngine.ini" 812
"../../../Engine/Config/Linux/LinuxEngine.ini" 813
"../../../Engine/Config/IOS/BaseIOSEngine.ini" 814
"../../../Engine/Config/Android/BaseAndroidGame.ini" 815
"../../../Engine/Config/Android/BaseAndroidInput.ini" 816
"../../../Engine/Config/IOS/BaseIOSGame.ini" 817
"../../../Engine/Config/IOS/IOSGame.ini" 818
"../../../Engine/Config/IOS/BaseIOSInput.ini" 819
"../../../Engine/Config/Android/AndroidScalability.ini" 820
"../../../Engine/Config/IOS/IOSScalability.ini" 821
"../../../Engine/Config/Android/BaseAndroidInstallBundle.ini" 822
"../../../Engine/Config/IOS/BaseIOSInstallBundle.ini" 823
"../../../Engine/Config/Mac/BaseMacEngine.ini" 824
"../../../Engine/Config/Mac/MacGame.ini" 825
"../../../Engine/Config/TVOS/TVOSEngine.ini" 826
"../../../Engine/Config/Mac/BaseMacInput.ini" 827
"../../../Engine/Config/Linux/LinuxGame.ini" 828
"../../../Engine/Config/PluginBase.ini" 829
"../../../Engine/Plugins/ChaosVD/Config/DefaultChaosVD.ini" 830
"../../../Engine/Plugins/EnhancedInput/Config/BaseEnhancedInput.ini" 831
"../../../Engine/Plugins/Fab/Config/BaseFab.ini" 832
"../../../Engine/Plugins/PCG/Config/BasePCG.ini" 833
"../../../Engine/Plugins/TraceUtilities/Config/BaseTraceUtilities.ini" 834
"../../../Engine/Plugins/FX/Niagara/Config/BaseNiagara.ini" 835
"../../../Engine/Plugins/FX/NiagaraFluids/Config/BaseNiagaraFluids.ini" 836
"../../../Engine/Plugins/Interchange/Assets/Config/BaseInterchangeAssets.ini" 837
"../../../Engine/Plugins/Interchange/Runtime/Config/BaseInterchange.ini" 838
"../../../Engine/Plugins/Experimental/FullBodyIK/Config/BaseFullBodyIK.ini" 839
"../../../Engine/Plugins/Experimental/ToolPresets/Config/BaseToolPresets.ini" 840
"../../../Engine/Plugins/MetaHuman/MetaHumanSDK/Config/BaseMetaHumanSDK.ini" 841
"../../../Engine/Plugins/VirtualProduction/CameraCalibrationCore/Config/BaseCameraCalibrationCore.ini" 842
"../../../Engine/Plugins/VirtualProduction/Takes/Config/BaseTakes.ini" 843
"../../../Engine/Plugins/Runtime/HairStrands/Config/BaseHairStrands.ini" 844
"../../../Engine/Plugins/Runtime/Metasound/Config/BaseMetasound.ini" 845
"../../../Engine/Plugins/Runtime/Metasound/Config/DefaultMetasound.ini" 846
"../../../Engine/Plugins/Runtime/PropertyBindingUtils/Config/BasePropertyBindingUtils.ini" 847
"../../../Engine/Plugins/Runtime/RigVM/Config/BaseRigVM.ini" 848
"../../../Engine/Plugins/Runtime/StateTree/Config/BaseStateTree.ini" 849
"../../../Engine/Plugins/Runtime/Synthesis/Config/BaseSynthesis.ini" 850
"../../../Engine/Plugins/2D/Paper2D/Config/BasePaper2D.ini" 851
"../../../Engine/Plugins/Animation/DeformerGraph/Config/BaseDeformerGraph.ini" 852
"../../../Engine/Plugins/Animation/ControlRig/Config/BaseControlRig.ini" 853
"../../../Engine/Plugins/Animation/IKRig/Config/BaseIKRig.ini" 854
"../../../Engine/Plugins/Cameras/GameplayCameras/Config/BaseGameplayCameras.ini" 855
"../../../Engine/Plugins/Editor/EditorScriptingUtilities/Config/BaseEditorScriptingUtilities.ini" 856
"../../../Engine/Plugins/Enterprise/DatasmithContent/Config/BaseDatasmithContent.ini" 857
"../../../Engine/Plugins/Enterprise/GLTFExporter/Config/BaseGLTFExporter.ini" 858
"../../../Engine/Plugins/Enterprise/GLTFExporter/Config/DefaultGLTFExporter.ini" 859
"../../../Engine/Plugins/Enterprise/VariantManagerContent/Config/BaseVariantManagerContent.ini" 860
"../../../Engine/Plugins/Experimental/Compositing/CompositeCore/Config/BaseCompositeCore.ini" 861
"../../../Engine/Platforms/VisionOS/Config/BaseVisionOSEngine.ini" 862
"../../../Engine/Platforms/VisionOS/Config/VisionOSEngine.ini" 863
"../../../Engine/Plugins/ChaosVD/Config/Engine.ini" 864
"../../../Engine/Plugins/EnhancedInput/Config/Input.ini" 865
"../../../Engine/Plugins/Runtime/InputDebugging/Config/Input.ini" 866
"../../../Engine/Plugins/Runtime/Windows/XInputDevice/Config/Input.ini" 867
"../../../Engine/Plugins/PCG/Config/EditorPerProjectUserSettings.ini" 868
"../../../Engine/Plugins/NNE/NNEDenoiser/Config/Game.ini" 869
"../../../Engine/Plugins/Runtime/RigVM/Config/Editor.ini" 870
"../../../Engine/Plugins/Online/OnlineSubsystemUtils/Config/Editor.ini" 871
"../../../Engine/Plugins/Editor/ModelingToolsEditorMode/Binaries/Win64/UnrealEditor.modules" 872
"../../../Engine/Plugins/Runtime/MeshModelingToolset/Binaries/Win64/UnrealEditor.modules" 873
"../../../Engine/Plugins/Experimental/MeshModelingToolsetExp/Binaries/Win64/UnrealEditor.modules" 874
"../../../Engine/Plugins/Editor/MeshLODToolset/Binaries/Win64/UnrealEditor.modules" 875
"../../../Engine/Plugins/Experimental/ToolPresets/Binaries/Win64/UnrealEditor.modules" 876
"../../../Engine/Plugins/Editor/StylusInput/Binaries/Win64/UnrealEditor.modules" 877
"../../../Engine/Plugins/Runtime/GeometryProcessing/Binaries/Win64/UnrealEditor.modules" 878
"../../../Engine/Plugins/Editor/ProxyLODPlugin/Binaries/Win64/UnrealEditor.modules" 879
"../../../Engine/Plugins/Experimental/PlanarCutPlugin/Binaries/Win64/UnrealEditor.modules" 880
"../../../Engine/Plugins/Runtime/GeometryCache/Binaries/Win64/UnrealEditor.modules" 881
"../../../Engine/Plugins/Experimental/GeometryFlow/Binaries/Win64/UnrealEditor.modules" 882
"../../../Engine/Plugins/Editor/EditorScriptingUtilities/Binaries/Win64/UnrealEditor.modules" 883
"../../../Engine/Plugins/FX/Niagara/Binaries/Win64/UnrealEditor.modules" 884
"../../../Engine/Plugins/Experimental/PythonScriptPlugin/Binaries/Win64/UnrealEditor.modules" 885
"../../../Engine/Plugins/Editor/ContentBrowser/ContentBrowserFileDataSource/Binaries/Win64/UnrealEditor.modules" 886
"../../../Engine/Plugins/Runtime/HDRIBackdrop/Binaries/Win64/UnrealEditor.modules" 887
"../../../Engine/Plugins/PCG/Binaries/Win64/UnrealEditor.modules" 888
"../../../Engine/Plugins/Runtime/ComputeFramework/Binaries/Win64/UnrealEditor.modules" 889
"../../../Engine/Plugins/FX/NiagaraFluids/Binaries/Win64/UnrealEditor.modules" 890
"../../../Engine/Plugins/Bridge/Binaries/Win64/UnrealEditor.modules" 891
"../../../Engine/Plugins/MetaHuman/MetaHumanSDK/Binaries/Win64/UnrealEditor.modules" 892
"../../../Engine/Plugins/Animation/ControlRig/Binaries/Win64/UnrealEditor.modules" 893
"../../../Engine/Plugins/Runtime/HairStrands/Binaries/Win64/UnrealEditor.modules" 894
"../../../Engine/Plugins/Animation/RigLogic/Binaries/Win64/UnrealEditor.modules" 895
"../../../Engine/Plugins/Online/EOSShared/Binaries/Win64/UnrealEditor.modules" 896
"../../../Engine/Plugins/Runtime/RigVM/Binaries/Win64/UnrealEditor.modules" 897
"../../../Engine/Plugins/MovieScene/LevelSequenceEditor/Binaries/Win64/UnrealEditor.modules" 898
"../../../Engine/Plugins/Runtime/PropertyAccess/Binaries/Win64/UnrealEditor.modules" 899
"../../../Engine/Plugins/MovieScene/SequencerScripting/Binaries/Win64/UnrealEditor.modules" 900
"../../../Engine/Plugins/Animation/TweeningUtils/Binaries/Win64/UnrealEditor.modules" 901
"../../../Engine/Plugins/Animation/DeformerGraph/Binaries/Win64/UnrealEditor.modules" 902
"../../../Engine/Plugins/Experimental/Dataflow/Binaries/Win64/UnrealEditor.modules" 903
"../../../Engine/Plugins/Experimental/CharacterFXEditor/BaseCharacterFXEditor/Binaries/Win64/UnrealEditor.modules" 904
"../../../Engine/Plugins/Runtime/ProceduralMeshComponent/Binaries/Win64/UnrealEditor.modules" 905
"../../../Engine/Plugins/Experimental/ChaosCaching/Binaries/Win64/UnrealEditor.modules" 906
"../../../Engine/Plugins/Experimental/EditorDataStorage/Binaries/Win64/UnrealEditor.modules" 907
"../../../Engine/Plugins/Experimental/EditorDataStorageFeatures/Binaries/Win64/UnrealEditor.modules" 908
"../../../Engine/Plugins/VirtualProduction/Takes/Binaries/Win64/UnrealEditor.modules" 909
"../../../Engine/Plugins/Runtime/AudioCapture/Binaries/Win64/UnrealEditor.modules" 910
"../../../Engine/Plugins/Developer/NamingTokens/Binaries/Win64/UnrealEditor.modules" 911
"../../../Engine/Plugins/Editor/EngineAssetDefinitions/Binaries/Win64/UnrealEditor.modules" 912
"../../../Engine/Plugins/ChaosCloth/Binaries/Win64/UnrealEditor.modules" 913
"../../../Engine/Plugins/ChaosInsights/Binaries/Win64/UnrealEditor.modules" 914
"../../../Engine/Plugins/ChaosVD/Binaries/Win64/UnrealEditor.modules" 915
"../../../Engine/Plugins/CmdLinkServer/Binaries/Win64/UnrealEditor.modules" 916
"../../../Engine/Plugins/EnhancedInput/Binaries/Win64/UnrealEditor.modules" 917
"../../../Engine/Plugins/Editor/DataValidation/Binaries/Win64/UnrealEditor.modules" 918
"../../../Engine/Plugins/Fab/Binaries/Win64/UnrealEditor.modules" 919
"../../../Engine/Plugins/Interchange/Runtime/Binaries/Win64/UnrealEditor.modules" 920
"../../../Engine/Plugins/Enterprise/VariantManagerContent/Binaries/Win64/UnrealEditor.modules" 921
"../../../Engine/Plugins/Enterprise/VariantManager/Binaries/Win64/UnrealEditor.modules" 922
"../../../Engine/Plugins/Interchange/Assets/Binaries/Win64/UnrealEditor.modules" 923
"../../../Engine/Plugins/FastBuildController/Binaries/Win64/UnrealEditor.modules" 924
"../../../Engine/Plugins/IoStoreInsights/Binaries/Win64/UnrealEditor.modules" 925
"../../../Engine/Plugins/MassInsights/Binaries/Win64/UnrealEditor.modules" 926
"../../../Engine/Plugins/MeshPainting/Binaries/Win64/UnrealEditor.modules" 927
"../../../Engine/Plugins/Interchange/Editor/Binaries/Win64/UnrealEditor.modules" 928
"../../../Engine/Plugins/RenderGraphInsights/Binaries/Win64/UnrealEditor.modules" 929
"../../../Engine/Plugins/TraceUtilities/Binaries/Win64/UnrealEditor.modules" 930
"../../../Engine/Plugins/UbaController/Binaries/Win64/UnrealEditor.modules" 931
"../../../Engine/Plugins/WorldMetrics/Binaries/Win64/UnrealEditor.modules" 932
"../../../Engine/Plugins/XGEController/Binaries/Win64/UnrealEditor.modules" 933
"../../../Engine/Plugins/Compression/OodleNetwork/Binaries/Win64/UnrealEditor.modules" 934
"../../../Engine/Plugins/FX/Cascade/Binaries/Win64/UnrealEditor.modules" 935
"../../../Engine/Plugins/FX/NiagaraSimCaching/Binaries/Win64/UnrealEditor.modules" 936
"../../../Engine/Plugins/Media/AndroidMedia/Binaries/Win64/UnrealEditor.modules" 937
"../../../Engine/Plugins/Media/AvfMedia/Binaries/Win64/UnrealEditor.modules" 938
"../../../Engine/Plugins/Media/ImgMedia/Binaries/Win64/UnrealEditor.modules" 939
"../../../Engine/Plugins/Media/MediaPlayerEditor/Binaries/Win64/UnrealEditor.modules" 940
"../../../Engine/Plugins/Media/MediaCompositing/Binaries/Win64/UnrealEditor.modules" 941
"../../../Engine/Plugins/Media/MediaPlate/Binaries/Win64/UnrealEditor.modules" 942
"../../../Engine/Plugins/Experimental/Compositing/CompositeCore/Binaries/Win64/UnrealEditor.modules" 943
"../../../Engine/Plugins/Media/WmfMedia/Binaries/Win64/UnrealEditor.modules" 944
"../../../Engine/Plugins/Messaging/TcpMessaging/Binaries/Win64/UnrealEditor.modules" 945
"../../../Engine/Plugins/NNE/NNEDenoiser/Binaries/Win64/UnrealEditor.modules" 946
"../../../Engine/Plugins/NNE/NNERuntimeORT/Binaries/Win64/UnrealEditor.modules" 947
"../../../Engine/Plugins/Experimental/AdvancedRenamer/Binaries/Win64/UnrealEditor.modules" 948
"../../../Engine/Plugins/Experimental/AutomationUtils/Binaries/Win64/UnrealEditor.modules" 949
"../../../Engine/Plugins/Experimental/BackChannel/Binaries/Win64/UnrealEditor.modules" 950
"../../../Engine/Plugins/Messaging/UdpMessaging/Binaries/Win64/UnrealEditor.modules" 951
"../../../Engine/Plugins/Experimental/ChaosEditor/Binaries/Win64/UnrealEditor.modules" 952
"../../../Engine/Plugins/Experimental/GeometryCollectionPlugin/Binaries/Win64/UnrealEditor.modules" 953
"../../../Engine/Plugins/Experimental/Fracture/Binaries/Win64/UnrealEditor.modules" 954
"../../../Engine/Plugins/Experimental/ChaosSolverPlugin/Binaries/Win64/UnrealEditor.modules" 955
"../../../Engine/Plugins/Experimental/GeometryDataflow/Binaries/Win64/UnrealEditor.modules" 956
"../../../Engine/Plugins/Experimental/ChaosNiagara/Binaries/Win64/UnrealEditor.modules" 957
"../../../Engine/Plugins/Experimental/ChaosUserDataPT/Binaries/Win64/UnrealEditor.modules" 958
"../../../Engine/Plugins/Experimental/CharacterAI/Binaries/Win64/UnrealEditor.modules" 959
"../../../Engine/Plugins/Experimental/EditorPerformance/Binaries/Win64/UnrealEditor.modules" 960
"../../../Engine/Plugins/Experimental/EditorTelemetry/Binaries/Win64/UnrealEditor.modules" 961
"../../../Engine/Plugins/Experimental/LevelSequenceNavigatorBridge/Binaries/Win64/UnrealEditor.modules" 962
"../../../Engine/Plugins/Experimental/SequenceNavigator/Binaries/Win64/UnrealEditor.modules" 963
"../../../Engine/Plugins/Experimental/LocalizableMessage/Binaries/Win64/UnrealEditor.modules" 964
"../../../Engine/Plugins/Experimental/NFORDenoise/Binaries/Win64/UnrealEditor.modules" 965
"../../../Engine/Plugins/Experimental/PlatformCrypto/Binaries/Win64/UnrealEditor.modules" 966
"../../../Engine/Plugins/Experimental/RuntimeTelemetry/Binaries/Win64/UnrealEditor.modules" 967
"../../../Engine/Plugins/Experimental/SkeletalReduction/Binaries/Win64/UnrealEditor.modules" 968
"../../../Engine/Plugins/Portal/LauncherChunkInstaller/Binaries/Win64/UnrealEditor.modules" 969
"../../../Engine/Plugins/Runtime/ActorLayerUtilities/Binaries/Win64/UnrealEditor.modules" 970
"../../../Engine/Plugins/Runtime/AndroidDeviceProfileSelector/Binaries/Win64/UnrealEditor.modules" 971
"../../../Engine/Plugins/Runtime/AndroidFileServer/Binaries/Win64/UnrealEditor.modules" 972
"../../../Engine/Plugins/Runtime/AndroidPermission/Binaries/Win64/UnrealEditor.modules" 973
"../../../Engine/Plugins/Runtime/AppleImageUtils/Binaries/Win64/UnrealEditor.modules" 974
"../../../Engine/Plugins/Runtime/ArchVisCharacter/Binaries/Win64/UnrealEditor.modules" 975
"../../../Engine/Plugins/Runtime/AssetTags/Binaries/Win64/UnrealEditor.modules" 976
"../../../Engine/Plugins/Runtime/CableComponent/Binaries/Win64/UnrealEditor.modules" 977
"../../../Engine/Plugins/Runtime/CustomMeshComponent/Binaries/Win64/UnrealEditor.modules" 978
"../../../Engine/Plugins/Runtime/ChunkDownloader/Binaries/Win64/UnrealEditor.modules" 979
"../../../Engine/Plugins/Runtime/ExampleDeviceProfileSelector/Binaries/Win64/UnrealEditor.modules" 980
"../../../Engine/Plugins/Runtime/GooglePAD/Binaries/Win64/UnrealEditor.modules" 981
"../../../Engine/Plugins/Runtime/InputDebugging/Binaries/Win64/UnrealEditor.modules" 982
"../../../Engine/Plugins/Runtime/LocationServicesBPLibrary/Binaries/Win64/UnrealEditor.modules" 983
"../../../Engine/Plugins/Runtime/Metasound/Binaries/Win64/UnrealEditor.modules" 984
"../../../Engine/Plugins/Runtime/AudioWidgets/Binaries/Win64/UnrealEditor.modules" 985
"../../../Engine/Plugins/Runtime/AudioSynesthesia/Binaries/Win64/UnrealEditor.modules" 986
"../../../Engine/Plugins/Editor/ContentBrowser/ContentBrowserAssetDataSource/Binaries/Win64/UnrealEditor.modules" 987
"../../../Engine/Plugins/Runtime/WaveTable/Binaries/Win64/UnrealEditor.modules" 988
"../../../Engine/Plugins/Runtime/MobilePatchingUtils/Binaries/Win64/UnrealEditor.modules" 989
"../../../Engine/Plugins/Runtime/MsQuic/Binaries/Win64/UnrealEditor.modules" 990
"../../../Engine/Plugins/Runtime/ResonanceAudio/Binaries/Win64/UnrealEditor.modules" 991
"../../../Engine/Plugins/Runtime/SoundFields/Binaries/Win64/UnrealEditor.modules" 992
"../../../Engine/Plugins/Runtime/Synthesis/Binaries/Win64/UnrealEditor.modules" 993
"../../../Engine/Plugins/Runtime/WebMMoviePlayer/Binaries/Win64/UnrealEditor.modules" 994
"../../../Engine/Plugins/Media/WebMMedia/Binaries/Win64/UnrealEditor.modules" 995
"../../../Engine/Plugins/Runtime/WindowsDeviceProfileSelector/Binaries/Win64/UnrealEditor.modules" 996
"../../../Engine/Plugins/Runtime/WindowsMoviePlayer/Binaries/Win64/UnrealEditor.modules" 997
"../../../Engine/Plugins/2D/Paper2D/Binaries/Win64/UnrealEditor.modules" 998
"../../../Engine/Plugins/AI/AISupport/Binaries/Win64/UnrealEditor.modules" 999
"../../../Engine/Plugins/AI/EnvironmentQueryEditor/Binaries/Win64/UnrealEditor.modules" 1000
"../../../Engine/Plugins/Animation/ACLPlugin/Binaries/Win64/UnrealEditor.modules" 1001
"../../../Engine/Plugins/Animation/AnimationData/Binaries/Win64/UnrealEditor.modules" 1002
"../../../Engine/Plugins/Animation/AnimationModifierLibrary/Binaries/Win64/UnrealEditor.modules" 1003
"../../../Engine/Plugins/Animation/BlendSpaceMotionAnalysis/Binaries/Win64/UnrealEditor.modules" 1004
"../../../Engine/Plugins/Animation/ControlRigSpline/Binaries/Win64/UnrealEditor.modules" 1005
"../../../Engine/Plugins/Animation/IKRig/Binaries/Win64/UnrealEditor.modules" 1006
"../../../Engine/Plugins/Experimental/FullBodyIK/Binaries/Win64/UnrealEditor.modules" 1007
"../../../Engine/Plugins/Animation/SkeletalMeshModelingTools/Binaries/Win64/UnrealEditor.modules" 1008
"../../../Engine/Plugins/Cameras/EngineCameras/Binaries/Win64/UnrealEditor.modules" 1009
"../../../Engine/Plugins/MovieScene/TemplateSequence/Binaries/Win64/UnrealEditor.modules" 1010
"../../../Engine/Plugins/Cameras/GameplayCameras/Binaries/Win64/UnrealEditor.modules" 1011
"../../../Engine/Plugins/VirtualProduction/CameraCalibrationCore/Binaries/Win64/UnrealEditor.modules" 1012
"../../../Engine/Plugins/Runtime/StateTree/Binaries/Win64/UnrealEditor.modules" 1013
"../../../Engine/Plugins/Animation/GameplayInsights/Binaries/Win64/UnrealEditor.modules" 1014
"../../../Engine/Plugins/Runtime/PropertyBindingUtils/Binaries/Win64/UnrealEditor.modules" 1015
"../../../Engine/Plugins/Developer/AnimationSharing/Binaries/Win64/UnrealEditor.modules" 1016
"../../../Engine/Plugins/Runtime/SignificanceManager/Binaries/Win64/UnrealEditor.modules" 1017
"../../../Engine/Plugins/Developer/CLionSourceCodeAccess/Binaries/Win64/UnrealEditor.modules" 1018
"../../../Engine/Plugins/Developer/DumpGPUServices/Binaries/Win64/UnrealEditor.modules" 1019
"../../../Engine/Plugins/Developer/GitSourceControl/Binaries/Win64/UnrealEditor.modules" 1020
"../../../Engine/Plugins/Cameras/CameraShakePreviewer/Binaries/Win64/UnrealEditor.modules" 1021
"../../../Engine/Plugins/Developer/PerforceSourceControl/Binaries/Win64/UnrealEditor.modules" 1022
"../../../Engine/Plugins/Developer/N10XSourceCodeAccess/Binaries/Win64/UnrealEditor.modules" 1023
"../../../Engine/Plugins/Developer/PluginUtils/Binaries/Win64/UnrealEditor.modules" 1024
"../../../Engine/Plugins/Developer/PlasticSourceControl/Binaries/Win64/UnrealEditor.modules" 1025
"../../../Engine/Plugins/Developer/ProjectLauncher/Binaries/Win64/UnrealEditor.modules" 1026
"../../../Engine/Plugins/Developer/PropertyAccessNode/Binaries/Win64/UnrealEditor.modules" 1027
"../../../Engine/Plugins/Developer/RenderDocPlugin/Binaries/Win64/UnrealEditor.modules" 1028
"../../../Engine/Plugins/Developer/RiderSourceCodeAccess/Binaries/Win64/UnrealEditor.modules" 1029
"../../../Engine/Plugins/Developer/SubversionSourceControl/Binaries/Win64/UnrealEditor.modules" 1030
"../../../Engine/Plugins/Developer/TextureFormatOodle/Binaries/Win64/UnrealEditor.modules" 1031
"../../../Engine/Plugins/Developer/UObjectPlugin/Binaries/Win64/UnrealEditor.modules" 1032
"../../../Engine/Plugins/Developer/VisualStudioSourceCodeAccess/Binaries/Win64/UnrealEditor.modules" 1033
"../../../Engine/Plugins/Editor/AssetManagerEditor/Binaries/Win64/UnrealEditor.modules" 1034
"../../../Engine/Plugins/Developer/VisualStudioCodeSourceCodeAccess/Binaries/Win64/UnrealEditor.modules" 1035
"../../../Engine/Plugins/Editor/BlueprintHeaderView/Binaries/Win64/UnrealEditor.modules" 1036
"../../../Engine/Plugins/Editor/CryptoKeys/Binaries/Win64/UnrealEditor.modules" 1037
"../../../Engine/Plugins/Editor/CurveEditorTools/Binaries/Win64/UnrealEditor.modules" 1038
"../../../Engine/Plugins/Editor/EditorDebugTools/Binaries/Win64/UnrealEditor.modules" 1039
"../../../Engine/Plugins/Editor/FacialAnimation/Binaries/Win64/UnrealEditor.modules" 1040
"../../../Engine/Plugins/Editor/GameplayTagsEditor/Binaries/Win64/UnrealEditor.modules" 1041
"../../../Engine/Plugins/Editor/GeometryMode/Binaries/Win64/UnrealEditor.modules" 1042
"../../../Engine/Plugins/Editor/ChangelistReview/Binaries/Win64/UnrealEditor.modules" 1043
"../../../Engine/Plugins/Editor/MaterialAnalyzer/Binaries/Win64/UnrealEditor.modules" 1044
"../../../Engine/Plugins/Editor/MobileLauncherProfileWizard/Binaries/Win64/UnrealEditor.modules" 1045
"../../../Engine/Plugins/Editor/PluginBrowser/Binaries/Win64/UnrealEditor.modules" 1046
"../../../Engine/Plugins/Editor/SequencerAnimTools/Binaries/Win64/UnrealEditor.modules" 1047
"../../../Engine/Plugins/Editor/SpeedTreeImporter/Binaries/Win64/UnrealEditor.modules" 1048
"../../../Engine/Plugins/Editor/UMGWidgetPreview/Binaries/Win64/UnrealEditor.modules" 1049
"../../../Engine/Plugins/Editor/UVEditor/Binaries/Win64/UnrealEditor.modules" 1050
"../../../Engine/Plugins/Editor/WorldPartitionHLODUtilities/Binaries/Win64/UnrealEditor.modules" 1051
"../../../Engine/Plugins/Enterprise/DatasmithContent/Binaries/Win64/UnrealEditor.modules" 1052
"../../../Engine/Plugins/Enterprise/GLTFExporter/Binaries/Win64/UnrealEditor.modules" 1053
"../../../Engine/Plugins/Importers/AlembicImporter/Binaries/Win64/UnrealEditor.modules" 1054
"../../../Engine/Plugins/MovieScene/ActorSequence/Binaries/Win64/UnrealEditor.modules" 1055
"../../../Engine/Plugins/Online/OnlineBase/Binaries/Win64/UnrealEditor.modules" 1056
"../../../Engine/Plugins/Online/OnlineSubsystem/Binaries/Win64/UnrealEditor.modules" 1057
"../../../Engine/Plugins/Online/OnlineSubsystemNull/Binaries/Win64/UnrealEditor.modules" 1058
"../../../Engine/Plugins/Online/OnlineSubsystemUtils/Binaries/Win64/UnrealEditor.modules" 1059
"../../../Engine/Plugins/Online/OnlineServices/Binaries/Win64/UnrealEditor.modules" 1060
"../../../Engine/Plugins/Tests/InterchangeTests/Binaries/Win64/UnrealEditor.modules" 1061
"../../../Engine/Plugins/Editor/ColorGrading/Binaries/Win64/UnrealEditor.modules" 1062
"../../../Engine/Plugins/Editor/ObjectMixer/ObjectMixer/Binaries/Win64/UnrealEditor.modules" 1063
"../../../Engine/Plugins/Developer/PixWinPlugin/Binaries/Win64/UnrealEditor.modules" 1064
"../../../Engine/Plugins/Runtime/Windows/XInputDevice/Binaries/Win64/UnrealEditor.modules" 1065
"../../../Engine/Plugins/Editor/ContentBrowser/ContentBrowserClassDataSource/Binaries/Win64/UnrealEditor.modules" 1066
"../../../Engine/Plugins/Editor/ObjectMixer/LightMixer/Binaries/Win64/UnrealEditor.modules" 1067
"../../../Engine/Plugins/Editor/Localization/PortableObjectFileDataSource/Binaries/Win64/UnrealEditor.modules" 1068
"C:/Users/kacpe/Desktop/GitHub/Game/Plugins/VisualStudioTools/Binaries/Win64/UnrealEditor.modules" 1069
"../../../Engine/Config/BaseSourceControlSettings.ini" 1070
"C:/Users/kacpe/AppData/Local/UnrealEngine/5.6/Saved/Config/WindowsEditor/SourceControlSettings.ini" 1071
"../../../Engine/Content/Internationalization/icudt64l/coll/ucadata.icu" 1072
"../../../Engine/Content/Internationalization/icudt64l/coll/pl.res" 1073
"../../../Engine/Content/Internationalization/icudt64l/coll/root.res" 1074
"../../../Engine/Content/Certificates/ThirdParty/cacert.pem" 1075
"../../../Engine/Config/ConsoleVariables.ini" 1076
"../../../Engine/Binaries/Win64/Android/UnrealEditor.modules" 1077
"../../../Engine/Binaries/Win64/IOS/UnrealEditor.modules" 1078
"../../../Engine/Binaries/Win64/Linux/UnrealEditor.modules" 1079
"../../../Engine/Content/Localization/Editor/en/Editor.locres" 1080
"../../../Engine/Content/Localization/EditorTutorials/en/EditorTutorials.locres" 1081
"../../../Engine/Content/Localization/Keywords/en/Keywords.locres" 1082
"../../../Engine/Content/Localization/Category/en/Category.locres" 1083
"../../../Engine/Content/Localization/ToolTips/en/ToolTips.locres" 1084
"../../../Engine/Content/Localization/PropertyNames/en/PropertyNames.locres" 1085
"../../../Engine/Content/Localization/Engine/en/Engine.locres" 1086
"../../../Engine/Plugins/MetaHuman/MetaHumanSDK/Content/Localization/MetaHumanSDK/en/MetaHumanSDK.locres" 1087
"../../../Engine/Plugins/Online/OnlineSubsystem/Content/Localization/OnlineSubsystem/en/OnlineSubsystem.locres" 1088
"../../../Engine/Plugins/Online/OnlineSubsystemUtils/Content/Localization/OnlineSubsystemUtils/en/OnlineSubsystemUtils.locres" 1089
"../../../Engine/Plugins/Online/Android/OnlineSubsystemGooglePlay/Content/Localization/OnlineSubsystemGooglePlay/en/OnlineSubsystemGooglePlay.locres" 1090
"../../../Engine/Plugins/Online/IOS/OnlineSubsystemIOS/Content/Localization/OnlineSubsystemIOS/en/OnlineSubsystemIOS.locres" 1091
"../../../Engine/Content/Internationalization/icudt64l/numberingSystems.res" 1092
"../../../Engine/Content/Internationalization/icudt64l/curr/supplementalData.res" 1093
"../../../Engine/Content/Internationalization/icudt64l/curr/pl.res" 1094
"../../../Engine/Content/Internationalization/icudt64l/curr/pool.res" 1095
"../../../Engine/Content/Internationalization/icudt64l/curr/root.res" 1096
"../../../Engine/Content/Internationalization/icudt64l/lang/af.res" 1097
"../../../Engine/Content/Internationalization/icudt64l/region/af.res" 1098
"../../../Engine/Content/Internationalization/icudt64l/lang/agq.res" 1099
"../../../Engine/Content/Internationalization/icudt64l/region/agq.res" 1100
"../../../Engine/Content/Internationalization/icudt64l/lang/ak.res" 1101
"../../../Engine/Content/Internationalization/icudt64l/region/ak.res" 1102
"../../../Engine/Content/Internationalization/icudt64l/lang/am.res" 1103
"../../../Engine/Content/Internationalization/icudt64l/region/am.res" 1104
"../../../Engine/Content/Internationalization/icudt64l/lang/ar.res" 1105
"../../../Engine/Content/Internationalization/icudt64l/region/ar.res" 1106
"../../../Engine/Content/Internationalization/icudt64l/region/ar_AE.res" 1107
"../../../Engine/Content/Internationalization/icudt64l/lang/ar_EG.res" 1108
"../../../Engine/Content/Internationalization/icudt64l/lang/ar_LY.res" 1109
"../../../Engine/Content/Internationalization/icudt64l/region/ar_LY.res" 1110
"../../../Engine/Content/Internationalization/icudt64l/lang/ar_SA.res" 1111
"../../../Engine/Content/Internationalization/icudt64l/region/ar_SA.res" 1112
"../../../Engine/Content/Internationalization/icudt64l/lang/as.res" 1113
"../../../Engine/Content/Internationalization/icudt64l/region/as.res" 1114
"../../../Engine/Content/Internationalization/icudt64l/lang/asa.res" 1115
"../../../Engine/Content/Internationalization/icudt64l/region/asa.res" 1116
"../../../Engine/Content/Internationalization/icudt64l/lang/ast.res" 1117
"../../../Engine/Content/Internationalization/icudt64l/region/ast.res" 1118
"../../../Engine/Content/Internationalization/icudt64l/lang/az.res" 1119
"../../../Engine/Content/Internationalization/icudt64l/lang/az_Cyrl.res" 1120
"../../../Engine/Content/Internationalization/icudt64l/lang/az_AZ.res" 1121
"../../../Engine/Content/Internationalization/icudt64l/lang/az_Latn_AZ.res" 1122
"../../../Engine/Content/Internationalization/icudt64l/lang/az_Latn.res" 1123
"../../../Engine/Content/Internationalization/icudt64l/region/az_AZ.res" 1124
"../../../Engine/Content/Internationalization/icudt64l/region/az_Latn_AZ.res" 1125
"../../../Engine/Content/Internationalization/icudt64l/region/az_Latn.res" 1126
"../../../Engine/Content/Internationalization/icudt64l/region/az.res" 1127
"../../../Engine/Content/Internationalization/icudt64l/region/az_Cyrl.res" 1128
"../../../Engine/Content/Internationalization/icudt64l/lang/bas.res" 1129
"../../../Engine/Content/Internationalization/icudt64l/region/bas.res" 1130
"../../../Engine/Content/Internationalization/icudt64l/lang/be.res" 1131
"../../../Engine/Content/Internationalization/icudt64l/region/be.res" 1132
"../../../Engine/Content/Internationalization/icudt64l/lang/bem.res" 1133
"../../../Engine/Content/Internationalization/icudt64l/region/bem.res" 1134
"../../../Engine/Content/Internationalization/icudt64l/lang/bez.res" 1135
"../../../Engine/Content/Internationalization/icudt64l/region/bez.res" 1136
"../../../Engine/Content/Internationalization/icudt64l/lang/bg.res" 1137
"../../../Engine/Content/Internationalization/icudt64l/region/bg.res" 1138
"../../../Engine/Content/Internationalization/icudt64l/lang/bm.res" 1139
"../../../Engine/Content/Internationalization/icudt64l/region/bm.res" 1140
"../../../Engine/Content/Internationalization/icudt64l/lang/bn.res" 1141
"../../../Engine/Content/Internationalization/icudt64l/region/bn.res" 1142
"../../../Engine/Content/Internationalization/icudt64l/lang/bn_IN.res" 1143
"../../../Engine/Content/Internationalization/icudt64l/region/bn_IN.res" 1144
"../../../Engine/Content/Internationalization/icudt64l/lang/bo.res" 1145
"../../../Engine/Content/Internationalization/icudt64l/region/bo.res" 1146
"../../../Engine/Content/Internationalization/icudt64l/region/bo_IN.res" 1147
"../../../Engine/Content/Internationalization/icudt64l/lang/br.res" 1148
"../../../Engine/Content/Internationalization/icudt64l/region/br.res" 1149
"../../../Engine/Content/Internationalization/icudt64l/lang/brx.res" 1150
"../../../Engine/Content/Internationalization/icudt64l/region/brx.res" 1151
"../../../Engine/Content/Internationalization/icudt64l/lang/bs.res" 1152
"../../../Engine/Content/Internationalization/icudt64l/lang/bs_Cyrl.res" 1153
"../../../Engine/Content/Internationalization/icudt64l/lang/bs_BA.res" 1154
"../../../Engine/Content/Internationalization/icudt64l/lang/bs_Latn_BA.res" 1155
"../../../Engine/Content/Internationalization/icudt64l/lang/bs_Latn.res" 1156
"../../../Engine/Content/Internationalization/icudt64l/region/bs_BA.res" 1157
"../../../Engine/Content/Internationalization/icudt64l/region/bs_Latn_BA.res" 1158
"../../../Engine/Content/Internationalization/icudt64l/region/bs_Latn.res" 1159
"../../../Engine/Content/Internationalization/icudt64l/region/bs.res" 1160
"../../../Engine/Content/Internationalization/icudt64l/region/bs_Cyrl.res" 1161
"../../../Engine/Content/Internationalization/icudt64l/lang/ca.res" 1162
"../../../Engine/Content/Internationalization/icudt64l/region/ca.res" 1163
"../../../Engine/Content/Internationalization/icudt64l/lang/ccp.res" 1164
"../../../Engine/Content/Internationalization/icudt64l/region/ccp.res" 1165
"../../../Engine/Content/Internationalization/icudt64l/lang/ce.res" 1166
"../../../Engine/Content/Internationalization/icudt64l/region/ce.res" 1167
"../../../Engine/Content/Internationalization/icudt64l/lang/ceb.res" 1168
"../../../Engine/Content/Internationalization/icudt64l/region/ceb.res" 1169
"../../../Engine/Content/Internationalization/icudt64l/lang/cgg.res" 1170
"../../../Engine/Content/Internationalization/icudt64l/region/cgg.res" 1171
"../../../Engine/Content/Internationalization/icudt64l/lang/chr.res" 1172
"../../../Engine/Content/Internationalization/icudt64l/region/chr.res" 1173
"../../../Engine/Content/Internationalization/icudt64l/lang/ckb.res" 1174
"../../../Engine/Content/Internationalization/icudt64l/region/ckb.res" 1175
"../../../Engine/Content/Internationalization/icudt64l/lang/cs.res" 1176
"../../../Engine/Content/Internationalization/icudt64l/region/cs.res" 1177
"../../../Engine/Content/Internationalization/icudt64l/lang/cy.res" 1178
"../../../Engine/Content/Internationalization/icudt64l/region/cy.res" 1179
"../../../Engine/Content/Internationalization/icudt64l/lang/da.res" 1180
"../../../Engine/Content/Internationalization/icudt64l/region/da.res" 1181
"../../../Engine/Content/Internationalization/icudt64l/lang/dav.res" 1182
"../../../Engine/Content/Internationalization/icudt64l/region/dav.res" 1183
"../../../Engine/Content/Internationalization/icudt64l/lang/de.res" 1184
"../../../Engine/Content/Internationalization/icudt64l/lang/de_AT.res" 1185
"../../../Engine/Content/Internationalization/icudt64l/region/de_AT.res" 1186
"../../../Engine/Content/Internationalization/icudt64l/region/de.res" 1187
"../../../Engine/Content/Internationalization/icudt64l/lang/de_CH.res" 1188
"../../../Engine/Content/Internationalization/icudt64l/region/de_CH.res" 1189
"../../../Engine/Content/Internationalization/icudt64l/lang/de_LU.res" 1190
"../../../Engine/Content/Internationalization/icudt64l/lang/dje.res" 1191
"../../../Engine/Content/Internationalization/icudt64l/region/dje.res" 1192
"../../../Engine/Content/Internationalization/icudt64l/lang/dsb.res" 1193
"../../../Engine/Content/Internationalization/icudt64l/region/dsb.res" 1194
"../../../Engine/Content/Internationalization/icudt64l/lang/dua.res" 1195
"../../../Engine/Content/Internationalization/icudt64l/region/dua.res" 1196
"../../../Engine/Content/Internationalization/icudt64l/lang/dyo.res" 1197
"../../../Engine/Content/Internationalization/icudt64l/region/dyo.res" 1198
"../../../Engine/Content/Internationalization/icudt64l/lang/dz.res" 1199
"../../../Engine/Content/Internationalization/icudt64l/region/dz.res" 1200
"../../../Engine/Content/Internationalization/icudt64l/lang/ebu.res" 1201
"../../../Engine/Content/Internationalization/icudt64l/region/ebu.res" 1202
"../../../Engine/Content/Internationalization/icudt64l/lang/ee.res" 1203
"../../../Engine/Content/Internationalization/icudt64l/region/ee.res" 1204
"../../../Engine/Content/Internationalization/icudt64l/lang/el.res" 1205
"../../../Engine/Content/Internationalization/icudt64l/region/el.res" 1206
"../../../Engine/Content/Internationalization/icudt64l/lang/en_001.res" 1207
"../../../Engine/Content/Internationalization/icudt64l/lang/en_150.res" 1208
"../../../Engine/Content/Internationalization/icudt64l/region/en_150.res" 1209
"../../../Engine/Content/Internationalization/icudt64l/lang/en_AG.res" 1210
"../../../Engine/Content/Internationalization/icudt64l/region/en_AG.res" 1211
"../../../Engine/Content/Internationalization/icudt64l/lang/en_AI.res" 1212
"../../../Engine/Content/Internationalization/icudt64l/region/en_AI.res" 1213
"../../../Engine/Content/Internationalization/icudt64l/lang/en_AT.res" 1214
"../../../Engine/Content/Internationalization/icudt64l/region/en_AT.res" 1215
"../../../Engine/Content/Internationalization/icudt64l/lang/en_AU.res" 1216
"../../../Engine/Content/Internationalization/icudt64l/region/en_AU.res" 1217
"../../../Engine/Content/Internationalization/icudt64l/lang/en_BB.res" 1218
"../../../Engine/Content/Internationalization/icudt64l/region/en_BB.res" 1219
"../../../Engine/Content/Internationalization/icudt64l/lang/en_BE.res" 1220
"../../../Engine/Content/Internationalization/icudt64l/region/en_BE.res" 1221
"../../../Engine/Content/Internationalization/icudt64l/lang/en_BM.res" 1222
"../../../Engine/Content/Internationalization/icudt64l/region/en_BM.res" 1223
"../../../Engine/Content/Internationalization/icudt64l/lang/en_BS.res" 1224
"../../../Engine/Content/Internationalization/icudt64l/region/en_BS.res" 1225
"../../../Engine/Content/Internationalization/icudt64l/lang/en_BW.res" 1226
"../../../Engine/Content/Internationalization/icudt64l/region/en_BW.res" 1227
"../../../Engine/Content/Internationalization/icudt64l/lang/en_BZ.res" 1228
"../../../Engine/Content/Internationalization/icudt64l/region/en_BZ.res" 1229
"../../../Engine/Content/Internationalization/icudt64l/lang/en_CA.res" 1230
"../../../Engine/Content/Internationalization/icudt64l/region/en_CA.res" 1231
"../../../Engine/Content/Internationalization/icudt64l/lang/en_CC.res" 1232
"../../../Engine/Content/Internationalization/icudt64l/region/en_CC.res" 1233
"../../../Engine/Content/Internationalization/icudt64l/lang/en_CH.res" 1234
"../../../Engine/Content/Internationalization/icudt64l/region/en_CH.res" 1235
"../../../Engine/Content/Internationalization/icudt64l/lang/en_CK.res" 1236
"../../../Engine/Content/Internationalization/icudt64l/region/en_CK.res" 1237
"../../../Engine/Content/Internationalization/icudt64l/lang/en_CM.res" 1238
"../../../Engine/Content/Internationalization/icudt64l/region/en_CM.res" 1239
"../../../Engine/Content/Internationalization/icudt64l/lang/en_CX.res" 1240
"../../../Engine/Content/Internationalization/icudt64l/region/en_CX.res" 1241
"../../../Engine/Content/Internationalization/icudt64l/lang/en_CY.res" 1242
"../../../Engine/Content/Internationalization/icudt64l/region/en_CY.res" 1243
"../../../Engine/Content/Internationalization/icudt64l/lang/en_DE.res" 1244
"../../../Engine/Content/Internationalization/icudt64l/region/en_DE.res" 1245
"../../../Engine/Content/Internationalization/icudt64l/lang/en_DG.res" 1246
"../../../Engine/Content/Internationalization/icudt64l/region/en_DG.res" 1247
"../../../Engine/Content/Internationalization/icudt64l/lang/en_DK.res" 1248
"../../../Engine/Content/Internationalization/icudt64l/region/en_DK.res" 1249
"../../../Engine/Content/Internationalization/icudt64l/lang/en_DM.res" 1250
"../../../Engine/Content/Internationalization/icudt64l/region/en_DM.res" 1251
"../../../Engine/Content/Internationalization/icudt64l/lang/en_ER.res" 1252
"../../../Engine/Content/Internationalization/icudt64l/region/en_ER.res" 1253
"../../../Engine/Content/Internationalization/icudt64l/lang/en_FI.res" 1254
"../../../Engine/Content/Internationalization/icudt64l/region/en_FI.res" 1255
"../../../Engine/Content/Internationalization/icudt64l/lang/en_FJ.res" 1256
"../../../Engine/Content/Internationalization/icudt64l/region/en_FJ.res" 1257
"../../../Engine/Content/Internationalization/icudt64l/lang/en_FK.res" 1258
"../../../Engine/Content/Internationalization/icudt64l/region/en_FK.res" 1259
"../../../Engine/Content/Internationalization/icudt64l/lang/en_FM.res" 1260
"../../../Engine/Content/Internationalization/icudt64l/region/en_FM.res" 1261
"../../../Engine/Content/Internationalization/icudt64l/lang/en_GB.res" 1262
"../../../Engine/Content/Internationalization/icudt64l/region/en_GB.res" 1263
"../../../Engine/Content/Internationalization/icudt64l/lang/en_GD.res" 1264
"../../../Engine/Content/Internationalization/icudt64l/region/en_GD.res" 1265
"../../../Engine/Content/Internationalization/icudt64l/lang/en_GG.res" 1266
"../../../Engine/Content/Internationalization/icudt64l/region/en_GG.res" 1267
"../../../Engine/Content/Internationalization/icudt64l/lang/en_GH.res" 1268
"../../../Engine/Content/Internationalization/icudt64l/region/en_GH.res" 1269
"../../../Engine/Content/Internationalization/icudt64l/lang/en_GI.res" 1270
"../../../Engine/Content/Internationalization/icudt64l/region/en_GI.res" 1271
"../../../Engine/Content/Internationalization/icudt64l/lang/en_GM.res" 1272
"../../../Engine/Content/Internationalization/icudt64l/region/en_GM.res" 1273
"../../../Engine/Content/Internationalization/icudt64l/lang/en_GY.res" 1274
"../../../Engine/Content/Internationalization/icudt64l/region/en_GY.res" 1275
"../../../Engine/Content/Internationalization/icudt64l/lang/en_HK.res" 1276
"../../../Engine/Content/Internationalization/icudt64l/region/en_HK.res" 1277
"../../../Engine/Content/Internationalization/icudt64l/lang/en_IE.res" 1278
"../../../Engine/Content/Internationalization/icudt64l/region/en_IE.res" 1279
"../../../Engine/Content/Internationalization/icudt64l/lang/en_IL.res" 1280
"../../../Engine/Content/Internationalization/icudt64l/region/en_IL.res" 1281
"../../../Engine/Content/Internationalization/icudt64l/lang/en_IM.res" 1282
"../../../Engine/Content/Internationalization/icudt64l/region/en_IM.res" 1283
"../../../Engine/Content/Internationalization/icudt64l/lang/en_IN.res" 1284
"../../../Engine/Content/Internationalization/icudt64l/region/en_IN.res" 1285
"../../../Engine/Content/Internationalization/icudt64l/lang/en_IO.res" 1286
"../../../Engine/Content/Internationalization/icudt64l/region/en_IO.res" 1287
"../../../Engine/Content/Internationalization/icudt64l/lang/en_JE.res" 1288
"../../../Engine/Content/Internationalization/icudt64l/region/en_JE.res" 1289
"../../../Engine/Content/Internationalization/icudt64l/lang/en_JM.res" 1290
"../../../Engine/Content/Internationalization/icudt64l/region/en_JM.res" 1291
"../../../Engine/Content/Internationalization/icudt64l/lang/en_KE.res" 1292
"../../../Engine/Content/Internationalization/icudt64l/region/en_KE.res" 1293
"../../../Engine/Content/Internationalization/icudt64l/lang/en_KI.res" 1294
"../../../Engine/Content/Internationalization/icudt64l/region/en_KI.res" 1295
"../../../Engine/Content/Internationalization/icudt64l/lang/en_KN.res" 1296
"../../../Engine/Content/Internationalization/icudt64l/region/en_KN.res" 1297
"../../../Engine/Content/Internationalization/icudt64l/lang/en_KY.res" 1298
"../../../Engine/Content/Internationalization/icudt64l/region/en_KY.res" 1299
"../../../Engine/Content/Internationalization/icudt64l/lang/en_LC.res" 1300
"../../../Engine/Content/Internationalization/icudt64l/region/en_LC.res" 1301
"../../../Engine/Content/Internationalization/icudt64l/lang/en_LR.res" 1302
"../../../Engine/Content/Internationalization/icudt64l/region/en_LR.res" 1303
"../../../Engine/Content/Internationalization/icudt64l/lang/en_LS.res" 1304
"../../../Engine/Content/Internationalization/icudt64l/region/en_LS.res" 1305
"../../../Engine/Content/Internationalization/icudt64l/lang/en_MG.res" 1306
"../../../Engine/Content/Internationalization/icudt64l/region/en_MG.res" 1307
"../../../Engine/Content/Internationalization/icudt64l/lang/en_MO.res" 1308
"../../../Engine/Content/Internationalization/icudt64l/region/en_MO.res" 1309
"../../../Engine/Content/Internationalization/icudt64l/lang/en_MS.res" 1310
"../../../Engine/Content/Internationalization/icudt64l/region/en_MS.res" 1311
"../../../Engine/Content/Internationalization/icudt64l/lang/en_MT.res" 1312
"../../../Engine/Content/Internationalization/icudt64l/region/en_MT.res" 1313
"../../../Engine/Content/Internationalization/icudt64l/lang/en_MU.res" 1314
"../../../Engine/Content/Internationalization/icudt64l/region/en_MU.res" 1315
"../../../Engine/Content/Internationalization/icudt64l/lang/en_MW.res" 1316
"../../../Engine/Content/Internationalization/icudt64l/region/en_MW.res" 1317
"../../../Engine/Content/Internationalization/icudt64l/lang/en_MY.res" 1318
"../../../Engine/Content/Internationalization/icudt64l/region/en_MY.res" 1319
"../../../Engine/Content/Internationalization/icudt64l/lang/en_NA.res" 1320
"../../../Engine/Content/Internationalization/icudt64l/region/en_NA.res" 1321
"../../../Engine/Content/Internationalization/icudt64l/lang/en_NF.res" 1322
"../../../Engine/Content/Internationalization/icudt64l/region/en_NF.res" 1323
"../../../Engine/Content/Internationalization/icudt64l/lang/en_NG.res" 1324
"../../../Engine/Content/Internationalization/icudt64l/region/en_NG.res" 1325
"../../../Engine/Content/Internationalization/icudt64l/lang/en_NL.res" 1326
"../../../Engine/Content/Internationalization/icudt64l/region/en_NL.res" 1327
"../../../Engine/Content/Internationalization/icudt64l/lang/en_NR.res" 1328
"../../../Engine/Content/Internationalization/icudt64l/region/en_NR.res" 1329
"../../../Engine/Content/Internationalization/icudt64l/lang/en_NU.res" 1330
"../../../Engine/Content/Internationalization/icudt64l/region/en_NU.res" 1331
"../../../Engine/Content/Internationalization/icudt64l/lang/en_NZ.res" 1332
"../../../Engine/Content/Internationalization/icudt64l/region/en_NZ.res" 1333
"../../../Engine/Content/Internationalization/icudt64l/lang/en_PG.res" 1334
"../../../Engine/Content/Internationalization/icudt64l/region/en_PG.res" 1335
"../../../Engine/Content/Internationalization/icudt64l/lang/en_PH.res" 1336
"../../../Engine/Content/Internationalization/icudt64l/region/en_PH.res" 1337
"../../../Engine/Content/Internationalization/icudt64l/lang/en_PK.res" 1338
"../../../Engine/Content/Internationalization/icudt64l/region/en_PK.res" 1339
"../../../Engine/Content/Internationalization/icudt64l/lang/en_PN.res" 1340
"../../../Engine/Content/Internationalization/icudt64l/region/en_PN.res" 1341
"../../../Engine/Content/Internationalization/icudt64l/lang/en_PW.res" 1342
"../../../Engine/Content/Internationalization/icudt64l/region/en_PW.res" 1343
"../../../Engine/Content/Internationalization/icudt64l/lang/en_RW.res" 1344
"../../../Engine/Content/Internationalization/icudt64l/region/en_RW.res" 1345
"../../../Engine/Content/Internationalization/icudt64l/lang/en_SB.res" 1346
"../../../Engine/Content/Internationalization/icudt64l/region/en_SB.res" 1347
"../../../Engine/Content/Internationalization/icudt64l/lang/en_SC.res" 1348
"../../../Engine/Content/Internationalization/icudt64l/region/en_SC.res" 1349
"../../../Engine/Content/Internationalization/icudt64l/lang/en_SD.res" 1350
"../../../Engine/Content/Internationalization/icudt64l/region/en_SD.res" 1351
"../../../Engine/Content/Internationalization/icudt64l/lang/en_SE.res" 1352
"../../../Engine/Content/Internationalization/icudt64l/region/en_SE.res" 1353
"../../../Engine/Content/Internationalization/icudt64l/lang/en_SG.res" 1354
"../../../Engine/Content/Internationalization/icudt64l/region/en_SG.res" 1355
"../../../Engine/Content/Internationalization/icudt64l/lang/en_SH.res" 1356
"../../../Engine/Content/Internationalization/icudt64l/region/en_SH.res" 1357
"../../../Engine/Content/Internationalization/icudt64l/lang/en_SI.res" 1358
"../../../Engine/Content/Internationalization/icudt64l/region/en_SI.res" 1359
"../../../Engine/Content/Internationalization/icudt64l/lang/en_SL.res" 1360
"../../../Engine/Content/Internationalization/icudt64l/region/en_SL.res" 1361
"../../../Engine/Content/Internationalization/icudt64l/lang/en_SS.res" 1362
"../../../Engine/Content/Internationalization/icudt64l/region/en_SS.res" 1363
"../../../Engine/Content/Internationalization/icudt64l/lang/en_SX.res" 1364
"../../../Engine/Content/Internationalization/icudt64l/region/en_SX.res" 1365
"../../../Engine/Content/Internationalization/icudt64l/lang/en_SZ.res" 1366
"../../../Engine/Content/Internationalization/icudt64l/region/en_SZ.res" 1367
"../../../Engine/Content/Internationalization/icudt64l/lang/en_TC.res" 1368
"../../../Engine/Content/Internationalization/icudt64l/region/en_TC.res" 1369
"../../../Engine/Content/Internationalization/icudt64l/lang/en_TK.res" 1370
"../../../Engine/Content/Internationalization/icudt64l/region/en_TK.res" 1371
"../../../Engine/Content/Internationalization/icudt64l/lang/en_TO.res" 1372
"../../../Engine/Content/Internationalization/icudt64l/region/en_TO.res" 1373
"../../../Engine/Content/Internationalization/icudt64l/lang/en_TT.res" 1374
"../../../Engine/Content/Internationalization/icudt64l/region/en_TT.res" 1375
"../../../Engine/Content/Internationalization/icudt64l/lang/en_TV.res" 1376
"../../../Engine/Content/Internationalization/icudt64l/region/en_TV.res" 1377
"../../../Engine/Content/Internationalization/icudt64l/lang/en_TZ.res" 1378
"../../../Engine/Content/Internationalization/icudt64l/region/en_TZ.res" 1379
"../../../Engine/Content/Internationalization/icudt64l/lang/en_UG.res" 1380
"../../../Engine/Content/Internationalization/icudt64l/region/en_UG.res" 1381
"../../../Engine/Content/Internationalization/icudt64l/lang/en_VC.res" 1382
"../../../Engine/Content/Internationalization/icudt64l/region/en_VC.res" 1383
"../../../Engine/Content/Internationalization/icudt64l/lang/en_VG.res" 1384
"../../../Engine/Content/Internationalization/icudt64l/region/en_VG.res" 1385
"../../../Engine/Content/Internationalization/icudt64l/lang/en_VU.res" 1386
"../../../Engine/Content/Internationalization/icudt64l/region/en_VU.res" 1387
"../../../Engine/Content/Internationalization/icudt64l/lang/en_WS.res" 1388
"../../../Engine/Content/Internationalization/icudt64l/region/en_WS.res" 1389
"../../../Engine/Content/Internationalization/icudt64l/lang/en_ZA.res" 1390
"../../../Engine/Content/Internationalization/icudt64l/region/en_ZA.res" 1391
"../../../Engine/Content/Internationalization/icudt64l/lang/en_ZM.res" 1392
"../../../Engine/Content/Internationalization/icudt64l/region/en_ZM.res" 1393
"../../../Engine/Content/Internationalization/icudt64l/lang/en_ZW.res" 1394
"../../../Engine/Content/Internationalization/icudt64l/region/en_ZW.res" 1395
"../../../Engine/Content/Internationalization/icudt64l/lang/eo.res" 1396
"../../../Engine/Content/Internationalization/icudt64l/region/eo.res" 1397
"../../../Engine/Content/Internationalization/icudt64l/lang/es.res" 1398
"../../../Engine/Content/Internationalization/icudt64l/lang/es_419.res" 1399
"../../../Engine/Content/Internationalization/icudt64l/region/es_419.res" 1400
"../../../Engine/Content/Internationalization/icudt64l/region/es.res" 1401
"../../../Engine/Content/Internationalization/icudt64l/lang/es_AR.res" 1402
"../../../Engine/Content/Internationalization/icudt64l/region/es_AR.res" 1403
"../../../Engine/Content/Internationalization/icudt64l/lang/es_BO.res" 1404
"../../../Engine/Content/Internationalization/icudt64l/region/es_BO.res" 1405
"../../../Engine/Content/Internationalization/icudt64l/lang/es_BR.res" 1406
"../../../Engine/Content/Internationalization/icudt64l/region/es_BR.res" 1407
"../../../Engine/Content/Internationalization/icudt64l/lang/es_BZ.res" 1408
"../../../Engine/Content/Internationalization/icudt64l/region/es_BZ.res" 1409
"../../../Engine/Content/Internationalization/icudt64l/lang/es_CL.res" 1410
"../../../Engine/Content/Internationalization/icudt64l/region/es_CL.res" 1411
"../../../Engine/Content/Internationalization/icudt64l/lang/es_CO.res" 1412
"../../../Engine/Content/Internationalization/icudt64l/region/es_CO.res" 1413
"../../../Engine/Content/Internationalization/icudt64l/lang/es_CR.res" 1414
"../../../Engine/Content/Internationalization/icudt64l/region/es_CR.res" 1415
"../../../Engine/Content/Internationalization/icudt64l/lang/es_CU.res" 1416
"../../../Engine/Content/Internationalization/icudt64l/region/es_CU.res" 1417
"../../../Engine/Content/Internationalization/icudt64l/lang/es_DO.res" 1418
"../../../Engine/Content/Internationalization/icudt64l/region/es_DO.res" 1419
"../../../Engine/Content/Internationalization/icudt64l/lang/es_EC.res" 1420
"../../../Engine/Content/Internationalization/icudt64l/region/es_EC.res" 1421
"../../../Engine/Content/Internationalization/icudt64l/lang/es_GT.res" 1422
"../../../Engine/Content/Internationalization/icudt64l/region/es_GT.res" 1423
"../../../Engine/Content/Internationalization/icudt64l/lang/es_HN.res" 1424
"../../../Engine/Content/Internationalization/icudt64l/region/es_HN.res" 1425
"../../../Engine/Content/Internationalization/icudt64l/lang/es_MX.res" 1426
"../../../Engine/Content/Internationalization/icudt64l/region/es_MX.res" 1427
"../../../Engine/Content/Internationalization/icudt64l/lang/es_NI.res" 1428
"../../../Engine/Content/Internationalization/icudt64l/region/es_NI.res" 1429
"../../../Engine/Content/Internationalization/icudt64l/lang/es_PA.res" 1430
"../../../Engine/Content/Internationalization/icudt64l/region/es_PA.res" 1431
"../../../Engine/Content/Internationalization/icudt64l/lang/es_PE.res" 1432
"../../../Engine/Content/Internationalization/icudt64l/region/es_PE.res" 1433
"../../../Engine/Content/Internationalization/icudt64l/lang/es_PR.res" 1434
"../../../Engine/Content/Internationalization/icudt64l/region/es_PR.res" 1435
"../../../Engine/Content/Internationalization/icudt64l/lang/es_PY.res" 1436
"../../../Engine/Content/Internationalization/icudt64l/region/es_PY.res" 1437
"../../../Engine/Content/Internationalization/icudt64l/lang/es_SV.res" 1438
"../../../Engine/Content/Internationalization/icudt64l/region/es_SV.res" 1439
"../../../Engine/Content/Internationalization/icudt64l/lang/es_US.res" 1440
"../../../Engine/Content/Internationalization/icudt64l/region/es_US.res" 1441
"../../../Engine/Content/Internationalization/icudt64l/lang/es_UY.res" 1442
"../../../Engine/Content/Internationalization/icudt64l/region/es_UY.res" 1443
"../../../Engine/Content/Internationalization/icudt64l/lang/es_VE.res" 1444
"../../../Engine/Content/Internationalization/icudt64l/region/es_VE.res" 1445
"../../../Engine/Content/Internationalization/icudt64l/lang/et.res" 1446
"../../../Engine/Content/Internationalization/icudt64l/region/et.res" 1447
"../../../Engine/Content/Internationalization/icudt64l/lang/eu.res" 1448
"../../../Engine/Content/Internationalization/icudt64l/region/eu.res" 1449
"../../../Engine/Content/Internationalization/icudt64l/lang/ewo.res" 1450
"../../../Engine/Content/Internationalization/icudt64l/region/ewo.res" 1451
"../../../Engine/Content/Internationalization/icudt64l/lang/fa.res" 1452
"../../../Engine/Content/Internationalization/icudt64l/lang/fa_AF.res" 1453
"../../../Engine/Content/Internationalization/icudt64l/region/fa_AF.res" 1454
"../../../Engine/Content/Internationalization/icudt64l/region/fa.res" 1455
"../../../Engine/Content/Internationalization/icudt64l/lang/ff.res" 1456
"../../../Engine/Content/Internationalization/icudt64l/lang/ff_Latn.res" 1457
"../../../Engine/Content/Internationalization/icudt64l/region/ff.res" 1458
"../../../Engine/Content/Internationalization/icudt64l/region/ff_Latn.res" 1459
"../../../Engine/Content/Internationalization/icudt64l/lang/ff_CM.res" 1460
"../../../Engine/Content/Internationalization/icudt64l/lang/ff_Latn_CM.res" 1461
"../../../Engine/Content/Internationalization/icudt64l/region/ff_CM.res" 1462
"../../../Engine/Content/Internationalization/icudt64l/region/ff_Latn_CM.res" 1463
"../../../Engine/Content/Internationalization/icudt64l/lang/ff_GN.res" 1464
"../../../Engine/Content/Internationalization/icudt64l/lang/ff_Latn_GN.res" 1465
"../../../Engine/Content/Internationalization/icudt64l/region/ff_GN.res" 1466
"../../../Engine/Content/Internationalization/icudt64l/region/ff_Latn_GN.res" 1467
"../../../Engine/Content/Internationalization/icudt64l/lang/ff_MR.res" 1468
"../../../Engine/Content/Internationalization/icudt64l/lang/ff_Latn_MR.res" 1469
"../../../Engine/Content/Internationalization/icudt64l/region/ff_MR.res" 1470
"../../../Engine/Content/Internationalization/icudt64l/region/ff_Latn_MR.res" 1471
"../../../Engine/Content/Internationalization/icudt64l/lang/ff_SN.res" 1472
"../../../Engine/Content/Internationalization/icudt64l/lang/ff_Latn_SN.res" 1473
"../../../Engine/Content/Internationalization/icudt64l/region/ff_SN.res" 1474
"../../../Engine/Content/Internationalization/icudt64l/region/ff_Latn_SN.res" 1475
"../../../Engine/Content/Internationalization/icudt64l/lang/fi.res" 1476
"../../../Engine/Content/Internationalization/icudt64l/region/fi.res" 1477
"../../../Engine/Content/Internationalization/icudt64l/lang/fil.res" 1478
"../../../Engine/Content/Internationalization/icudt64l/lang/fil_PH.res" 1479
"../../../Engine/Content/Internationalization/icudt64l/region/fil_PH.res" 1480
"../../../Engine/Content/Internationalization/icudt64l/region/fil.res" 1481
"../../../Engine/Content/Internationalization/icudt64l/lang/fo.res" 1482
"../../../Engine/Content/Internationalization/icudt64l/region/fo.res" 1483
"../../../Engine/Content/Internationalization/icudt64l/lang/fr.res" 1484
"../../../Engine/Content/Internationalization/icudt64l/lang/fr_BE.res" 1485
"../../../Engine/Content/Internationalization/icudt64l/region/fr_BE.res" 1486
"../../../Engine/Content/Internationalization/icudt64l/region/fr.res" 1487
"../../../Engine/Content/Internationalization/icudt64l/lang/fr_CA.res" 1488
"../../../Engine/Content/Internationalization/icudt64l/region/fr_CA.res" 1489
"../../../Engine/Content/Internationalization/icudt64l/lang/fr_CH.res" 1490
"../../../Engine/Content/Internationalization/icudt64l/lang/fur.res" 1491
"../../../Engine/Content/Internationalization/icudt64l/region/fur.res" 1492
"../../../Engine/Content/Internationalization/icudt64l/lang/fy.res" 1493
"../../../Engine/Content/Internationalization/icudt64l/region/fy.res" 1494
"../../../Engine/Content/Internationalization/icudt64l/lang/ga.res" 1495
"../../../Engine/Content/Internationalization/icudt64l/region/ga.res" 1496
"../../../Engine/Content/Internationalization/icudt64l/lang/gd.res" 1497
"../../../Engine/Content/Internationalization/icudt64l/region/gd.res" 1498
"../../../Engine/Content/Internationalization/icudt64l/lang/gl.res" 1499
"../../../Engine/Content/Internationalization/icudt64l/region/gl.res" 1500
"../../../Engine/Content/Internationalization/icudt64l/lang/gsw.res" 1501
"../../../Engine/Content/Internationalization/icudt64l/region/gsw.res" 1502
"../../../Engine/Content/Internationalization/icudt64l/lang/gu.res" 1503
"../../../Engine/Content/Internationalization/icudt64l/region/gu.res" 1504
"../../../Engine/Content/Internationalization/icudt64l/lang/guz.res" 1505
"../../../Engine/Content/Internationalization/icudt64l/region/guz.res" 1506
"../../../Engine/Content/Internationalization/icudt64l/lang/gv.res" 1507
"../../../Engine/Content/Internationalization/icudt64l/region/gv.res" 1508
"../../../Engine/Content/Internationalization/icudt64l/lang/ha.res" 1509
"../../../Engine/Content/Internationalization/icudt64l/region/ha.res" 1510
"../../../Engine/Content/Internationalization/icudt64l/lang/ha_NE.res" 1511
"../../../Engine/Content/Internationalization/icudt64l/region/ha_NE.res" 1512
"../../../Engine/Content/Internationalization/icudt64l/lang/haw.res" 1513
"../../../Engine/Content/Internationalization/icudt64l/region/haw.res" 1514
"../../../Engine/Content/Internationalization/icudt64l/lang/he.res" 1515
"../../../Engine/Content/Internationalization/icudt64l/lang/he_IL.res" 1516
"../../../Engine/Content/Internationalization/icudt64l/region/he_IL.res" 1517
"../../../Engine/Content/Internationalization/icudt64l/region/he.res" 1518
"../../../Engine/Content/Internationalization/icudt64l/lang/hi.res" 1519
"../../../Engine/Content/Internationalization/icudt64l/region/hi.res" 1520
"../../../Engine/Content/Internationalization/icudt64l/lang/hr.res" 1521
"../../../Engine/Content/Internationalization/icudt64l/region/hr.res" 1522
"../../../Engine/Content/Internationalization/icudt64l/lang/hsb.res" 1523
"../../../Engine/Content/Internationalization/icudt64l/region/hsb.res" 1524
"../../../Engine/Content/Internationalization/icudt64l/lang/hu.res" 1525
"../../../Engine/Content/Internationalization/icudt64l/region/hu.res" 1526
"../../../Engine/Content/Internationalization/icudt64l/lang/hy.res" 1527
"../../../Engine/Content/Internationalization/icudt64l/region/hy.res" 1528
"../../../Engine/Content/Internationalization/icudt64l/lang/ia.res" 1529
"../../../Engine/Content/Internationalization/icudt64l/region/ia.res" 1530
"../../../Engine/Content/Internationalization/icudt64l/lang/id.res" 1531
"../../../Engine/Content/Internationalization/icudt64l/lang/id_ID.res" 1532
"../../../Engine/Content/Internationalization/icudt64l/region/id_ID.res" 1533
"../../../Engine/Content/Internationalization/icudt64l/region/id.res" 1534
"../../../Engine/Content/Internationalization/icudt64l/lang/ig.res" 1535
"../../../Engine/Content/Internationalization/icudt64l/region/ig.res" 1536
"../../../Engine/Content/Internationalization/icudt64l/lang/ii.res" 1537
"../../../Engine/Content/Internationalization/icudt64l/region/ii.res" 1538
"../../../Engine/Content/Internationalization/icudt64l/lang/is.res" 1539
"../../../Engine/Content/Internationalization/icudt64l/region/is.res" 1540
"../../../Engine/Content/Internationalization/icudt64l/lang/it.res" 1541
"../../../Engine/Content/Internationalization/icudt64l/region/it.res" 1542
"../../../Engine/Content/Internationalization/icudt64l/lang/ja.res" 1543
"../../../Engine/Content/Internationalization/icudt64l/lang/ja_JP.res" 1544
"../../../Engine/Content/Internationalization/icudt64l/region/ja_JP.res" 1545
"../../../Engine/Content/Internationalization/icudt64l/region/ja.res" 1546
"../../../Engine/Content/Internationalization/icudt64l/lang/jgo.res" 1547
"../../../Engine/Content/Internationalization/icudt64l/region/jgo.res" 1548
"../../../Engine/Content/Internationalization/icudt64l/lang/jmc.res" 1549
"../../../Engine/Content/Internationalization/icudt64l/region/jmc.res" 1550
"../../../Engine/Content/Internationalization/icudt64l/lang/jv.res" 1551
"../../../Engine/Content/Internationalization/icudt64l/region/jv.res" 1552
"../../../Engine/Content/Internationalization/icudt64l/lang/ka.res" 1553
"../../../Engine/Content/Internationalization/icudt64l/region/ka.res" 1554
"../../../Engine/Content/Internationalization/icudt64l/lang/kab.res" 1555
"../../../Engine/Content/Internationalization/icudt64l/region/kab.res" 1556
"../../../Engine/Content/Internationalization/icudt64l/lang/kam.res" 1557
"../../../Engine/Content/Internationalization/icudt64l/region/kam.res" 1558
"../../../Engine/Content/Internationalization/icudt64l/lang/kde.res" 1559
"../../../Engine/Content/Internationalization/icudt64l/region/kde.res" 1560
"../../../Engine/Content/Internationalization/icudt64l/lang/kea.res" 1561
"../../../Engine/Content/Internationalization/icudt64l/region/kea.res" 1562
"../../../Engine/Content/Internationalization/icudt64l/lang/khq.res" 1563
"../../../Engine/Content/Internationalization/icudt64l/region/khq.res" 1564
"../../../Engine/Content/Internationalization/icudt64l/lang/ki.res" 1565
"../../../Engine/Content/Internationalization/icudt64l/region/ki.res" 1566
"../../../Engine/Content/Internationalization/icudt64l/lang/kk.res" 1567
"../../../Engine/Content/Internationalization/icudt64l/region/kk.res" 1568
"../../../Engine/Content/Internationalization/icudt64l/lang/kkj.res" 1569
"../../../Engine/Content/Internationalization/icudt64l/region/kkj.res" 1570
"../../../Engine/Content/Internationalization/icudt64l/lang/kl.res" 1571
"../../../Engine/Content/Internationalization/icudt64l/region/kl.res" 1572
"../../../Engine/Content/Internationalization/icudt64l/lang/kln.res" 1573
"../../../Engine/Content/Internationalization/icudt64l/region/kln.res" 1574
"../../../Engine/Content/Internationalization/icudt64l/lang/km.res" 1575
"../../../Engine/Content/Internationalization/icudt64l/region/km.res" 1576
"../../../Engine/Content/Internationalization/icudt64l/lang/kn.res" 1577
"../../../Engine/Content/Internationalization/icudt64l/region/kn.res" 1578
"../../../Engine/Content/Internationalization/icudt64l/lang/ko.res" 1579
"../../../Engine/Content/Internationalization/icudt64l/region/ko_KP.res" 1580
"../../../Engine/Content/Internationalization/icudt64l/region/ko.res" 1581
"../../../Engine/Content/Internationalization/icudt64l/lang/kok.res" 1582
"../../../Engine/Content/Internationalization/icudt64l/region/kok.res" 1583
"../../../Engine/Content/Internationalization/icudt64l/lang/ks.res" 1584
"../../../Engine/Content/Internationalization/icudt64l/region/ks.res" 1585
"../../../Engine/Content/Internationalization/icudt64l/lang/ksb.res" 1586
"../../../Engine/Content/Internationalization/icudt64l/region/ksb.res" 1587
"../../../Engine/Content/Internationalization/icudt64l/lang/ksf.res" 1588
"../../../Engine/Content/Internationalization/icudt64l/region/ksf.res" 1589
"../../../Engine/Content/Internationalization/icudt64l/lang/ksh.res" 1590
"../../../Engine/Content/Internationalization/icudt64l/region/ksh.res" 1591
"../../../Engine/Content/Internationalization/icudt64l/lang/ku.res" 1592
"../../../Engine/Content/Internationalization/icudt64l/region/ku.res" 1593
"../../../Engine/Content/Internationalization/icudt64l/lang/kw.res" 1594
"../../../Engine/Content/Internationalization/icudt64l/region/kw.res" 1595
"../../../Engine/Content/Internationalization/icudt64l/lang/ky.res" 1596
"../../../Engine/Content/Internationalization/icudt64l/region/ky.res" 1597
"../../../Engine/Content/Internationalization/icudt64l/lang/lag.res" 1598
"../../../Engine/Content/Internationalization/icudt64l/region/lag.res" 1599
"../../../Engine/Content/Internationalization/icudt64l/lang/lb.res" 1600
"../../../Engine/Content/Internationalization/icudt64l/region/lb.res" 1601
"../../../Engine/Content/Internationalization/icudt64l/lang/lg.res" 1602
"../../../Engine/Content/Internationalization/icudt64l/region/lg.res" 1603
"../../../Engine/Content/Internationalization/icudt64l/lang/lkt.res" 1604
"../../../Engine/Content/Internationalization/icudt64l/region/lkt.res" 1605
"../../../Engine/Content/Internationalization/icudt64l/lang/ln.res" 1606
"../../../Engine/Content/Internationalization/icudt64l/region/ln.res" 1607
"../../../Engine/Content/Internationalization/icudt64l/lang/lo.res" 1608
"../../../Engine/Content/Internationalization/icudt64l/region/lo.res" 1609
"../../../Engine/Content/Internationalization/icudt64l/lang/lrc.res" 1610
"../../../Engine/Content/Internationalization/icudt64l/region/lrc.res" 1611
"../../../Engine/Content/Internationalization/icudt64l/lang/lt.res" 1612
"../../../Engine/Content/Internationalization/icudt64l/region/lt.res" 1613
"../../../Engine/Content/Internationalization/icudt64l/lang/lu.res" 1614
"../../../Engine/Content/Internationalization/icudt64l/region/lu.res" 1615
"../../../Engine/Content/Internationalization/icudt64l/lang/luo.res" 1616
"../../../Engine/Content/Internationalization/icudt64l/region/luo.res" 1617
"../../../Engine/Content/Internationalization/icudt64l/lang/luy.res" 1618
"../../../Engine/Content/Internationalization/icudt64l/region/luy.res" 1619
"../../../Engine/Content/Internationalization/icudt64l/lang/lv.res" 1620
"../../../Engine/Content/Internationalization/icudt64l/region/lv.res" 1621
"../../../Engine/Content/Internationalization/icudt64l/lang/mas.res" 1622
"../../../Engine/Content/Internationalization/icudt64l/region/mas.res" 1623
"../../../Engine/Content/Internationalization/icudt64l/lang/mer.res" 1624
"../../../Engine/Content/Internationalization/icudt64l/region/mer.res" 1625
"../../../Engine/Content/Internationalization/icudt64l/lang/mfe.res" 1626
"../../../Engine/Content/Internationalization/icudt64l/region/mfe.res" 1627
"../../../Engine/Content/Internationalization/icudt64l/lang/mg.res" 1628
"../../../Engine/Content/Internationalization/icudt64l/region/mg.res" 1629
"../../../Engine/Content/Internationalization/icudt64l/lang/mgh.res" 1630
"../../../Engine/Content/Internationalization/icudt64l/region/mgh.res" 1631
"../../../Engine/Content/Internationalization/icudt64l/lang/mgo.res" 1632
"../../../Engine/Content/Internationalization/icudt64l/region/mgo.res" 1633
"../../../Engine/Content/Internationalization/icudt64l/lang/mi.res" 1634
"../../../Engine/Content/Internationalization/icudt64l/region/mi.res" 1635
"../../../Engine/Content/Internationalization/icudt64l/lang/mk.res" 1636
"../../../Engine/Content/Internationalization/icudt64l/region/mk.res" 1637
"../../../Engine/Content/Internationalization/icudt64l/lang/ml.res" 1638
"../../../Engine/Content/Internationalization/icudt64l/region/ml.res" 1639
"../../../Engine/Content/Internationalization/icudt64l/lang/mn.res" 1640
"../../../Engine/Content/Internationalization/icudt64l/region/mn.res" 1641
"../../../Engine/Content/Internationalization/icudt64l/lang/mr.res" 1642
"../../../Engine/Content/Internationalization/icudt64l/region/mr.res" 1643
"../../../Engine/Content/Internationalization/icudt64l/lang/ms.res" 1644
"../../../Engine/Content/Internationalization/icudt64l/region/ms.res" 1645
"../../../Engine/Content/Internationalization/icudt64l/lang/mt.res" 1646
"../../../Engine/Content/Internationalization/icudt64l/region/mt.res" 1647
"../../../Engine/Content/Internationalization/icudt64l/lang/mua.res" 1648
"../../../Engine/Content/Internationalization/icudt64l/region/mua.res" 1649
"../../../Engine/Content/Internationalization/icudt64l/lang/my.res" 1650
"../../../Engine/Content/Internationalization/icudt64l/region/my.res" 1651
"../../../Engine/Content/Internationalization/icudt64l/lang/mzn.res" 1652
"../../../Engine/Content/Internationalization/icudt64l/region/mzn.res" 1653
"../../../Engine/Content/Internationalization/icudt64l/lang/naq.res" 1654
"../../../Engine/Content/Internationalization/icudt64l/region/naq.res" 1655
"../../../Engine/Content/Internationalization/icudt64l/lang/nb.res" 1656
"../../../Engine/Content/Internationalization/icudt64l/lang/nb_NO.res" 1657
"../../../Engine/Content/Internationalization/icudt64l/region/nb_NO.res" 1658
"../../../Engine/Content/Internationalization/icudt64l/region/nb.res" 1659
"../../../Engine/Content/Internationalization/icudt64l/lang/nd.res" 1660
"../../../Engine/Content/Internationalization/icudt64l/region/nd.res" 1661
"../../../Engine/Content/Internationalization/icudt64l/lang/nds.res" 1662
"../../../Engine/Content/Internationalization/icudt64l/region/nds.res" 1663
"../../../Engine/Content/Internationalization/icudt64l/lang/ne.res" 1664
"../../../Engine/Content/Internationalization/icudt64l/region/ne.res" 1665
"../../../Engine/Content/Internationalization/icudt64l/lang/nl.res" 1666
"../../../Engine/Content/Internationalization/icudt64l/region/nl.res" 1667
"../../../Engine/Content/Internationalization/icudt64l/lang/nmg.res" 1668
"../../../Engine/Content/Internationalization/icudt64l/region/nmg.res" 1669
"../../../Engine/Content/Internationalization/icudt64l/lang/nn.res" 1670
"../../../Engine/Content/Internationalization/icudt64l/lang/nn_NO.res" 1671
"../../../Engine/Content/Internationalization/icudt64l/region/nn_NO.res" 1672
"../../../Engine/Content/Internationalization/icudt64l/region/nn.res" 1673
"../../../Engine/Content/Internationalization/icudt64l/lang/nnh.res" 1674
"../../../Engine/Content/Internationalization/icudt64l/region/nnh.res" 1675
"../../../Engine/Content/Internationalization/icudt64l/lang/nus.res" 1676
"../../../Engine/Content/Internationalization/icudt64l/region/nus.res" 1677
"../../../Engine/Content/Internationalization/icudt64l/lang/nyn.res" 1678
"../../../Engine/Content/Internationalization/icudt64l/region/nyn.res" 1679
"../../../Engine/Content/Internationalization/icudt64l/lang/om.res" 1680
"../../../Engine/Content/Internationalization/icudt64l/region/om.res" 1681
"../../../Engine/Content/Internationalization/icudt64l/lang/or.res" 1682
"../../../Engine/Content/Internationalization/icudt64l/region/or.res" 1683
"../../../Engine/Content/Internationalization/icudt64l/lang/os.res" 1684
"../../../Engine/Content/Internationalization/icudt64l/region/os.res" 1685
"../../../Engine/Content/Internationalization/icudt64l/lang/pa.res" 1686
"../../../Engine/Content/Internationalization/icudt64l/lang/pa_Arab.res" 1687
"../../../Engine/Content/Internationalization/icudt64l/lang/pa_PK.res" 1688
"../../../Engine/Content/Internationalization/icudt64l/lang/pa_Arab_PK.res" 1689
"../../../Engine/Content/Internationalization/icudt64l/region/pa_PK.res" 1690
"../../../Engine/Content/Internationalization/icudt64l/region/pa_Arab_PK.res" 1691
"../../../Engine/Content/Internationalization/icudt64l/region/pa_Arab.res" 1692
"../../../Engine/Content/Internationalization/icudt64l/lang/pa_Guru.res" 1693
"../../../Engine/Content/Internationalization/icudt64l/lang/pa_IN.res" 1694
"../../../Engine/Content/Internationalization/icudt64l/lang/pa_Guru_IN.res" 1695
"../../../Engine/Content/Internationalization/icudt64l/region/pa_IN.res" 1696
"../../../Engine/Content/Internationalization/icudt64l/region/pa_Guru_IN.res" 1697
"../../../Engine/Content/Internationalization/icudt64l/region/pa_Guru.res" 1698
"../../../Engine/Content/Internationalization/icudt64l/region/pa.res" 1699
"../../../Engine/Content/Internationalization/icudt64l/lang/ps.res" 1700
"../../../Engine/Content/Internationalization/icudt64l/region/ps.res" 1701
"../../../Engine/Content/Internationalization/icudt64l/lang/ps_PK.res" 1702
"../../../Engine/Content/Internationalization/icudt64l/region/ps_PK.res" 1703
"../../../Engine/Content/Internationalization/icudt64l/lang/pt.res" 1704
"../../../Engine/Content/Internationalization/icudt64l/lang/pt_AO.res" 1705
"../../../Engine/Content/Internationalization/icudt64l/lang/pt_PT.res" 1706
"../../../Engine/Content/Internationalization/icudt64l/region/pt_AO.res" 1707
"../../../Engine/Content/Internationalization/icudt64l/region/pt_PT.res" 1708
"../../../Engine/Content/Internationalization/icudt64l/region/pt.res" 1709
"../../../Engine/Content/Internationalization/icudt64l/lang/pt_CH.res" 1710
"../../../Engine/Content/Internationalization/icudt64l/region/pt_CH.res" 1711
"../../../Engine/Content/Internationalization/icudt64l/lang/pt_CV.res" 1712
"../../../Engine/Content/Internationalization/icudt64l/region/pt_CV.res" 1713
"../../../Engine/Content/Internationalization/icudt64l/lang/pt_GQ.res" 1714
"../../../Engine/Content/Internationalization/icudt64l/region/pt_GQ.res" 1715
"../../../Engine/Content/Internationalization/icudt64l/lang/pt_GW.res" 1716
"../../../Engine/Content/Internationalization/icudt64l/region/pt_GW.res" 1717
"../../../Engine/Content/Internationalization/icudt64l/lang/pt_LU.res" 1718
"../../../Engine/Content/Internationalization/icudt64l/region/pt_LU.res" 1719
"../../../Engine/Content/Internationalization/icudt64l/lang/pt_MO.res" 1720
"../../../Engine/Content/Internationalization/icudt64l/region/pt_MO.res" 1721
"../../../Engine/Content/Internationalization/icudt64l/lang/pt_MZ.res" 1722
"../../../Engine/Content/Internationalization/icudt64l/region/pt_MZ.res" 1723
"../../../Engine/Content/Internationalization/icudt64l/lang/pt_ST.res" 1724
"../../../Engine/Content/Internationalization/icudt64l/region/pt_ST.res" 1725
"../../../Engine/Content/Internationalization/icudt64l/lang/pt_TL.res" 1726
"../../../Engine/Content/Internationalization/icudt64l/region/pt_TL.res" 1727
"../../../Engine/Content/Internationalization/icudt64l/lang/qu.res" 1728
"../../../Engine/Content/Internationalization/icudt64l/region/qu.res" 1729
"../../../Engine/Content/Internationalization/icudt64l/lang/rm.res" 1730
"../../../Engine/Content/Internationalization/icudt64l/region/rm.res" 1731
"../../../Engine/Content/Internationalization/icudt64l/lang/rn.res" 1732
"../../../Engine/Content/Internationalization/icudt64l/region/rn.res" 1733
"../../../Engine/Content/Internationalization/icudt64l/lang/ro.res" 1734
"../../../Engine/Content/Internationalization/icudt64l/lang/ro_MD.res" 1735
"../../../Engine/Content/Internationalization/icudt64l/region/ro_MD.res" 1736
"../../../Engine/Content/Internationalization/icudt64l/region/ro.res" 1737
"../../../Engine/Content/Internationalization/icudt64l/lang/rof.res" 1738
"../../../Engine/Content/Internationalization/icudt64l/region/rof.res" 1739
"../../../Engine/Content/Internationalization/icudt64l/lang/ru.res" 1740
"../../../Engine/Content/Internationalization/icudt64l/region/ru.res" 1741
"../../../Engine/Content/Internationalization/icudt64l/region/ru_UA.res" 1742
"../../../Engine/Content/Internationalization/icudt64l/lang/rw.res" 1743
"../../../Engine/Content/Internationalization/icudt64l/region/rw.res" 1744
"../../../Engine/Content/Internationalization/icudt64l/lang/rwk.res" 1745
"../../../Engine/Content/Internationalization/icudt64l/region/rwk.res" 1746
"../../../Engine/Content/Internationalization/icudt64l/lang/sah.res" 1747
"../../../Engine/Content/Internationalization/icudt64l/region/sah.res" 1748
"../../../Engine/Content/Internationalization/icudt64l/lang/saq.res" 1749
"../../../Engine/Content/Internationalization/icudt64l/region/saq.res" 1750
"../../../Engine/Content/Internationalization/icudt64l/lang/sbp.res" 1751
"../../../Engine/Content/Internationalization/icudt64l/region/sbp.res" 1752
"../../../Engine/Content/Internationalization/icudt64l/lang/sd.res" 1753
"../../../Engine/Content/Internationalization/icudt64l/region/sd.res" 1754
"../../../Engine/Content/Internationalization/icudt64l/lang/se.res" 1755
"../../../Engine/Content/Internationalization/icudt64l/lang/se_FI.res" 1756
"../../../Engine/Content/Internationalization/icudt64l/region/se_FI.res" 1757
"../../../Engine/Content/Internationalization/icudt64l/region/se.res" 1758
"../../../Engine/Content/Internationalization/icudt64l/lang/seh.res" 1759
"../../../Engine/Content/Internationalization/icudt64l/region/seh.res" 1760
"../../../Engine/Content/Internationalization/icudt64l/lang/ses.res" 1761
"../../../Engine/Content/Internationalization/icudt64l/region/ses.res" 1762
"../../../Engine/Content/Internationalization/icudt64l/lang/sg.res" 1763
"../../../Engine/Content/Internationalization/icudt64l/region/sg.res" 1764
"../../../Engine/Content/Internationalization/icudt64l/lang/shi.res" 1765
"../../../Engine/Content/Internationalization/icudt64l/lang/shi_Latn.res" 1766
"../../../Engine/Content/Internationalization/icudt64l/lang/shi_MA.res" 1767
"../../../Engine/Content/Internationalization/icudt64l/lang/shi_Tfng_MA.res" 1768
"../../../Engine/Content/Internationalization/icudt64l/lang/shi_Tfng.res" 1769
"../../../Engine/Content/Internationalization/icudt64l/region/shi_MA.res" 1770
"../../../Engine/Content/Internationalization/icudt64l/region/shi_Tfng_MA.res" 1771
"../../../Engine/Content/Internationalization/icudt64l/region/shi_Tfng.res" 1772
"../../../Engine/Content/Internationalization/icudt64l/region/shi.res" 1773
"../../../Engine/Content/Internationalization/icudt64l/region/shi_Latn.res" 1774
"../../../Engine/Content/Internationalization/icudt64l/lang/si.res" 1775
"../../../Engine/Content/Internationalization/icudt64l/region/si.res" 1776
"../../../Engine/Content/Internationalization/icudt64l/lang/sk.res" 1777
"../../../Engine/Content/Internationalization/icudt64l/region/sk.res" 1778
"../../../Engine/Content/Internationalization/icudt64l/lang/sl.res" 1779
"../../../Engine/Content/Internationalization/icudt64l/region/sl.res" 1780
"../../../Engine/Content/Internationalization/icudt64l/lang/smn.res" 1781
"../../../Engine/Content/Internationalization/icudt64l/region/smn.res" 1782
"../../../Engine/Content/Internationalization/icudt64l/lang/sn.res" 1783
"../../../Engine/Content/Internationalization/icudt64l/region/sn.res" 1784
"../../../Engine/Content/Internationalization/icudt64l/lang/so.res" 1785
"../../../Engine/Content/Internationalization/icudt64l/region/so.res" 1786
"../../../Engine/Content/Internationalization/icudt64l/lang/sq.res" 1787
"../../../Engine/Content/Internationalization/icudt64l/region/sq.res" 1788
"../../../Engine/Content/Internationalization/icudt64l/lang/sr.res" 1789
"../../../Engine/Content/Internationalization/icudt64l/lang/sr_Cyrl.res" 1790
"../../../Engine/Content/Internationalization/icudt64l/lang/sr_BA.res" 1791
"../../../Engine/Content/Internationalization/icudt64l/lang/sr_Cyrl_BA.res" 1792
"../../../Engine/Content/Internationalization/icudt64l/region/sr_BA.res" 1793
"../../../Engine/Content/Internationalization/icudt64l/region/sr_Cyrl_BA.res" 1794
"../../../Engine/Content/Internationalization/icudt64l/region/sr_Cyrl.res" 1795
"../../../Engine/Content/Internationalization/icudt64l/region/sr.res" 1796
"../../../Engine/Content/Internationalization/icudt64l/lang/sr_ME.res" 1797
"../../../Engine/Content/Internationalization/icudt64l/lang/sr_Latn_ME.res" 1798
"../../../Engine/Content/Internationalization/icudt64l/lang/sr_Latn.res" 1799
"../../../Engine/Content/Internationalization/icudt64l/region/sr_ME.res" 1800
"../../../Engine/Content/Internationalization/icudt64l/region/sr_Latn_ME.res" 1801
"../../../Engine/Content/Internationalization/icudt64l/region/sr_Latn.res" 1802
"../../../Engine/Content/Internationalization/icudt64l/lang/sr_Cyrl_ME.res" 1803
"../../../Engine/Content/Internationalization/icudt64l/region/sr_Cyrl_ME.res" 1804
"../../../Engine/Content/Internationalization/icudt64l/lang/sr_RS.res" 1805
"../../../Engine/Content/Internationalization/icudt64l/lang/sr_Cyrl_RS.res" 1806
"../../../Engine/Content/Internationalization/icudt64l/region/sr_RS.res" 1807
"../../../Engine/Content/Internationalization/icudt64l/region/sr_Cyrl_RS.res" 1808
"../../../Engine/Content/Internationalization/icudt64l/lang/sr_XK.res" 1809
"../../../Engine/Content/Internationalization/icudt64l/lang/sr_Cyrl_XK.res" 1810
"../../../Engine/Content/Internationalization/icudt64l/region/sr_XK.res" 1811
"../../../Engine/Content/Internationalization/icudt64l/region/sr_Cyrl_XK.res" 1812
"../../../Engine/Content/Internationalization/icudt64l/lang/sr_Latn_BA.res" 1813
"../../../Engine/Content/Internationalization/icudt64l/region/sr_Latn_BA.res" 1814
"../../../Engine/Content/Internationalization/icudt64l/lang/sr_Latn_RS.res" 1815
"../../../Engine/Content/Internationalization/icudt64l/region/sr_Latn_RS.res" 1816
"../../../Engine/Content/Internationalization/icudt64l/lang/sr_Latn_XK.res" 1817
"../../../Engine/Content/Internationalization/icudt64l/region/sr_Latn_XK.res" 1818
"../../../Engine/Content/Internationalization/icudt64l/lang/sv.res" 1819
"../../../Engine/Content/Internationalization/icudt64l/region/sv.res" 1820
"../../../Engine/Content/Internationalization/icudt64l/lang/sv_FI.res" 1821
"../../../Engine/Content/Internationalization/icudt64l/lang/sw.res" 1822
"../../../Engine/Content/Internationalization/icudt64l/lang/sw_CD.res" 1823
"../../../Engine/Content/Internationalization/icudt64l/region/sw_CD.res" 1824
"../../../Engine/Content/Internationalization/icudt64l/region/sw.res" 1825
"../../../Engine/Content/Internationalization/icudt64l/lang/sw_KE.res" 1826
"../../../Engine/Content/Internationalization/icudt64l/region/sw_KE.res" 1827
"../../../Engine/Content/Internationalization/icudt64l/lang/ta.res" 1828
"../../../Engine/Content/Internationalization/icudt64l/region/ta.res" 1829
"../../../Engine/Content/Internationalization/icudt64l/lang/te.res" 1830
"../../../Engine/Content/Internationalization/icudt64l/region/te.res" 1831
"../../../Engine/Content/Internationalization/icudt64l/lang/teo.res" 1832
"../../../Engine/Content/Internationalization/icudt64l/region/teo.res" 1833
"../../../Engine/Content/Internationalization/icudt64l/lang/tg.res" 1834
"../../../Engine/Content/Internationalization/icudt64l/region/tg.res" 1835
"../../../Engine/Content/Internationalization/icudt64l/lang/th.res" 1836
"../../../Engine/Content/Internationalization/icudt64l/lang/th_TH.res" 1837
"../../../Engine/Content/Internationalization/icudt64l/region/th_TH.res" 1838
"../../../Engine/Content/Internationalization/icudt64l/region/th.res" 1839
"../../../Engine/Content/Internationalization/icudt64l/lang/ti.res" 1840
"../../../Engine/Content/Internationalization/icudt64l/region/ti.res" 1841
"../../../Engine/Content/Internationalization/icudt64l/lang/tk.res" 1842
"../../../Engine/Content/Internationalization/icudt64l/region/tk.res" 1843
"../../../Engine/Content/Internationalization/icudt64l/lang/to.res" 1844
"../../../Engine/Content/Internationalization/icudt64l/region/to.res" 1845
"../../../Engine/Content/Internationalization/icudt64l/lang/tr.res" 1846
"../../../Engine/Content/Internationalization/icudt64l/region/tr.res" 1847
"../../../Engine/Content/Internationalization/icudt64l/lang/tt.res" 1848
"../../../Engine/Content/Internationalization/icudt64l/region/tt.res" 1849
"../../../Engine/Content/Internationalization/icudt64l/lang/twq.res" 1850
"../../../Engine/Content/Internationalization/icudt64l/region/twq.res" 1851
"../../../Engine/Content/Internationalization/icudt64l/lang/tzm.res" 1852
"../../../Engine/Content/Internationalization/icudt64l/region/tzm.res" 1853
"../../../Engine/Content/Internationalization/icudt64l/lang/ug.res" 1854
"../../../Engine/Content/Internationalization/icudt64l/region/ug.res" 1855
"../../../Engine/Content/Internationalization/icudt64l/lang/uk.res" 1856
"../../../Engine/Content/Internationalization/icudt64l/region/uk.res" 1857
"../../../Engine/Content/Internationalization/icudt64l/lang/ur.res" 1858
"../../../Engine/Content/Internationalization/icudt64l/lang/ur_IN.res" 1859
"../../../Engine/Content/Internationalization/icudt64l/region/ur_IN.res" 1860
"../../../Engine/Content/Internationalization/icudt64l/region/ur.res" 1861
"../../../Engine/Content/Internationalization/icudt64l/lang/uz.res" 1862
"../../../Engine/Content/Internationalization/icudt64l/lang/uz_Arab.res" 1863
"../../../Engine/Content/Internationalization/icudt64l/lang/uz_AF.res" 1864
"../../../Engine/Content/Internationalization/icudt64l/lang/uz_Arab_AF.res" 1865
"../../../Engine/Content/Internationalization/icudt64l/region/uz_AF.res" 1866
"../../../Engine/Content/Internationalization/icudt64l/region/uz_Arab_AF.res" 1867
"../../../Engine/Content/Internationalization/icudt64l/region/uz_Arab.res" 1868
"../../../Engine/Content/Internationalization/icudt64l/lang/uz_Cyrl.res" 1869
"../../../Engine/Content/Internationalization/icudt64l/lang/uz_UZ.res" 1870
"../../../Engine/Content/Internationalization/icudt64l/lang/uz_Latn_UZ.res" 1871
"../../../Engine/Content/Internationalization/icudt64l/lang/uz_Latn.res" 1872
"../../../Engine/Content/Internationalization/icudt64l/region/uz_UZ.res" 1873
"../../../Engine/Content/Internationalization/icudt64l/region/uz_Latn_UZ.res" 1874
"../../../Engine/Content/Internationalization/icudt64l/region/uz_Latn.res" 1875
"../../../Engine/Content/Internationalization/icudt64l/region/uz.res" 1876
"../../../Engine/Content/Internationalization/icudt64l/region/uz_Cyrl.res" 1877
"../../../Engine/Content/Internationalization/icudt64l/lang/vai.res" 1878
"../../../Engine/Content/Internationalization/icudt64l/lang/vai_Latn.res" 1879
"../../../Engine/Content/Internationalization/icudt64l/lang/vai_LR.res" 1880
"../../../Engine/Content/Internationalization/icudt64l/lang/vai_Vaii_LR.res" 1881
"../../../Engine/Content/Internationalization/icudt64l/lang/vai_Vaii.res" 1882
"../../../Engine/Content/Internationalization/icudt64l/region/vai_LR.res" 1883
"../../../Engine/Content/Internationalization/icudt64l/region/vai_Vaii_LR.res" 1884
"../../../Engine/Content/Internationalization/icudt64l/region/vai_Vaii.res" 1885
"../../../Engine/Content/Internationalization/icudt64l/region/vai.res" 1886
"../../../Engine/Content/Internationalization/icudt64l/region/vai_Latn.res" 1887
"../../../Engine/Content/Internationalization/icudt64l/lang/vi.res" 1888
"../../../Engine/Content/Internationalization/icudt64l/region/vi.res" 1889
"../../../Engine/Content/Internationalization/icudt64l/lang/vun.res" 1890
"../../../Engine/Content/Internationalization/icudt64l/region/vun.res" 1891
"../../../Engine/Content/Internationalization/icudt64l/lang/wae.res" 1892
"../../../Engine/Content/Internationalization/icudt64l/region/wae.res" 1893
"../../../Engine/Content/Internationalization/icudt64l/lang/wo.res" 1894
"../../../Engine/Content/Internationalization/icudt64l/region/wo.res" 1895
"../../../Engine/Content/Internationalization/icudt64l/lang/xh.res" 1896
"../../../Engine/Content/Internationalization/icudt64l/region/xh.res" 1897
"../../../Engine/Content/Internationalization/icudt64l/lang/xog.res" 1898
"../../../Engine/Content/Internationalization/icudt64l/region/xog.res" 1899
"../../../Engine/Content/Internationalization/icudt64l/lang/yav.res" 1900
"../../../Engine/Content/Internationalization/icudt64l/region/yav.res" 1901
"../../../Engine/Content/Internationalization/icudt64l/lang/yi.res" 1902
"../../../Engine/Content/Internationalization/icudt64l/region/yi.res" 1903
"../../../Engine/Content/Internationalization/icudt64l/lang/yo.res" 1904
"../../../Engine/Content/Internationalization/icudt64l/lang/yo_BJ.res" 1905
"../../../Engine/Content/Internationalization/icudt64l/region/yo_BJ.res" 1906
"../../../Engine/Content/Internationalization/icudt64l/region/yo.res" 1907
"../../../Engine/Content/Internationalization/icudt64l/lang/yue.res" 1908
"../../../Engine/Content/Internationalization/icudt64l/lang/yue_Hans.res" 1909
"../../../Engine/Content/Internationalization/icudt64l/lang/yue_CN.res" 1910
"../../../Engine/Content/Internationalization/icudt64l/lang/yue_Hans_CN.res" 1911
"../../../Engine/Content/Internationalization/icudt64l/region/yue_CN.res" 1912
"../../../Engine/Content/Internationalization/icudt64l/region/yue_Hans_CN.res" 1913
"../../../Engine/Content/Internationalization/icudt64l/region/yue_Hans.res" 1914
"../../../Engine/Content/Internationalization/icudt64l/lang/yue_Hant.res" 1915
"../../../Engine/Content/Internationalization/icudt64l/lang/yue_HK.res" 1916
"../../../Engine/Content/Internationalization/icudt64l/lang/yue_Hant_HK.res" 1917
"../../../Engine/Content/Internationalization/icudt64l/region/yue_HK.res" 1918
"../../../Engine/Content/Internationalization/icudt64l/region/yue_Hant_HK.res" 1919
"../../../Engine/Content/Internationalization/icudt64l/region/yue_Hant.res" 1920
"../../../Engine/Content/Internationalization/icudt64l/region/yue.res" 1921
"../../../Engine/Content/Internationalization/icudt64l/lang/zgh.res" 1922
"../../../Engine/Content/Internationalization/icudt64l/region/zgh.res" 1923
"../../../Engine/Content/Internationalization/icudt64l/lang/zh.res" 1924
"../../../Engine/Content/Internationalization/icudt64l/lang/zh_Hans.res" 1925
"../../../Engine/Content/Internationalization/icudt64l/lang/zh_CN.res" 1926
"../../../Engine/Content/Internationalization/icudt64l/lang/zh_Hans_CN.res" 1927
"../../../Engine/Content/Internationalization/icudt64l/region/zh_CN.res" 1928
"../../../Engine/Content/Internationalization/icudt64l/region/zh_Hans_CN.res" 1929
"../../../Engine/Content/Internationalization/icudt64l/region/zh_Hans.res" 1930
"../../../Engine/Content/Internationalization/icudt64l/region/zh.res" 1931
"../../../Engine/Content/Internationalization/icudt64l/lang/zh_HK.res" 1932
"../../../Engine/Content/Internationalization/icudt64l/lang/zh_Hant_HK.res" 1933
"../../../Engine/Content/Internationalization/icudt64l/lang/zh_Hant.res" 1934
"../../../Engine/Content/Internationalization/icudt64l/region/zh_HK.res" 1935
"../../../Engine/Content/Internationalization/icudt64l/region/zh_Hant_HK.res" 1936
"../../../Engine/Content/Internationalization/icudt64l/region/zh_Hant.res" 1937
"../../../Engine/Content/Internationalization/icudt64l/lang/zh_MO.res" 1938
"../../../Engine/Content/Internationalization/icudt64l/lang/zh_Hant_MO.res" 1939
"../../../Engine/Content/Internationalization/icudt64l/region/zh_MO.res" 1940
"../../../Engine/Content/Internationalization/icudt64l/region/zh_Hant_MO.res" 1941
"../../../Engine/Content/Internationalization/icudt64l/lang/zh_SG.res" 1942
"../../../Engine/Content/Internationalization/icudt64l/lang/zh_Hans_SG.res" 1943
"../../../Engine/Content/Internationalization/icudt64l/region/zh_SG.res" 1944
"../../../Engine/Content/Internationalization/icudt64l/region/zh_Hans_SG.res" 1945
"../../../Engine/Content/Internationalization/icudt64l/lang/zh_TW.res" 1946
"../../../Engine/Content/Internationalization/icudt64l/lang/zh_Hant_TW.res" 1947
"../../../Engine/Content/Internationalization/icudt64l/region/zh_TW.res" 1948
"../../../Engine/Content/Internationalization/icudt64l/region/zh_Hant_TW.res" 1949
"../../../Engine/Content/Internationalization/icudt64l/lang/zu.res" 1950
"../../../Engine/Content/Internationalization/icudt64l/region/zu.res" 1951
"../../../Engine/Content/Internationalization/icudt64l/lang/no.res" 1952
"../../../Engine/Content/Internationalization/icudt64l/lang/tl.res" 1953
"../../../Engine/Config/Android/DataDrivenPlatformInfo.ini" 1954
"../../../Engine/Config/IOS/DataDrivenPlatformInfo.ini" 1955
"../../../Engine/Config/Linux/DataDrivenPlatformInfo.ini" 1956
"../../../Engine/Config/Mac/DataDrivenPlatformInfo.ini" 1957
"../../../Engine/Config/TVOS/DataDrivenPlatformInfo.ini" 1958
"../../../Engine/Config/Unix/DataDrivenPlatformInfo.ini" 1959
"../../../Engine/Config/VulkanPC/DataDrivenPlatformInfo.ini" 1960
"../../../Engine/Config/Windows/DataDrivenPlatformInfo.ini" 1961
"../../../Engine/Platforms/VisionOS/Config/DataDrivenPlatformInfo.ini" 1962
"../../../Engine/Content/Renderer/TessellationTable.bin" 1963
"../../../Engine/DerivedDataCache/Compressed.ddp" 1964
"C:/Users/kacpe/AppData/Local/UnrealEngine/5.6/Saved/Zen/zen.version" 1965
"C:/Users/kacpe/AppData/Local/UnrealEngine/Common/Zen/Install/zen.version" 1966
"C:/Users/kacpe/AppData/Local/UnrealEngine/Common/Zen/Install/zenserver.runcontext" 1967
"C:/Users/kacpe/AppData/Local/UnrealEngine/Common/DerivedDataCache/TestData/0/TestData_4kb.dat" 1968
"C:/Users/kacpe/AppData/Local/UnrealEngine/Common/DerivedDataCache/TestData/1/TestData_4kb.dat" 1969
"C:/Users/kacpe/AppData/Local/UnrealEngine/Common/DerivedDataCache/TestData/0/TestData_8kb.dat" 1970
"C:/Users/kacpe/AppData/Local/UnrealEngine/Common/DerivedDataCache/TestData/1/TestData_8kb.dat" 1971
"C:/Users/kacpe/AppData/Local/UnrealEngine/Common/DerivedDataCache/TestData/0/TestData_16kb.dat" 1972
"C:/Users/kacpe/AppData/Local/UnrealEngine/Common/DerivedDataCache/TestData/1/TestData_16kb.dat" 1973
"C:/Users/kacpe/AppData/Local/UnrealEngine/Common/DerivedDataCache/TestData/0/TestData_64kb.dat" 1974
"C:/Users/kacpe/AppData/Local/UnrealEngine/Common/DerivedDataCache/TestData/1/TestData_64kb.dat" 1975
"C:/Users/kacpe/AppData/Local/UnrealEngine/Common/DerivedDataCache/TestData/0/TestData_128kb.dat" 1976
"C:/Users/kacpe/AppData/Local/UnrealEngine/Common/DerivedDataCache/TestData/1/TestData_128kb.dat" 1977
"C:/Users/kacpe/AppData/Local/UnrealEngine/Common/DerivedDataCache/TestData/0/TestData_256kb.dat" 1978
"C:/Users/kacpe/AppData/Local/UnrealEngine/Common/DerivedDataCache/TestData/1/TestData_256kb.dat" 1979
"C:/Users/kacpe/AppData/Roaming/Unreal Engine/UnrealBuildTool/BuildConfiguration.xml" 1980
"../../../../../../Users/kacpe/Desktop/GitHub/Game/Intermediate/ShaderAutogen/PCD3D_SM6/AutogenShaderHeaders.ush" 1981
"../../../Engine/Shaders/Private/HairStrands/HairStrandsVertexFactory.ush" 1982
"../../../Engine/Shaders/Private/VertexFactoryCommon.ush" 1983
"../../../Engine/Shaders/Private/Common.ush" 1984
"../../../Engine/Shaders/Public/Platform.ush" 1985
"../../../Engine/Shaders/Public/FP16Math.ush" 1986
"../../../Engine/Shaders/Public/Platform/D3D/D3DCommon.ush" 1987
"../../../Engine/Shaders/Shared/HLSLReservedSpaces.h" 1988
"../../../Engine/Shaders/Public/BindlessResources.ush" 1989
"../../../Engine/Shaders/Public/Platform/D3D/PlatformBindlessResources.ush" 1990
"../../../Engine/Shaders/Shared/RayTracingBuiltInResources.h" 1991
"../../../Engine/Shaders/Shared/RayTracingDefinitions.h" 1992
"../../../Engine/Shaders/Public/OverloadMacros.ush" 1993
"../../../Engine/Shaders/Public/ShaderVersion.ush" 1994
"../../../Engine/Shaders/Shared/ThirdParty/NVIDIA/nvHLSLExtns.h" 1995
"../../../Engine/Shaders/Shared/ThirdParty/NVIDIA/nvHLSLExtnsInternal.h" 1996
"../../../Engine/Shaders/Shared/ThirdParty/NVIDIA/nvShaderExtnEnums.h" 1997
"../../../Engine/Shaders/Private/PackUnpack.ush" 1998
"../../../Engine/Shaders/Private/GeneratedUniformBufferTypes.ush" 1999
"../../../Engine/Shaders/Private/Nanite/NanitePackedNaniteView.ush" 2000
"../../../Engine/Shaders/Private/HairStrands/HairStrandsVisibilityCommonStruct.ush" 2001
"../../../Engine/Shaders/Private/HairStrands/HairStrandsVoxelPageCommonStruct.ush" 2002
"../../../Engine/Shaders/Private/HairStrands/HairStrandsDeepShadowCommonStruct.ush" 2003
"../../../Engine/Shaders/Shared/LightSceneData.h" 2004
"../../../Engine/Shaders/Shared/HLSLTypeAliases.h" 2005
"../../../Engine/Shaders/Private/LargeWorldCoordinates.ush" 2006
"../../../Engine/Shaders/Private/DoubleFloat.ush" 2007
"../../../Engine/Shaders/Private/RandomPCG.ush" 2008
"../../../Engine/Shaders/Private/DoubleFloatOperations.ush" 2009
"../../../Engine/Shaders/Private/DoubleFloatVectorDefinition.ush" 2010
"../../../Engine/Shaders/Private/LWCOperations.ush" 2011
"../../../Engine/Shaders/Shared/LightViewData.h" 2012
"../../../Engine/Shaders/Shared/RayTracingTypes.h" 2013
"../../../Engine/Shaders/Shared/HLSLStaticAssert.h" 2014
"../../../Engine/Shaders/Private/CommonViewUniformBuffer.ush" 2015
"../../../Engine/Shaders/Private/InstancedStereo.ush" 2016
"../../../Engine/Shaders/Private/Definitions.usf" 2017
"../../../Engine/Shaders/Private/AssertionMacros.ush" 2018
"../../../Engine/Shaders/Private/FastMath.ush" 2019
"../../../Engine/Shaders/Private/FastMathThirdParty.ush" 2020
"../../../Engine/Shaders/Private/Random.ush" 2021
"../../../Engine/Shaders/Private/RandomInterleavedGradientNoise.ush" 2022
"../../../Engine/Shaders/Private/SceneData.ush" 2023
"../../../Engine/Shaders/Private/OctahedralCommon.ush" 2024
"../../../Engine/Shaders/Private/WaveOpUtil.ush" 2025
"../../../Engine/Shaders/Private/ByteBuffer.ush" 2026
"../../../Engine/Shaders/Shared/SceneDefinitions.h" 2027
"../../../Engine/Shaders/Private/SceneDataMobileLoader.ush" 2028
"../../../Engine/Shaders/Private/LocalVertexFactoryCommon.ush" 2029
"../../../Engine/Shaders/Private/HairStrands/HairStrandsVisibilityCommon.ush" 2030
"../../../Engine/Shaders/Shared/HairStrandsDefinitions.h" 2031
"../../../Engine/Shaders/Private/HairStrands/HairStrandsVertexFactoryCommon.ush" 2032
"../../../Engine/Shaders/Private/HairStrands/HairStrandsPack.ush" 2033
"../../../Engine/Shaders/Private/HairStrands/HairStrandsAttributeCommon.ush" 2034
"../../../Engine/Shaders/Private/HairStrands/HairStrandsAttributeTemplate.ush" 2035
"../../../Engine/Shaders/Private/VertexFactoryDefaultInterface.ush" 2036
"../../../Engine/Shaders/Private/HairStrands/HairCardsVertexFactory.ush" 2037
"../../../Engine/Shaders/Private/HairStrands/HairCardsAttributeCommon.ush" 2038
"../../../Engine/Shaders/Private/RayTracing/RayTracingCommon.ush" 2039
"../../../Engine/Shaders/Private/ShadingCommon.ush" 2040
"../../../Engine/Shaders/Shared/RayTracingPayloadType.h" 2041
"../../../Engine/Shaders/Private/RayTracing/RayTracingRayCone.ush" 2042
"../../../Engine/Shaders/Private/Substrate/Substrate.ush" 2043
"../../../Engine/Shaders/Private/ShadingEnergyConservation.ush" 2044
"../../../Engine/Shaders/Private/ShadingEnergyConservationTemplate.ush" 2045
"../../../Engine/Shaders/Private/BRDF.ush" 2046
"../../../Engine/Shaders/Private/ColorSpace.ush" 2047
"../../../Engine/Shaders/Private/DeferredShadingCommon.ush" 2048
"../../../Engine/Shaders/Private/LightAccumulator.ush" 2049
"../../../Engine/Shaders/Private/SceneTexturesCommon.ush" 2050
"../../../Engine/Shaders/Private/MonteCarlo.ush" 2051
"../../../Engine/Shaders/Private/GBufferHelpers.ush" 2052
"../../../Engine/Shaders/Private/SceneTextureParameters.ush" 2053
"C:/Users/kacpe/Desktop/GitHub/Game/Intermediate/ShaderAutogen/PCD3D_SM6/AutogenShaderHeaders.ush" 2054
"../../../Engine/Shaders/Private/ParticipatingMediaCommon.ush" 2055
"../../../Engine/Shaders/Private/ThinFilmBSDF.ush" 2056
"../../../Engine/Shaders/Private/MortonCode.ush" 2057
"../../../Engine/Shaders/Private/SubsurfaceProfileCommon.ush" 2058
"../../../Engine/Shaders/Private/BurleyNormalizedSSSCommon.ush" 2059
"../../../Engine/Shaders/Private/GammaCorrectionCommon.ush" 2060
"../../../Engine/Shaders/Shared/SubstrateDefinitions.h" 2061
"../../../Engine/Shaders/Private/Substrate/SubstrateStatisticalOperators.ush" 2062
"../../../Engine/Shaders/Private/Substrate/SubstrateSubsurface.ush" 2063
"../../../Engine/Shaders/Private/TransmissionCommon.ush" 2064
"../../../Engine/Shaders/Private/Substrate/SubstrateExportCommon.ush" 2065
"../../../Engine/Shaders/Private/SpecularProfileCommon.ush" 2066
"../../../Engine/Shaders/Private/RayTracing/RayTracingCommonMetal.ush" 2067
"../../../Engine/Shaders/Private/PositionReconstructionCommon.ush" 2068
"../../../Engine/Shaders/Private/RayTracing/TraceRayInline.ush" 2069
"../../../Engine/Shaders/Private/RayTracing/TraceRayInlineCommon.ush" 2070
"../../../Engine/Shaders/Private/RayTracing/TraceRayInlineVulkan.ush" 2071
"../../../Engine/Shaders/Private/RayTracing/TraceRayInlineMetal.ush" 2072
"../../../Engine/Shaders/Private/RayTracing/TraceRayInlineD3D12.ush" 2073
"../../../Engine/Shaders/Private/RayTracing/RayTracingHitGroupCommon.ush" 2074
"../../../Engine/Shaders/Private/Nanite/NaniteRayTrace.ush" 2075
"../../../Engine/Shaders/Private/Nanite/NaniteDataDecode.ush" 2076
"../../../Engine/Shaders/Private/BitPacking.ush" 2077
"../../../Engine/Shaders/Private/BitStreamReaderImplementation.ush" 2078
"../../../Engine/Shaders/Private/BoneTransform.ush" 2079
"../../../Engine/Shaders/Private/Quaternion.ush" 2080
"../../../Engine/Shaders/Shared/NaniteDefinitions.h" 2081
"../../../Engine/Shaders/Shared/SkinningDefinitions.h" 2082
"../../../Engine/Shaders/Private/Nanite/NaniteAttributeDecode.ush" 2083
"../../../Engine/Shaders/Private/Barycentrics.ush" 2084
"../../../Engine/Shaders/Private/DualNumber.ush" 2085
"../../../Engine/Shaders/Shared/ThirdParty/RayTriangleIntersection.h" 2086
"../../../Engine/Shaders/Private/Nanite/NaniteVertexFetch.ush" 2087
"../../../Engine/Shaders/Private/Nanite/NaniteSceneCommon.ush" 2088
"../../../Engine/Plugins/FX/Niagara/Shaders/Private/NiagaraSpriteVertexFactory.ush" 2089
"../../../Engine/Shaders/Private/ParticleVertexFactoryCommon.ush" 2090
"../../../Engine/Plugins/FX/Niagara/Shaders/Private/NiagaraVFCommon.usf" 2091
"../../../Engine/Plugins/FX/Niagara/Shaders/Private/NiagaraVFParticleAccess.usf" 2092
"../../../Engine/Plugins/FX/Niagara/Shaders/Private/NiagaraParticleAccess.ush" 2093
"../../../Engine/Plugins/FX/Niagara/Shaders/Private/NiagaraRibbonVertexFactory.ush" 2094
"../../../Engine/Plugins/FX/Niagara/Shaders/Private/NiagaraMeshVertexFactory.ush" 2095
"../../../Engine/Plugins/FX/Niagara/Shaders/Private/NiagaraCommon.ush" 2096
"../../../Engine/Plugins/FX/Niagara/Shaders/Private/NiagaraMeshParticleUtils.ush" 2097
"../../../Engine/Shaders/Private/VectorFieldVisualizationVertexFactory.ush" 2098
"../../../Engine/Shaders/Private/Nanite/NaniteVertexFactory.ush" 2099
"../../../Engine/Shaders/Private/LightmapData.ush" 2100
"../../../Engine/Shaders/Private/SplineMeshCommon.ush" 2101
"../../../Engine/Shaders/Shared/SplineMeshShaderParams.h" 2102
"../../../Engine/Shaders/Private/ShaderPrint.ush" 2103
"../../../Engine/Shaders/Private/ShaderPrintCommon.ush" 2104
"../../../Engine/Shaders/Private/MiniFontCommon.ush" 2105
"../../../Engine/Shaders/Private/MaterialCache/MaterialCacheCommon.ush" 2106
"../../../Engine/Shaders/Shared/MaterialCacheDefinitions.h" 2107
"../../../Engine/Shaders/Private/Nanite/NaniteVertexDeformation.ush" 2108
"../../../Engine/Shaders/Private/ViewData.ush" 2109
"../../../Engine/Shaders/Shared/ViewDefinitions.h" 2110
"../../../Engine/Shaders/Private/Matrices.ush" 2111
"../../../Engine/Shaders/Private/ParticleSpriteVertexFactory.ush" 2112
"../../../Engine/Shaders/Private/ParticleGPUSpriteVertexFactory.ush" 2113
"../../../Engine/Shaders/Private/ParticleSimulationCommon.ush" 2114
"../../../Engine/Shaders/Private/ParticleBeamTrailVertexFactory.ush" 2115
"../../../Engine/Shaders/Private/MeshParticleVertexFactory.ush" 2116
"../../../Engine/Shaders/Private/LocalVertexFactory.ush" 2117
"../../../Engine/Shaders/Private/GpuSkinCommon.ush" 2118
"../../../Engine/Shaders/Private/GpuSkinVertexFactory.ush" 2119
"../../../Engine/Shaders/Private/GeometryCollectionVertexFactory.ush" 2120
"../../../Engine/Shaders/Private/GeometryCacheVertexFactory.ush" 2121
"../../../Engine/Shaders/Private/LandscapeVertexFactory.ush" 2122
"../../../Engine/Plugins/Experimental/Compositing/CompositeCore/Shaders/Private/CompositeCoreMerge.usf" 2123
"../../../Engine/Shaders/Private/ScreenPass.ush" 2124
"../../../Engine/Shaders/Private/LensDistortion.ush" 2125
"../../../Engine/Plugins/Experimental/Compositing/CompositeCore/Shaders/Private/CompositeCoreDisplayTransform.usf" 2126
"../../../Engine/Plugins/Experimental/Compositing/CompositeCore/Shaders/Private/CompositeCoreDilate.usf" 2127
"../../../Engine/Plugins/Enterprise/GLTFExporter/Shaders/Private/SimpleTexture2DPS.usf" 2128
"../../../Engine/Shaders/Private/SimpleElementNormalMapPixelShader.usf" 2129
"../../../Engine/Plugins/Runtime/HairStrands/Shaders/Private/NiagaraCopyVelocityGrid.usf" 2130
"../../../Engine/Plugins/Runtime/HairStrands/Shaders/Private/NiagaraClearVelocityGrid.usf" 2131
"../../../Engine/Plugins/Runtime/HairStrands/Shaders/Private/NiagaraClearPressureGrid.usf" 2132
"../../../Engine/Plugins/Runtime/HairStrands/Shaders/Private/NiagaraInterpolateGroomGuides.usf" 2133
"../../../Engine/Plugins/Runtime/HairStrands/Shaders/Private/NiagaraGroomInterpolationUtils.ush" 2134
"../../../Engine/Plugins/FX/Niagara/Shaders/Private/NiagaraQuaternionUtils.ush" 2135
"../../../Engine/Shaders/Private/HairStrands/HairStrandsMesh.usf" 2136
"../../../Engine/Shaders/Private/HairStrands/HairStrandsBindingCommon.ush" 2137
"../../../Engine/Shaders/Private/HairStrands/HairStrandsFollicleMask.usf" 2138
"../../../Engine/Shaders/Private/HairStrands/HairStrandsSkinUpdate.usf" 2139
"../../../Engine/Shaders/Private/HairStrands/HairStrandsClusterCulling.usf" 2140
"../../../Engine/Shaders/Private/ColorMap.ush" 2141
"../../../Engine/Shaders/Private/HairStrands/HairStrandsAABBCommon.ush" 2142
"../../../Engine/Shaders/Private/HairStrands/HairStrandsClusterCommon.ush" 2143
"../../../Engine/Shaders/Private/ThreadGroupPrefixSum.ush" 2144
"../../../Engine/Shaders/Private/HairStrands/HairStrandsRaytracingGeometry.usf" 2145
"../../../Engine/Shaders/Private/HairStrands/HairStrandsTangent.usf" 2146
"../../../Engine/Shaders/Private/HairStrands/HairCardsDeformation.usf" 2147
"../../../Engine/Shaders/Private/HairStrands/HairStrandsInterpolation.usf" 2148
"../../../Engine/Shaders/Private/HairStrands/HairStrandsGuideDeform.usf" 2149
"../../../Engine/Shaders/Private/HairStrands/HairStrandsTexturesGeneration.usf" 2150
"../../../Engine/Shaders/Private/HairStrands/HairCardsTextureCommon.ush" 2151
"../../../Engine/Shaders/Private/HairStrands/HairStrandsTranscode.usf" 2152
"../../../Engine/Shaders/Private/HairStrands/HairStrandsDebug.usf" 2153
"../../../Engine/Shaders/Private/HairShadingCommon.ush" 2154
"../../../Engine/Shaders/Private/PostProcessCommon.ush" 2155
"../../../Engine/Shaders/Private/ShadingModels.ush" 2156
"../../../Engine/Shaders/Private/CapsuleLight.ush" 2157
"../../../Engine/Shaders/Private/RectLight.ush" 2158
"../../../Engine/Shaders/Private/LightData.ush" 2159
"../../../Engine/Shaders/Shared/LightDefinitions.h" 2160
"../../../Engine/Shaders/Private/AreaLightCommon.ush" 2161
"../../../Engine/Shaders/Private/HairBsdf.ush" 2162
"../../../Engine/Shaders/Private/MobileGGX.ush" 2163
"../../../Engine/Shaders/Private/HairStrands/HairStrandsCommon.ush" 2164
"../../../Engine/Shaders/Private/HairStrands/HairStrandsEnvironmentLightingCommon.ush" 2165
"../../../Engine/Shaders/Private/HairStrands/HairStrandsDeepTransmittanceCommon.ush" 2166
"../../../Engine/Shaders/Private/HairStrands/HairStrandsDeepTransmittanceDualScattering.ush" 2167
"../../../Engine/Shaders/Private/HairStrands/HairStrandsDeepShadowCommon.ush" 2168
"../../../Engine/Shaders/Private/HairStrands/HairStrandsDebugCommonStruct.ush" 2169
"../../../Engine/Plugins/Runtime/ComputeFramework/Shaders/Private/ComputeKernel.usf" 2170
"../../../Engine/Plugins/Runtime/ComputeFramework/Shaders/Private/ComputeKernelCommon.ush" 2171
"../../../Engine/Plugins/VirtualProduction/CameraCalibrationCore/Shaders/Private/CrosshairOverlay.usf" 2172
"../../../Engine/Plugins/VirtualProduction/CameraCalibrationCore/Shaders/Private/DisplacementMapBlending.usf" 2173
"../../../Engine/Plugins/VirtualProduction/CameraCalibrationCore/Shaders/Private/RecenterSTDisplacementMaps.usf" 2174
"../../../Engine/Plugins/VirtualProduction/CameraCalibrationCore/Shaders/Private/FillSTDisplacementMap.usf" 2175
"../../../Engine/Plugins/VirtualProduction/CameraCalibrationCore/Shaders/Private/InvertDisplacementMap.usf" 2176
"../../../Engine/Plugins/VirtualProduction/CameraCalibrationCore/Shaders/Private/CropDisplacementMap.usf" 2177
"../../../Engine/Plugins/VirtualProduction/CameraCalibrationCore/Shaders/Private/BlendDisplacementMaps.usf" 2178
"../../../Engine/Plugins/VirtualProduction/CameraCalibrationCore/Shaders/Private/DrawDisplacementMaps.usf" 2179
"../../../Engine/Plugins/VirtualProduction/CameraCalibrationCore/Shaders/Private/UndistortImagePoints.usf" 2180
"../../../Engine/Plugins/VirtualProduction/CameraCalibrationCore/Shaders/Private/DistortionSTMapProcessor.usf" 2181
"../../../Engine/Plugins/Experimental/NFORDenoise/Shaders/NFORDenoise.usf" 2182
"../../../Engine/Plugins/Experimental/NFORDenoise/Shaders/NFORRegressionCommon.ush" 2183
"../../../Engine/Plugins/Experimental/NFORDenoise/Shaders/NFORRegression.ush" 2184
"../../../Engine/Plugins/NNE/NNEDenoiser/Shaders/NNEDenoiserShadersTransferFunctionOidn.usf" 2185
"../../../Engine/Plugins/NNE/NNEDenoiser/Shaders/NNEDenoiserShadersMappedCopy.usf" 2186
"../../../Engine/Plugins/NNE/NNEDenoiser/Shaders/NNEDenoiserShadersDefaultIOProcess.usf" 2187
"../../../Engine/Plugins/NNE/NNEDenoiser/Shaders/NNEDenoiserShadersAutoExposureReduceFinal.usf" 2188
"../../../Engine/Plugins/NNE/NNEDenoiser/Shaders/NNEDenoiserShadersAutoExposureReduce.usf" 2189
"../../../Engine/Plugins/NNE/NNEDenoiser/Shaders/NNEDenoiserShadersAutoExposureDownsample.usf" 2190
"../../../Engine/Plugins/Media/WmfMedia/Shaders/Private/MediaHardwareVideoDecoding.usf" 2191
"../../../Engine/Shaders/Private/ColorUtils.ush" 2192
"../../../Engine/Plugins/Media/ImgMedia/Shaders/Private/ExrSwizzler.usf" 2193
"../../../Engine/Plugins/FX/Niagara/Shaders/Private/NiagaraVertexFactoryExport.usf" 2194
"../../../Engine/Shaders/Private/ComputeShaderUtils.ush" 2195
"../../../Engine/Shaders/Private/MaterialTemplate.ush" 2196
"../../../Engine/Shaders/Private/WorldSpaceMath.ush" 2197
"../../../Engine/Shaders/Private/EyeAdaptationCommon.ush" 2198
"../../../Engine/Shaders/Private/SobolRandom.ush" 2199
"../../../Engine/Shaders/Private/DepthOfFieldCommon.ush" 2200
"../../../Engine/Shaders/Private/CircleDOFCommon.ush" 2201
"../../../Engine/Shaders/Private/DistanceField/GlobalDistanceFieldShared.ush" 2202
"../../../Engine/Shaders/Private/PhysicsFieldSampler.ush" 2203
"../../../Engine/Shaders/Private/PhysicsFieldShared.ush" 2204
"../../../Engine/Shaders/Private/SparseVolumeTexture/SparseVolumeTextureCommon.ush" 2205
"../../../Engine/Shaders/Shared/EnvironmentComponentsFlags.h" 2206
"../../../Engine/Shaders/Private/MeshPaintTextureCommon.ush" 2207
"../../../Engine/Shaders/Private/VirtualTextureMaterial.ush" 2208
"../../../Engine/Shaders/Private/MaterialCache/MaterialCacheMaterialCommon.ush" 2209
"../../../Engine/Shaders/Private/MaterialCache/MaterialCacheABuffer.ush" 2210
"../../../Engine/Shaders/Private/SpeedTreeCommon.ush" 2211
"../../../Engine/Shaders/Private/VirtualTextureCommon.ush" 2212
"../../../Engine/Shaders/Private/MaterialTexture.ush" 2213
"../../../Engine/Shaders/Private/MinMaterialTexCoords.ush" 2214
"../../../Engine/Shaders/Private/SkyAtmosphereCommon.ush" 2215
"../../../Engine/Shaders/Private/SingleLayerWaterCommon.ush" 2216
"../../../Engine/Shaders/Private/TextureSampling.ush" 2217
"../../../Engine/Shaders/Private/PaniniProjection.ush" 2218
"../../../Engine/Shaders/Private/DBufferNormalReprojection.ush" 2219
"../../../Engine/Shaders/Public/SubstratePublic.ush" 2220
"../../../Engine/Shaders/Private/Substrate/SubstrateTree.ush" 2221
"../../../Engine/Shaders/Private/Substrate/SubstrateEvaluation.ush" 2222
"../../../Engine/Shaders/Private/Substrate/Glint/GlintThirdParty.ush" 2223
"../../../Engine/Shaders/Private/BlueNoise.ush" 2224
"../../../Engine/Shaders/Private/SHCommon.ush" 2225
"../../../Engine/Shaders/Private/ShadingModelsSampling.ush" 2226
"../../../Engine/Shaders/Private/HairStrands/HairBsdfSample.ush" 2227
"../../../Engine/Shaders/Private/Substrate/SubstrateLegacyConversion.ush" 2228
"../../../Engine/Shaders/Private/DBufferDecalShared.ush" 2229
"../../../Engine/Plugins/FX/Niagara/Shaders/Private/NiagaraSortKeyGen.usf" 2230
"../../../Engine/Plugins/FX/Niagara/Shaders/Private/NiagaraGPURayTracingTransforms.usf" 2231
"../../../Engine/Plugins/FX/Niagara/Shaders/Private/NiagaraDrawIndirectArgsGen.usf" 2232
"../../../Engine/Plugins/FX/Niagara/Shaders/Private/NiagaraDispatchIndirectArgsGen.usf" 2233
"../../../Engine/Plugins/FX/Niagara/Shaders/Private/Stateless/NiagaraStatelessSimulationDefault.usf" 2234
"../../../Engine/Plugins/FX/Niagara/Shaders/Private/Stateless/NiagaraStatelessSimulationTemplate.ush" 2235
"../../../Engine/Plugins/FX/Niagara/Shaders/Private/Stateless/NiagaraStatelessCommon.ush" 2236
"../../../Engine/Plugins/FX/Niagara/Shaders/Shared/NiagaraStatelessDefinitions.h" 2237
"../../../Engine/Plugins/FX/Niagara/Shaders/Shared/NiagaraStatelessBuiltDistribution.h" 2238
"../../../Engine/Plugins/FX/Niagara/Shaders/Private/Stateless/NiagaraStatelessDistribution.ush" 2239
"../../../Engine/Plugins/FX/Niagara/Shaders/Private/Stateless/Modules/NiagaraStatelessModule_CalculateAccurateVelocity.ush" 2240
"../../../Engine/Plugins/FX/Niagara/Shaders/Private/Stateless/Modules/NiagaraStatelessModule_CameraOffset.ush" 2241
"../../../Engine/Plugins/FX/Niagara/Shaders/Private/Stateless/Modules/NiagaraStatelessModule_DynamicMaterialParameters.ush" 2242
"../../../Engine/Plugins/FX/Niagara/Shaders/Private/Stateless/Modules/NiagaraStatelessModule_InitializeParticle.ush" 2243
"../../../Engine/Plugins/FX/Niagara/Shaders/Private/Stateless/Modules/NiagaraStatelessModule_InitialMeshOrientation.ush" 2244
"../../../Engine/Plugins/FX/Niagara/Shaders/Private/Stateless/Modules/NiagaraStatelessModule_MeshIndex.ush" 2245
"../../../Engine/Plugins/FX/Niagara/Shaders/Private/Stateless/Modules/NiagaraStatelessModule_MeshRotationRate.ush" 2246
"../../../Engine/Plugins/FX/Niagara/Shaders/Private/Stateless/Modules/NiagaraStatelessModule_RotateAroundPoint.ush" 2247
"../../../Engine/Plugins/FX/Niagara/Shaders/Private/Stateless/Modules/NiagaraStatelessModule_ShapeLocation.ush" 2248
"../../../Engine/Plugins/FX/Niagara/Shaders/Private/Stateless/Modules/NiagaraStatelessModule_ScaleColor.ush" 2249
"../../../Engine/Plugins/FX/Niagara/Shaders/Private/Stateless/Modules/NiagaraStatelessModule_ScaleRibbonWidth.ush" 2250
"../../../Engine/Plugins/FX/Niagara/Shaders/Private/Stateless/Modules/NiagaraStatelessModule_ScaleSpriteSize.ush" 2251
"../../../Engine/Plugins/FX/Niagara/Shaders/Private/Stateless/Modules/NiagaraStatelessModule_ScaleSpriteSizeBySpeed.ush" 2252
"../../../Engine/Plugins/FX/Niagara/Shaders/Private/Stateless/Modules/NiagaraStatelessModule_ScaleMeshSize.ush" 2253
"../../../Engine/Plugins/FX/Niagara/Shaders/Private/Stateless/Modules/NiagaraStatelessModule_ScaleMeshSizebySpeed.ush" 2254
"../../../Engine/Plugins/FX/Niagara/Shaders/Private/Stateless/Modules/NiagaraStatelessModule_SolveVelocitiesAndForces.ush" 2255
"../../../Engine/Plugins/FX/Niagara/Shaders/Private/Stateless/Modules/NiagaraStatelessModule_SpriteFacingAndAlignment.ush" 2256
"../../../Engine/Plugins/FX/Niagara/Shaders/Private/Stateless/Modules/NiagaraStatelessModule_SpriteRotationRate.ush" 2257
"../../../Engine/Plugins/FX/Niagara/Shaders/Private/Stateless/Modules/NiagaraStatelessModule_SubUVAnimation.ush" 2258
"../../../Engine/Plugins/FX/Niagara/Shaders/Private/NiagaraBlendSVTsToDenseBuffer.usf" 2259
"../../../Engine/Plugins/FX/Niagara/Shaders/Private/NiagaraSVTToDenseBuffer.usf" 2260
"../../../Engine/Plugins/FX/Niagara/Shaders/Private/NiagaraFillIntBuffer.usf" 2261
"../../../Engine/Plugins/FX/Niagara/Shaders/Private/NiagaraComputeFreeIDs.usf" 2262
"../../../Engine/Plugins/FX/Niagara/Shaders/Private/NiagaraInitFreeIDBuffer.usf" 2263
"../../../Engine/Plugins/FX/Niagara/Shaders/Private/NiagaraEmitterInstanceShader.usf" 2264
"../../../Engine/Plugins/FX/Niagara/Shaders/Private/NiagaraShaderVersion.ush" 2265
"../../../Engine/Plugins/FX/Niagara/Shaders/Private/NiagaraPhysicsCommon.ush" 2266
"../../../Engine/Plugins/FX/Niagara/Shaders/Private/Ribbons/NiagaraRibbonAggregationApply.usf" 2267
"../../../Engine/Plugins/FX/Niagara/Shaders/Private/Ribbons/NiagaraRibbonCommon.ush" 2268
"../../../Engine/Plugins/FX/Niagara/Shaders/Private/Ribbons/NiagaraRibbonAggregationStep.usf" 2269
"../../../Engine/Plugins/FX/Niagara/Shaders/Private/Ribbons/NiagaraRibbonGenerateIndices.usf" 2270
"../../../Engine/Plugins/FX/Niagara/Shaders/Private/Ribbons/NiagaraRibbonInitializeIndices.usf" 2271
"../../../Engine/Plugins/FX/Niagara/Shaders/Private/Ribbons/NiagaraRibbonRibbonUVParamCalculation.usf" 2272
"../../../Engine/Plugins/FX/Niagara/Shaders/Private/Ribbons/NiagaraRibbonVertexReductionFinalization.usf" 2273
"../../../Engine/Plugins/FX/Niagara/Shaders/Private/Ribbons/NiagaraRibbonVertexReductionInitialization.usf" 2274
"../../../Engine/Plugins/FX/Niagara/Shaders/Private/Ribbons/NiagaraRibbonSortParticles.usf" 2275
"../../../Engine/Plugins/FX/Niagara/Shaders/Private/NiagaraLWCHelper.usf" 2276
"../../../Engine/Plugins/FX/Niagara/Shaders/Private/NiagaraUpdateMeshGPUSceneInstances.usf" 2277
"../../../Engine/Shaders/Private/GPUScene/GPUSceneWriter.ush" 2278
"../../../Engine/Plugins/FX/Niagara/Shaders/Private/NiagaraGenerateMips.usf" 2279
"../../../Engine/Plugins/FX/Niagara/Shaders/Private/NiagaraDebugDraw.usf" 2280
"../../../Engine/Plugins/FX/Niagara/Shaders/Private/NiagaraDebugDraw.ush" 2281
"../../../Engine/Plugins/FX/Niagara/Shaders/Private/NiagaraVisualizeTexture.usf" 2282
"../../../Engine/Plugins/FX/Niagara/Shaders/Private/NiagaraClearCounts.usf" 2283
"../../../Engine/Plugins/FX/Niagara/Shaders/Private/NiagaraBatchedElements.usf" 2284
"../../../Engine/Plugins/FX/Niagara/Shaders/Private/NiagaraRayTracingShaders.usf" 2285
"../../../Engine/Plugins/FX/Niagara/Shaders/Private/NiagaraAsyncGpuTraceCommon.ush" 2286
"../../../Engine/Shaders/Private/HashTable.ush" 2287
"../../../Engine/Shaders/Private/Hash.ush" 2288
"../../../Engine/Shaders/Private/RayTracing/VFXTraceRay.ush" 2289
"../../../Engine/Plugins/FX/Niagara/Shaders/Private/NiagaraRayMarchingShaders.usf" 2290
"../../../Engine/Plugins/FX/Niagara/Shaders/Private/NiagaraRayTraceCollisionGroupShaders.usf" 2291
"../../../Engine/Plugins/FX/Niagara/Shaders/Private/NiagaraAsyncGpuTraceUtils.usf" 2292
"../../../Engine/Plugins/PCG/Shaders/Private/PCGTextureReadback.usf" 2293
"../../../Engine/Plugins/PCG/Shaders/Private/PCGSceneWriter.usf" 2294
"../../../Engine/Plugins/PCG/Shaders/Private/PCGGrassMapUnpackerCS.usf" 2295
"../../../Engine/Plugins/PCG/Shaders/Private/PCGDataCollectionAdaptor.usf" 2296
"../../../Engine/Shaders/Private/VirtualTextureAdapter.usf" 2297
"../../../Engine/Shaders/Private/BlockCompressionCommon.ush" 2298
"../../../Engine/Shaders/Private/BCCompressionCommon.ush" 2299
"../../../Engine/Shaders/Private/TranslucentLightingShaders.usf" 2300
"../../../Engine/Shaders/Private/CubemapCommon.ush" 2301
"../../../Engine/Shaders/Private/VectorFieldCompositeShaders.usf" 2302
"../../../Engine/Shaders/Private/UpdateTextureShaders.usf" 2303
"../../../Engine/Shaders/Private/StereoLayerShader.usf" 2304
"../../../Engine/Shaders/Private/SparseVolumeTexture/UpdateSparseVolumeTexture.usf" 2305
"../../../Engine/Shaders/Private/MorphTargets.usf" 2306
"../../../Engine/Shaders/Private/SimpleElementColorChannelMaskPixelShader.usf" 2307
"../../../Engine/Shaders/Private/SimpleElementHitProxyPixelShader.usf" 2308
"../../../Engine/Shaders/Private/SimpleElementPixelShader.usf" 2309
"../../../Engine/Shaders/Private/IESLightProfilesCommon.ush" 2310
"../../../Engine/Shaders/Private/SimpleElementVertexShader.usf" 2311
"../../../Engine/Shaders/Private/ScreenPixelShaderOES.usf" 2312
"../../../Engine/Shaders/Private/ScreenVertexShader.usf" 2313
"../../../Engine/Shaders/Private/ScreenPixelShader.usf" 2314
"../../../Engine/Shaders/Private/SSProfilePreIntegratedMobile.usf" 2315
"../../../Engine/Shaders/Private/SpecularProfile.usf" 2316
"../../../Engine/Shaders/Private/Nanite/NaniteStreaming.usf" 2317
"../../../Engine/Shaders/Private/Nanite/NaniteStreaming.ush" 2318
"../../../Engine/Shaders/Private/Nanite/NaniteTranscode.usf" 2319
"../../../Engine/Shaders/Private/VolumetricLightmapStreaming.usf" 2320
"../../../Engine/Shaders/Private/PhysicsFieldReset.usf" 2321
"../../../Engine/Shaders/Private/PhysicsFieldBuilder.usf" 2322
"../../../Engine/Shaders/Private/PhysicsFieldEval.ush" 2323
"../../../Engine/Shaders/Private/ParticleSortKeyGen.usf" 2324
"../../../Engine/Shaders/Private/ParticleBoundsShader.usf" 2325
"../../../Engine/Shaders/Private/ParticleSimVisualizeShader.usf" 2326
"../../../Engine/Shaders/Private/ParticleInjectionShader.usf" 2327
"../../../Engine/Shaders/Private/ParticleSimulationShader.usf" 2328
"../../../Engine/Shaders/Private/ParticleCurveInjectionShader.usf" 2329
"../../../Engine/Shaders/Private/CopyUIntBuffer.usf" 2330
"../../../Engine/Shaders/Private/RadixSortShaders.usf" 2331
"../../../Engine/Shaders/Private/RecomputeTangentsPerVertexPass.usf" 2332
"../../../Engine/Shaders/Private/RecomputeTangentsCommon.ush" 2333
"../../../Engine/Shaders/Private/RecomputeTangentsPerTrianglePass.usf" 2334
"../../../Engine/Shaders/Private/GpuSkinCacheComputeShader.usf" 2335
"../../../Engine/Shaders/Private/HeightFieldAtlasManagement.usf" 2336
"../../../Engine/Shaders/Private/Landscape/LandscapeEditLayersUtils.usf" 2337
"../../../Engine/Shaders/Private/Landscape/LandscapeCommon.ush" 2338
"../../../Engine/Shaders/Private/Landscape/LandscapeEditLayersWeightmaps.usf" 2339
"../../../Engine/Shaders/Private/Landscape/LandscapeEditLayersHeightmaps.usf" 2340
"../../../Engine/Shaders/Private/Landscape/LandscapeLayersWeightmapsPS.usf" 2341
"../../../Engine/Shaders/Private/Landscape/LandscapeLayersHeightmapsPS.usf" 2342
"../../../Engine/Shaders/Private/LandscapeLayersCS.usf" 2343
"../../../Engine/Shaders/Private/LandscapeLayersPS.usf" 2344
"../../../Engine/Shaders/Private/LandscapeLayersVS.usf" 2345
"../../../Engine/Shaders/Private/LandscapePhysicalMaterial.usf" 2346
"../../../Engine/Shaders/Private/LandscapeGrassWeight.usf" 2347
"../../../Engine/Shaders/Private/Landscape/LandscapeCulling.usf" 2348
"../../../Engine/Shaders/Private/Nanite/NaniteHZBCull.ush" 2349
"../../../Engine/Shaders/Private/HZB.ush" 2350
"../../../Engine/Shaders/Private/Landscape/LandscapeMergeTexturesPS.usf" 2351
"../../../Engine/Shaders/Private/WideCustomResolveShaders.usf" 2352
"../../../Engine/Shaders/Private/WideCustomResolve_Wide.ush" 2353
"../../../Engine/Shaders/Private/WideCustomResolve_Wider.ush" 2354
"../../../Engine/Shaders/Private/WideCustomResolve_Widest.ush" 2355
"../../../Engine/Shaders/Private/WaterInfoTextureBlur.usf" 2356
"../../../Engine/Shaders/Private/WaterInfoTextureMerge.usf" 2357
"../../../Engine/Shaders/Private/PageTableUpdate.usf" 2358
"../../../Engine/Shaders/Private/VirtualTextureCompress.usf" 2359
"../../../Engine/Shaders/Private/ASTCCompressionCommon.ush" 2360
"../../../Engine/Shaders/Private/IntegerSequenceEncoding.ush" 2361
"../../../Engine/Shaders/Private/ETCCompressionCommon.ush" 2362
"../../../Engine/Shaders/Private/VirtualTextureMaterial.usf" 2363
"../../../Engine/Shaders/Private/PixelShaderOutputCommon.ush" 2364
"../../../Engine/Shaders/Private/ShaderOutputCommon.ush" 2365
"../../../Engine/Shaders/Private/VolumetricRenderTarget.usf" 2366
"../../../Engine/Shaders/Private/HeightFogCommon.ush" 2367
"../../../Engine/Shaders/Private/LocalFogVolumes/LocalFogVolumeCommon.ush" 2368
"../../../Engine/Shaders/Private/ReflectionEnvironmentShared.ush" 2369
"../../../Engine/Shaders/Private/VolumetricFogVoxelization.usf" 2370
"../../../Engine/Shaders/Private/VolumetricCloudMaterialPixelCommon.ush" 2371
"../../../Engine/Shaders/Private/VolumetricFogLightFunction.usf" 2372
"../../../Engine/Shaders/Private/LightFunctionCommon.ush" 2373
"../../../Engine/Shaders/Private/VolumetricFog.usf" 2374
"../../../Engine/Shaders/Private/DeferredLightingCommon.ush" 2375
"../../../Engine/Shaders/Private/DynamicLightingCommon.ush" 2376
"../../../Engine/Shaders/Private/CapsuleLightIntegrate.ush" 2377
"../../../Engine/Shaders/Private/CapsuleLightSampling.ush" 2378
"../../../Engine/Shaders/Private/RectLightIntegrate.ush" 2379
"../../../Engine/Shaders/Private/ScreenSpaceShadowRayCast.ush" 2380
"../../../Engine/Shaders/Private/LightFunctionAtlas/LightFunctionAtlasCommon.usf" 2381
"../../../Engine/Shaders/Private/HeterogeneousVolumes/HeterogeneousVolumesAdaptiveVolumetricShadowMapSampling.ush" 2382
"../../../Engine/Shaders/Private/HeterogeneousVolumes/HeterogeneousVolumesAdaptiveVolumetricShadowMapUtils.ush" 2383
"../../../Engine/Shaders/Private/HeterogeneousVolumes/HeterogeneousVolumesRayMarchingUtils.ush" 2384
"../../../Engine/Shaders/Private/HeterogeneousVolumes/HeterogeneousVolumesRayMarchingTypes.ush" 2385
"../../../Engine/Shaders/Private/PathTracing/Utilities/PathTracingRandomSequence.ush" 2386
"../../../Engine/Shaders/Private/HeterogeneousVolumes/HeterogeneousVolumesTracingUtils.ush" 2387
"../../../Engine/Shaders/Private/VelocityCommon.ush" 2388
"../../../Engine/Shaders/Private/HeterogeneousVolumes/HeterogeneousVolumesTransmittanceVolumeUtils.ush" 2389
"../../../Engine/Shaders/Private/ForwardShadowingCommon.ush" 2390
"../../../Engine/Shaders/Private/ShadowFilteringCommon.ush" 2391
"../../../Engine/Shaders/Private/PixelQuadMessagePassing.ush" 2392
"../../../Engine/Shaders/Private/VolumeLightingCommon.ush" 2393
"../../../Engine/Shaders/Private/ShadowProjectionCommon.ush" 2394
"../../../Engine/Shaders/Private/VolumeLightingCommonSampling.ush" 2395
"../../../Engine/Shaders/Private/Lumen/LumenTranslucencyVolumeShared.ush" 2396
"../../../Engine/Shaders/Private/Lumen/LumenRadianceCacheInterpolation.ush" 2397
"../../../Engine/Shaders/Private/HeterogeneousVolumes/HeterogeneousVolumesAdaptiveVolumetricShadowMapSampler.ush" 2398
"../../../Engine/Shaders/Private/LightGridCommon.ush" 2399
"../../../Engine/Shaders/Private/DistanceFieldAOShared.ush" 2400
"../../../Engine/Shaders/Private/IntersectionUtils.ush" 2401
"../../../Engine/Shaders/Private/VolumetricLightmapShared.ush" 2402
"../../../Engine/Shaders/Private/LightDataUniforms.ush" 2403
"../../../Engine/Shaders/Private/VirtualShadowMaps/VirtualShadowMapProjectionCommon.ush" 2404
"../../../Engine/Shaders/Private/VirtualShadowMaps/VirtualShadowMapPageAccessCommon.ush" 2405
"../../../Engine/Shaders/Shared/VirtualShadowMapDefinitions.h" 2406
"../../../Engine/Shaders/Shared/HLSLMathAliases.h" 2407
"../../../Engine/Shaders/Private/VirtualShadowMaps/VirtualShadowMapProjectionStructs.ush" 2408
"../../../Engine/Shaders/Private/VolumetricCloudCommon.ush" 2409
"../../../Engine/Shaders/Private/VolumetricCloud.usf" 2410
"../../../Engine/Shaders/Private/VisualizeVolumetricLightmap.usf" 2411
"../../../Engine/Shaders/Private/VirtualShadowMaps/VirtualShadowMapProjectionComposite.usf" 2412
"../../../Engine/Shaders/Private/LightShaderParameters.ush" 2413
"../../../Engine/Shaders/Private/VirtualShadowMaps/VirtualShadowMapMaskBitsCommon.ush" 2414
"../../../Engine/Shaders/Private/VirtualShadowMaps/VirtualShadowMapLightGrid.ush" 2415
"../../../Engine/Shaders/Private/VirtualShadowMaps/VirtualShadowMapProjection.usf" 2416
"../../../Engine/Shaders/Private/Visualization.ush" 2417
"../../../Engine/Shaders/Private/VirtualShadowMaps/VirtualShadowMapProjectionFilter.ush" 2418
"../../../Engine/Shaders/Private/VirtualShadowMaps/VirtualShadowMapProjectionDirectional.ush" 2419
"../../../Engine/Shaders/Private/VirtualShadowMaps/VirtualShadowMapSMRTCommon.ush" 2420
"../../../Engine/Shaders/Private/VirtualShadowMaps/VirtualShadowMapSMRTTemplate.ush" 2421
"../../../Engine/Shaders/Private/VirtualShadowMaps/VirtualShadowMapProjectionSpot.ush" 2422
"../../../Engine/Shaders/Private/VirtualShadowMaps/VirtualShadowMapTransmissionCommon.ush" 2423
"../../../Engine/Shaders/Private/VirtualShadowMaps/VirtualShadowMapScreenRayTrace.ush" 2424
"../../../Engine/Shaders/Private/VirtualShadowMaps/VirtualShadowMapStats.ush" 2425
"../../../Engine/Shaders/Private/HairStrands/HairStrandsVoxelPageCommon.ush" 2426
"../../../Engine/Shaders/Private/HairStrands/HairStrandsVoxelPageTraversal.ush" 2427
"../../../Engine/Shaders/Private/VirtualShadowMaps/VirtualShadowMapCacheGPUInvalidation.usf" 2428
"../../../Engine/Shaders/Private/VirtualShadowMaps/VirtualShadowMapPageCacheCommon.ush" 2429
"../../../Engine/Shaders/Private/VirtualShadowMaps/VirtualShadowMapCacheInvalidation.ush" 2430
"../../../Engine/Shaders/Private/VirtualShadowMaps/VirtualShadowMapPageOverlap.ush" 2431
"../../../Engine/Shaders/Private/ScreenSpaceDenoise/SSDDefinitions.ush" 2432
"../../../Engine/Shaders/Private/InstanceCulling/InstanceCullingLoadBalancer.ush" 2433
"../../../Engine/Shaders/Private/VirtualShadowMaps/VirtualShadowMapCacheLoadBalancer.usf" 2434
"../../../Engine/Shaders/Private/VirtualShadowMaps/VirtualShadowMapCopyStats.usf" 2435
"../../../Engine/Shaders/Private/VirtualShadowMaps/VirtualShadowMapDebug.usf" 2436
"../../../Engine/Shaders/Private/VirtualShadowMaps/Desaturate.usf" 2437
"../../../Engine/Shaders/Private/VirtualShadowMaps/VirtualShadowMapPhysicalPageManagement.usf" 2438
"../../../Engine/Shaders/Private/ReductionCommon.ush" 2439
"../../../Engine/Shaders/Private/GPUMessaging.ush" 2440
"../../../Engine/Shaders/Private/VirtualShadowMaps/VirtualShadowMapPerPageDispatch.ush" 2441
"../../../Engine/Shaders/Private/VirtualShadowMaps/VirtualShadowMapCompactViews.usf" 2442
"../../../Engine/Shaders/Shared/SceneCullingDefinitions.h" 2443
"../../../Engine/Shaders/Private/VirtualShadowMaps/VirtualShadowMapBuildPerPageDrawCommands.usf" 2444
"../../../Engine/Shaders/Private/Nanite/NaniteCullingCommon.ush" 2445
"../../../Engine/Shaders/Private/Nanite/NaniteCulling.ush" 2446
"../../../Engine/Shaders/Private/Nanite/NaniteHierarchyTraversalCommon.ush" 2447
"../../../Engine/Shaders/Private/InstanceCulling/InstanceCullingCommon.ush" 2448
"../../../Engine/Shaders/Shared/InstanceCullingDefinitions.h" 2449
"../../../Engine/Shaders/Private/VirtualShadowMaps/VirtualShadowMapPrintStats.usf" 2450
"../../../Engine/Shaders/Private/VirtualShadowMaps/VirtualShadowMapPageManagement.usf" 2451
"../../../Engine/Shaders/Private/VirtualShadowMaps/VirtualShadowMapPageMarking.usf" 2452
"../../../Engine/Shaders/Shared/SingleLayerWaterDefinitions.h" 2453
"../../../Engine/Shaders/Private/HairStrands/HairStrandsTileCommon.ush" 2454
"../../../Engine/Shaders/Private/Froxel/Froxel.ush" 2455
"../../../Engine/Shaders/Shared/FroxelDefinitions.h" 2456
"../../../Engine/Shaders/Private/DiaphragmDOF/DOFCommon.ush" 2457
"../../../Engine/Shaders/Private/VariableRateShading/VRSShadingRatePreview.usf" 2458
"../../../Engine/Shaders/Private/VariableRateShading/VRSShadingRateCommon.ush" 2459
"../../../Engine/Shaders/Private/VariableRateShading/VRSShadingRateCombine.usf" 2460
"../../../Engine/Shaders/Private/VariableRateShading/VRSShadingRateFoveated.usf" 2461
"../../../Engine/Shaders/Private/VariableRateShading/VRSShadingRateReproject.usf" 2462
"../../../Engine/Shaders/Private/VariableRateShading/VRSShadingRateCalculate.usf" 2463
"../../../Engine/Shaders/Private/TranslucencyUpsampling.usf" 2464
"../../../Engine/Shaders/Private/ComposeSeparateTranslucency.usf" 2465
"../../../Engine/Shaders/Private/SeparateTranslucency.ush" 2466
"../../../Engine/Shaders/Private/TranslucentLightInjectionShaders.usf" 2467
"../../../Engine/Shaders/Private/TranslucentShadowDepthShaders.usf" 2468
"../../../Engine/Shaders/Private/ShadowDepthCommon.ush" 2469
"../../../Engine/Shaders/Private/RayTracing/RayTracingTest.usf" 2470
"../../../Engine/Shaders/Private/PostprocessSubsurfaceTile.usf" 2471
"../../../Engine/Shaders/Private/PostProcessSubsurfaceCommon.ush" 2472
"../../../Engine/Shaders/Private/Substrate/SubstrateVisualize.usf" 2473
"../../../Engine/Shaders/Private/Substrate/SubstrateTile.ush" 2474
"../../../Engine/Shaders/Shared/SubstrateVisualizeDefinitions.h" 2475
"../../../Engine/Shaders/Private/Substrate/SubstrateVisualizeCommon.ush" 2476
"../../../Engine/Shaders/Private/SkyLightingDiffuseShared.ush" 2477
"../../../Engine/Shaders/Private/SkyLightingShared.ush" 2478
"../../../Engine/Shaders/Private/ClearCoatCommon.ush" 2479
"../../../Engine/Shaders/Private/ReflectionEnvironmentComposite.ush" 2480
"../../../Engine/Shaders/Private/Substrate/SubstrateLightingCommon.ush" 2481
"../../../Engine/Shaders/Private/Substrate/SubstrateRoughRefraction.usf" 2482
"../../../Engine/Shaders/Private/PathTracing/Material/PathTracingFresnel.ush" 2483
"../../../Engine/Shaders/Private/PathTracing/Material/PathTracingGlossy.ush" 2484
"../../../Engine/Shaders/Private/Substrate/SubstrateMaterialSampling.usf" 2485
"../../../Engine/Shaders/Private/Substrate/SubstrateMaterialSampling.ush" 2486
"../../../Engine/Shaders/Private/Lumen/LumenPosition.ush" 2487
"../../../Engine/Shaders/Private/Substrate/SubstrateTile.usf" 2488
"../../../Engine/Shaders/Private/Substrate/SubstrateMaterialClassification.usf" 2489
"../../../Engine/Shaders/Private/Substrate/SubstrateDBuffer.usf" 2490
"../../../Engine/Shaders/Private/StochasticLighting/StochasticLightingDenoising.usf" 2491
"../../../Engine/Shaders/Private/Lumen/LumenMaterial.ush" 2492
"../../../Engine/Shaders/Private/StochasticLighting/StochasticLightingCommon.ush" 2493
"../../../Engine/Shaders/Private/SplineMeshSceneTexture.usf" 2494
"../../../Engine/Shaders/Private/SparseVolumeTexture/VisualizeSparseVolumeTexture.usf" 2495
"../../../Engine/Shaders/Private/SkyAtmosphere.usf" 2496
"../../../Engine/Shaders/Private/Skinning/SkinnedMeshDebug.usf" 2497
"../../../Engine/Shaders/Private/Skinning/AnimBankEval.usf" 2498
"../../../Engine/Shaders/Private/SingleLayerWaterComposite.usf" 2499
"../../../Engine/Shaders/Private/Froxel/FroxelBuild.ush" 2500
"../../../Engine/Shaders/Private/SingleLayerWaterRefractionCulling.usf" 2501
"../../../Engine/Shaders/Private/ScreenSpaceShadows.usf" 2502
"../../../Engine/Shaders/Private/bend_sss_gpu.ush" 2503
"../../../Engine/Shaders/Private/ShadowFactorsUpsampleCommon.ush" 2504
"../../../Engine/Shaders/Private/FirstPersonSelfShadow.usf" 2505
"../../../Engine/Shaders/Private/HZBTracing.ush" 2506
"../../../Engine/Shaders/Private/ShadowProjectionVertexShader.usf" 2507
"../../../Engine/Shaders/Private/ShadowProjectionPixelShader.usf" 2508
"../../../Engine/Shaders/Private/MobileLightingCommon.ush" 2509
"../../../Engine/Shaders/Private/PlanarReflectionShared.ush" 2510
"../../../Engine/Shaders/Private/MobileSSR.ush" 2511
"../../../Engine/Shaders/Private/SSRT/SSRTRayCast.ush" 2512
"../../../Engine/Shaders/Private/ShadowPercentageCloserFiltering.ush" 2513
"../../../Engine/Shaders/Private/TransmissionThickness.ush" 2514
"../../../Engine/Shaders/Private/CopyShadowMaps.usf" 2515
"../../../Engine/Shaders/Private/ShadowDepthPixelShader.usf" 2516
"../../../Engine/Shaders/Private/ShadowDepthVertexShader.usf" 2517
"../../../Engine/Shaders/Private/ShadingEnergyConservationTable.usf" 2518
"../../../Engine/Shaders/Shared/PathTracingDefinitions.h" 2519
"../../../Engine/Shaders/Private/ShadingFurnaceTest.usf" 2520
"../../../Engine/Shaders/Private/Substrate/SubstrateDeferredLighting.ush" 2521
"../../../Engine/Shaders/Private/ShaderPrintDraw.usf" 2522
"../../../Engine/Shaders/Private/ShaderPrintDrawPrimitive.usf" 2523
"../../../Engine/Shaders/Private/DefaultSSRTiles.usf" 2524
"../../../Engine/Shaders/Private/ScreenSpaceReflectionTileCommons.ush" 2525
"../../../Engine/Shaders/Private/SSRT/SSRTDiffuseIndirect.usf" 2526
"../../../Engine/Shaders/Private/SSRT/SSRTTileClassificationBuffer.ush" 2527
"../../../Engine/Shaders/Private/SSRT/SSRTReflections.usf" 2528
"../../../Engine/Shaders/Private/ScreenSpaceDenoise/SSDPublic.ush" 2529
"../../../Engine/Shaders/Private/SSRT/SSRTTileClassification.usf" 2530
"../../../Engine/Shaders/Private/SSRT/SSRTPrevFrameReduction.usf" 2531
"../../../Engine/Shaders/Private/ScreenSpaceDenoise/SSDComposeHarmonics.usf" 2532
"../../../Engine/Shaders/Private/ScreenSpaceDenoise/SSDPublicHarmonics.ush" 2533
"../../../Engine/Shaders/Private/ScreenSpaceDenoise/SSDSignalFramework.ush" 2534
"../../../Engine/Shaders/Private/ScreenSpaceDenoise/SSDCommon.ush" 2535
"../../../Engine/Shaders/Private/SphericalGaussian.ush" 2536
"../../../Engine/Shaders/Public/WaveBroadcastIntrinsics.ush" 2537
"../../../Engine/Shaders/Private/ScreenSpaceDenoise/SSDMetadata.ush" 2538
"../../../Engine/Shaders/Private/ScreenSpaceDenoise/SSDSignalCore.ush" 2539
"../../../Engine/Shaders/Private/ScreenSpaceDenoise/DenoisingCommon.ush" 2540
"../../../Engine/Shaders/Private/ScreenSpaceDenoise/SSDSignalArray.ush" 2541
"../../../Engine/Shaders/Private/ScreenSpaceDenoise/SSDSignalBufferEncoding.ush" 2542
"../../../Engine/Shaders/Private/ScreenSpaceDenoise/SSDPublicBufferEncoding.ush" 2543
"../../../Engine/Shaders/Private/Lumen/LumenBufferEncoding.ush" 2544
"../../../Engine/Shaders/Private/ScreenSpaceDenoise/SSDTemporalAccumulation.usf" 2545
"../../../Engine/Shaders/Private/ScreenSpaceDenoise/SSDSpatialKernel.ush" 2546
"../../../Engine/Shaders/Private/ScreenSpaceDenoise/SSDSignalAccumulatorArray.ush" 2547
"../../../Engine/Shaders/Private/ScreenSpaceDenoise/SSDSignalAccumulator.ush" 2548
"../../../Engine/Shaders/Private/ScreenSpaceDenoise/SSDSignalCompression.ush" 2549
"../../../Engine/Shaders/Private/ScreenSpaceDenoise/SSDSpatialAccumulation.usf" 2550
"../../../Engine/Shaders/Private/ScreenSpaceDenoise/SSDInjest.usf" 2551
"../../../Engine/Shaders/Private/ScreenSpaceDenoise/SSDCompressMetadata.usf" 2552
"../../../Engine/Shaders/Private/DownsampleDepthPixelShader.usf" 2553
"../../../Engine/Shaders/Private/ScreenPass.usf" 2554
"../../../Engine/Shaders/Private/HZB.usf" 2555
"../../../Engine/Shaders/Private/OcclusionFeedbackShaders.usf" 2556
"../../../Engine/Shaders/Private/HZBOcclusion.usf" 2557
"../../../Engine/Shaders/Private/OcclusionQueryPixelShader.usf" 2558
"../../../Engine/Shaders/Private/OcclusionQueryVertexShader.usf" 2559
"../../../Engine/Shaders/Private/HitProxyCopy.usf" 2560
"../../../Engine/Shaders/Private/HitProxyPixelShader.usf" 2561
"../../../Engine/Shaders/Private/HitProxyVertexShader.usf" 2562
"../../../Engine/Shaders/Private/SceneCulling/SceneCullingDebugRender.usf" 2563
"../../../Engine/Shaders/Private/SceneCulling/SceneCulling.ush" 2564
"../../../Engine/Shaders/Private/SceneCulling/SceneCullingBuildExplicitBounds.usf" 2565
"../../../Engine/Shaders/Private/SceneCapturePixelShader.usf" 2566
"../../../Engine/Shaders/Private/RendererUtils.usf" 2567
"../../../Engine/Shaders/Private/RTWriteMaskDecode.usf" 2568
"../../../Engine/Shaders/Private/ReflectionEnvironmentShaders.usf" 2569
"../../../Engine/Shaders/Private/RectLightAtlas.usf" 2570
"../../../Engine/Shaders/Private/RayTracing/TraceRayInlineStatistics.usf" 2571
"../../../Engine/Shaders/Private/RayTracing/CompositeSkyLightPS.usf" 2572
"../../../Engine/Shaders/Private/RayTracing/GenerateSkyLightVisibilityRaysCS.usf" 2573
"../../../Engine/Shaders/Private/RayTracing/RayTracingSkyLightCommon.ush" 2574
"../../../Engine/Shaders/Private/RayTracing/SkyLightVisibilityRaysData.ush" 2575
"../../../Engine/Shaders/Private/Raytracing/RaytracingSkylightRGS.usf" 2576
"../../../Engine/Shaders/Private/HairStrands/HairStrandsRaytracing.ush" 2577
"../../../Engine/Shaders/Private/Raytracing/RayTracingSkyLightEvaluation.ush" 2578
"../../../Engine/Shaders/Private/Raytracing/RayTracingDeferredShadingCommon.ush" 2579
"../../../Engine/Shaders/Private/RayTracing/RayTracingOcclusionRGS.usf" 2580
"../../../Engine/Shaders/Private/RayTracing/RayTracingDirectionalLight.ush" 2581
"../../../Engine/Shaders/Private/RayTracing/RayTracingRectLight.ush" 2582
"../../../Engine/Shaders/Private/RayTracing/RayTracingSphereLight.ush" 2583
"../../../Engine/Shaders/Private/RayTracing/RayTracingCapsuleLight.ush" 2584
"../../../Engine/Shaders/Private/Raytracing/RayTracingFeedback.usf" 2585
"../../../Engine/Shaders/Shared/RayTracingDebugTypes.h" 2586
"../../../Engine/Shaders/Private/RayTracing/RayTracingPrimaryRays.usf" 2587
"../../../Engine/Shaders/Private/RayTracing/RayTracingLightingCommon.ush" 2588
"../../../Engine/Shaders/Private/RayTracing/RayTracingLightCullingCommon.ush" 2589
"../../../Engine/Shaders/Private/RayTracing/RayTracingMaterialDefaultHitShaders.usf" 2590
"../../../Engine/Shaders/Private/RayTracing/RayTracingMaterialHitShaders.usf" 2591
"../../../Engine/Shaders/Private/RayTracing/RayTracingShaderUtils.ush" 2592
"../../../Engine/Shaders/Private/RayTracing/RayTracingCalcInterpolants.ush" 2593
"../../../Engine/Shaders/Private/LightmapCommon.ush" 2594
"../../../Engine/Shaders/Private/Lumen/LumenHardwareRayTracingPayloadCommon.ush" 2595
"../../../Engine/Shaders/Shared/LumenDefinitions.h" 2596
"../../../Engine/Shaders/Private/Substrate/SubstrateExport.ush" 2597
"../../../Engine/Shaders/Private/RayTracing/RayTracingLightingMS.usf" 2598
"../../../Engine/Shaders/Private/Lumen/LumenDiffuseColorBoost.ush" 2599
"../../../Engine/Shaders/Private/RayTracing/RayTracingLightFunctionCommon.ush" 2600
"../../../Engine/Shaders/Private/RayTracing/RayTracingBuildLightGrid.usf" 2601
"../../../Engine/Shaders/Private/Raytracing/RayTracingInstanceBufferUtil.usf" 2602
"../../../Engine/Shaders/Private/RayTracing/RayTracingDynamicMesh.usf" 2603
"../../../Engine/Shaders/Private/RayTracing/RayTracingDefaultDecalHitShader.usf" 2604
"../../../Engine/Shaders/Private/RayTracing/RayTracingDecalMaterialShader.usf" 2605
"../../../Engine/Shaders/Private/PathTracing/PathTracingShaderUtils.ush" 2606
"../../../Engine/Shaders/Private/PathTracing/PathTracingCommon.ush" 2607
"../../../Engine/Shaders/Private/PathTracing/Material/PathTracingMaterialCommon.ush" 2608
"../../../Engine/Shaders/Private/PathTracing/Utilities/PathTracingRIS.ush" 2609
"../../../Engine/Shaders/Private/RayTracing/RayTracingBuildDecalGrid.usf" 2610
"../../../Engine/Shaders/Private/RayTracing/RayTracingDebugHitStatsUtils.usf" 2611
"../../../Engine/Shaders/Private/RayTracing/RayTracingDebugInstanceOverlap.usf" 2612
"../../../Engine/Shaders/Private/RayTracing/RayTracingDebugPicking.usf" 2613
"../../../Engine/Shaders/Private/RayTracing/RayTracingDebugUtils.ush" 2614
"../../../Engine/Shaders/Private/RayTracing/RayTracingDebugTraversal.usf" 2615
"../../../Engine/Shaders/Private/RayTracing/RayTracingDeferredMaterials.ush" 2616
"../../../Engine/Shaders/Shared/ThirdParty/AMD/ags_shader_intrinsics_dx12.h" 2617
"../../../Engine/Shaders/Shared/RayTracingDebugDefinitions.h" 2618
"../../../Engine/Shaders/Private/RayTracing/RayTracingDebugHitStatsCHS.usf" 2619
"../../../Engine/Shaders/Private/RayTracing/RayTracingDebugHitStats.usf" 2620
"../../../Engine/Shaders/Private/RayTracing/RayTracingDebugMS.usf" 2621
"../../../Engine/Shaders/Private/RayTracing/RayTracingDebugCHS.usf" 2622
"../../../Engine/Shaders/Private/RayTracing/RayTracingDebug.usf" 2623
"../../../Engine/Shaders/Private/RayTracing/RayTracingBuiltInShaders.usf" 2624
"../../../Engine/Shaders/Private/RayTracing/RayTracingBarycentrics.usf" 2625
"../../../Engine/Shaders/Private/RayTracing/RayTracingAmbientOcclusionRGS.usf" 2626
"../../../Engine/Shaders/Private/VisualizeShadingModels.usf" 2627
"../../../Engine/Shaders/Private/MotionBlur/VisualizeMotionVectors.usf" 2628
"../../../Engine/Shaders/Private/TemporalSuperResolution/TSRVisualize.usf" 2629
"../../../Engine/Shaders/Private/TemporalSuperResolution/TSRColorSpace.ush" 2630
"../../../Engine/Shaders/Private/TemporalSuperResolution/TSRCommon.ush" 2631
"../../../Engine/Shaders/Public/DualPixelVectorization.ush" 2632
"../../../Engine/Shaders/Private/TemporalSuperResolution/TSRReprojectionField.ush" 2633
"../../../Engine/Shaders/Private/TemporalSuperResolution/TSRResolveHistory.usf" 2634
"../../../Engine/Shaders/Private/TemporalSuperResolution/TSRConvolutionNetwork.ush" 2635
"../../../Engine/Shaders/Private/TemporalSuperResolution/TSRKernels.ush" 2636
"../../../Engine/Shaders/Public/LaneVectorization.ush" 2637
"../../../Engine/Shaders/Private/TemporalSuperResolution/TSRUpdateHistory.usf" 2638
"../../../Engine/Shaders/Private/TemporalSuperResolution/TSRSpatialAntiAliasing.ush" 2639
"../../../Engine/Shaders/Private/TemporalSuperResolution/TSRSpatialAntiAliasing.usf" 2640
"../../../Engine/Shaders/Private/TemporalSuperResolution/TSRRejectShading.usf" 2641
"../../../Engine/Shaders/Private/TemporalSuperResolution/TSRShadingAnalysis.ush" 2642
"../../../Engine/Shaders/Private/TemporalSuperResolution/TSRConvolutionNetworkPass.ush" 2643
"../../../Engine/Shaders/Private/TemporalSuperResolution/TSRDecimateHistory.usf" 2644
"../../../Engine/Shaders/Private/TemporalSuperResolution/TSRDepthVelocityAnalysis.ush" 2645
"../../../Engine/Shaders/Private/TemporalSuperResolution/TSRClosestOccluder.ush" 2646
"../../../Engine/Shaders/Private/TemporalSuperResolution/TSRWeightRelaxation.usf" 2647
"../../../Engine/Shaders/Private/TemporalSuperResolution/TSRThinGeometryCommon.ush" 2648
"../../../Engine/Shaders/Private/TemporalSuperResolution/TSRDetectThinGeometry.usf" 2649
"../../../Engine/Shaders/Private/TemporalSuperResolution/TSRDilateVelocity.usf" 2650
"../../../Engine/Shaders/Private/MotionBlur/MotionBlurVelocityFlatten.ush" 2651
"../../../Engine/Shaders/Private/MotionBlur/MotionBlurCommon.ush" 2652
"../../../Engine/Shaders/Private/TemporalSuperResolution/TSRClearPrevTextures.usf" 2653
"../../../Engine/Shaders/Private/TemporalSuperResolution/TSRMeasureCoverage.usf" 2654
"../../../Engine/Shaders/Private/TemporalSuperResolution/TSRMeasureFlickeringLuma.usf" 2655
"../../../Engine/Shaders/Private/TemporalAA.usf" 2656
"../../../Engine/Shaders/Private/FilterPixelShader.usf" 2657
"../../../Engine/Shaders/Private/FilterVertexShader.usf" 2658
"../../../Engine/Shaders/Private/VisualizeVirtualTexture.usf" 2659
"../../../Engine/Shaders/Private/PostProcessVisualizeBuffer.usf" 2660
"../../../Engine/Shaders/Private/PostProcessVisualizeLocalExposure.usf" 2661
"../../../Engine/Shaders/Private/PostProcessHistogramCommon.ush" 2662
"../../../Engine/Shaders/Private/TonemapCommon.ush" 2663
"../../../Engine/Shaders/Private/ACES/ACESCommon.ush" 2664
"../../../Engine/Shaders/Private/ACES/ACESOutputTransform.ush" 2665
"../../../Engine/Shaders/Private/ACES/ACESUtilities.ush" 2666
"../../../Engine/Shaders/Private/ACES/ACESTonescale.ush" 2667
"../../../Engine/Shaders/Private/ACES/ACESDisplayEncoding.ush" 2668
"../../../Engine/Shaders/Private/ACES/ACES_v1.3.ush" 2669
"../../../Engine/Shaders/Private/PostProcessVisualizeLevelInstance.usf" 2670
"../../../Engine/Shaders/Private/PostProcessVisualizeHDR.usf" 2671
"../../../Engine/Shaders/Private/ShaderComplexityApplyPixelShader.usf" 2672
"../../../Engine/Shaders/Private/QuadOverdraw.ush" 2673
"../../../Engine/Shaders/Private/PostProcessUpscale.usf" 2674
"../../../Engine/Shaders/Private/PostProcessTonemap.usf" 2675
"../../../Engine/Shaders/Private/PostProcessing/FilmGrainPackConstants.usf" 2676
"../../../Engine/Shaders/Private/PostProcessing/FilmGrainReduce.usf" 2677
"../../../Engine/Shaders/Private/PostProcessTestImage.usf" 2678
"../../../Engine/Shaders/Private/PostProcessSubsurface.usf" 2679
"../../../Engine/Shaders/Private/SeparableSSS.ush" 2680
"../../../Engine/Shaders/Private/SubsurfaceBurleyNormalized.ush" 2681
"../../../Engine/Shaders/Private/PostProcessSelectionOutline.usf" 2682
"../../../Engine/Shaders/Private/MotionBlur/MotionBlurVisualize.usf" 2683
"../../../Engine/Shaders/Private/MotionBlur/MotionBlurApply.usf" 2684
"../../../Engine/Shaders/Private/MotionBlur/MotionBlurFilterTileClassify.usf" 2685
"../../../Engine/Shaders/Private/MotionBlur/MotionBlurTileScatter.usf" 2686
"../../../Engine/Shaders/Private/MotionBlur/MotionBlurTileGather.usf" 2687
"../../../Engine/Shaders/Private/MotionBlur/MotionBlurVelocityFlatten.usf" 2688
"../../../Engine/Shaders/Private/PostProcessMobile.usf" 2689
"../../../Engine/Shaders/Private/PostProcessMitchellNetravali.usf" 2690
"../../../Engine/Shaders/Private/PostProcessMaterialShaders.usf" 2691
"../../../Engine/Shaders/Private/NeuralPostProcessCommon.usf" 2692
"../../../Engine/Shaders/Private/PostProcessLocalExposure.usf" 2693
"../../../Engine/Shaders/Private/PostProcessLensFlares.usf" 2694
"../../../Engine/Shaders/Private/PostProcessGBufferHints.usf" 2695
"../../../Engine/Shaders/Private/PostProcessHMD.usf" 2696
"../../../Engine/Shaders/Private/Histogram.usf" 2697
"../../../Engine/Shaders/Private/PostProcessHistogramReduce.usf" 2698
"../../../Engine/Shaders/Private/PostProcessHistogram.usf" 2699
"../../../Engine/Shaders/Private/Bloom/BloomFinalizeApplyConstants.usf" 2700
"../../../Engine/Shaders/Private/Bloom/BloomCommon.ush" 2701
"../../../Engine/Shaders/Private/Bloom/BloomResizeKernel.usf" 2702
"../../../Engine/Shaders/Private/Bloom/BloomDownsampleKernel.usf" 2703
"../../../Engine/Shaders/Private/Bloom/BloomClampKernel.usf" 2704
"../../../Engine/Shaders/Private/Bloom/BloomPackKernelConstants.usf" 2705
"../../../Engine/Shaders/Private/Bloom/BloomSumScatterDispersionEnergy.usf" 2706
"../../../Engine/Shaders/Private/Bloom/BloomReduceKernelSurvey.usf" 2707
"../../../Engine/Shaders/Private/Bloom/BloomSurveyKernelCenterEnergy.usf" 2708
"../../../Engine/Shaders/Private/Bloom/BloomSurveyMaxScatterDispersion.usf" 2709
"../../../Engine/Shaders/Private/Bloom/BloomFindKernelCenter.usf" 2710
"../../../Engine/Shaders/Private/PostProcessEyeAdaptation.usf" 2711
"../../../Engine/Shaders/Private/TranslucencyVolumeCommon.ush" 2712
"../../../Engine/Shaders/Private/PostProcessEyeAdaptationUtils.usf" 2713
"../../../Engine/Shaders/Private/PostProcessDownsample.usf" 2714
"../../../Engine/Shaders/Private/PostProcessDOF.usf" 2715
"../../../Engine/Shaders/Private/PostProcessDeviceEncodingOnly.usf" 2716
"../../../Engine/Shaders/Private/PostProcessCompositePrimitives.usf" 2717
"../../../Engine/Shaders/Private/PostProcessCombineLUTs.usf" 2718
"../../../Engine/Shaders/Private/PostProcessVisualizeDOF.usf" 2719
"../../../Engine/Shaders/Private/PostProcessBloom.usf" 2720
"../../../Engine/Shaders/Private/PostProcessAmbientOcclusionMobile.usf" 2721
"../../../Engine/Shaders/Private/PostProcessAmbientOcclusionCommon.ush" 2722
"../../../Engine/Shaders/Private/FXAAShader.usf" 2723
"../../../Engine/Shaders/Private/Fxaa3_11.ush" 2724
"../../../Engine/Shaders/Private/PaniniProjection.usf" 2725
"../../../Engine/Shaders/Private/DiaphragmDOF/DOFRecombine.usf" 2726
"../../../Engine/Shaders/Private/DiaphragmDOF/DOFHybridScatterPixelShader.usf" 2727
"../../../Engine/Shaders/Private/DiaphragmDOF/DOFHybridScatterCommon.ush" 2728
"../../../Engine/Shaders/Private/DiaphragmDOF/DOFVignetteCommon.ush" 2729
"../../../Engine/Shaders/Private/DiaphragmDOF/DOFHybridScatterVertexShader.usf" 2730
"../../../Engine/Shaders/Private/DiaphragmDOF/DOFPostfiltering.usf" 2731
"../../../Engine/Shaders/Private/DiaphragmDOF/DOFGatherTileSuggest.ush" 2732
"../../../Engine/Shaders/Private/DiaphragmDOF/DOFCocTileCommon.ush" 2733
"../../../Engine/Shaders/Private/DiaphragmDOF/DOFGatherPass.usf" 2734
"../../../Engine/Shaders/Private/DiaphragmDOF/DOFGatherCommon.ush" 2735
"../../../Engine/Shaders/Private/DiaphragmDOF/DOFGatherAccumulator.ush" 2736
"../../../Engine/Shaders/Private/DiaphragmDOF/DOFGatherKernel.ush" 2737
"../../../Engine/Shaders/Private/DiaphragmDOF/DOFBokehLUT.usf" 2738
"../../../Engine/Shaders/Private/DiaphragmDOF/DOFHybridScatterCompilation.usf" 2739
"../../../Engine/Shaders/Private/DiaphragmDOF/DOFReduce.usf" 2740
"../../../Engine/Shaders/Private/DiaphragmDOF/DOFDownsample.ush" 2741
"../../../Engine/Shaders/Private/DiaphragmDOF/DOFHybridScatterCompilation.ush" 2742
"../../../Engine/Shaders/Private/DiaphragmDOF/DOFDownsample.usf" 2743
"../../../Engine/Shaders/Private/DiaphragmDOF/DOFCocTileDilate.usf" 2744
"../../../Engine/Shaders/Private/DiaphragmDOF/DOFCocTileFlatten.usf" 2745
"../../../Engine/Shaders/Private/DiaphragmDOF/DOFSetup.usf" 2746
"../../../Engine/Shaders/Private/Tools/DebugAlphaChannel.usf" 2747
"../../../Engine/Shaders/Private/PostProcessAlphaInvert.usf" 2748
"../../../Engine/Shaders/Private/PlanarReflectionShaders.usf" 2749
"../../../Engine/Shaders/Private/PhysicsFieldVisualizer.usf" 2750
"../../../Engine/Shaders/Private/PathTracing/PathTracingSpatialTemporalDenoising.usf" 2751
"../../../Engine/Shaders/Private/ColorDifference.ush" 2752
"../../../Engine/Shaders/Private/PathTracing/PathTracingCompositingPixelShader.usf" 2753
"../../../Engine/Shaders/Private/PathTracing/PathTracingAdaptiveUtils.ush" 2754
"../../../Engine/Shaders/Private/PathTracing/PathTracingDefaultHitShader.usf" 2755
"../../../Engine/Shaders/Private/PathTracing/PathTracingGPULightmassMaterialHitShader.usf" 2756
"../../../Engine/Shaders/Private/PathTracing/PathTracingMaterialHitShader.usf" 2757
"../../../Engine/Shaders/Private/PathTracing/Material/PathTracingSubstrateCommon.ush" 2758
"../../../Engine/Shaders/Private/PathTracing/PathTracingLightingMissShader.usf" 2759
"../../../Engine/Shaders/Private/PathTracing/PathTracingMissShader.usf" 2760
"../../../Engine/Shaders/Private/PathTracing/PathTracingAdaptiveStart.usf" 2761
"../../../Engine/Shaders/Private/PathTracing/PathTracingBuildAdaptiveError.usf" 2762
"../../../Engine/Shaders/Private/PathTracing/PathTracingVolumetricCloudMaterialShader.usf" 2763
"../../../Engine/Shaders/Private/PathTracing/Volume/PathTracingCloudsMaterialCommon.ush" 2764
"../../../Engine/Shaders/Private/PathTracing/Volume/PathTracingVolumeCommon.ush" 2765
"../../../Engine/Shaders/Private/PathTracing/Volume/PathTracingCloudsCommon.ush" 2766
"../../../Engine/Shaders/Private/PathTracing/Volume/PathTracingFog.ush" 2767
"../../../Engine/Shaders/Private/PathTracing/Volume/PathTracingAtmosphere.ush" 2768
"../../../Engine/Shaders/Private/PathTracing/Volume/PathTracingAtmosphereCommon.ush" 2769
"../../../Engine/Shaders/Private/PathTracing/Volume/PathTracingVolumeSampling.ush" 2770
"../../../Engine/Shaders/Private/PathTracing/PathTracingBuildCloudAccelerationMap.usf" 2771
"../../../Engine/Shaders/Private/PathTracing/PathTracingBuildAtmosphereLUT.usf" 2772
"../../../Engine/Shaders/Private/PathTracing/PathTracingSwizzleScanlines.usf" 2773
"../../../Engine/Shaders/Private/PathTracing/PathTracingInitExtinctionCoefficient.usf" 2774
"../../../Engine/Shaders/Private/PathTracing/PathTracingCopyDepth.usf" 2775
"../../../Engine/Shaders/Private/PathTracing/PathTracingDebug.usf" 2776
"../../../Engine/Shaders/Private/RayTracing/RayTracingDecalGrid.ush" 2777
"../../../Engine/Shaders/Private/PathTracing/Material/PathTracingMaterialSampling.ush" 2778
"../../../Engine/Shaders/Private/PathTracing/Material/PathTracingLambert.ush" 2779
"../../../Engine/Shaders/Private/PathTracing/Material/PathTracingSubstrate.ush" 2780
"../../../Engine/Shaders/Private/PathTracing/Material/PathTracingSubstrateFoliage.ush" 2781
"../../../Engine/Shaders/Private/PathTracing/Material/PathTracingSubstrateSolidGlass.ush" 2782
"../../../Engine/Shaders/Private/PathTracing/Material/PathTracingSubstrateThinGlass.ush" 2783
"../../../Engine/Shaders/Private/PathTracing/Material/PathTracingSolidGlass.ush" 2784
"../../../Engine/Shaders/Private/PathTracing/Material/PathTracingEnergyConservation.ush" 2785
"../../../Engine/Shaders/Private/PathTracing/Material/PathTracingThinGlass.ush" 2786
"../../../Engine/Shaders/Private/PathTracing/Material/PathTracingDefaultLit.ush" 2787
"../../../Engine/Shaders/Private/PathTracing/Material/PathTracingClearCoat.ush" 2788
"../../../Engine/Shaders/Private/PathTracing/Material/PathTracingTwoSidedFoliage.ush" 2789
"../../../Engine/Shaders/Private/PathTracing/Material/PathTracingCloth.ush" 2790
"../../../Engine/Shaders/Private/PathTracing/Material/PathTracingSubsurfaceProfile.ush" 2791
"../../../Engine/Shaders/Private/PathTracing/Material/PathTracingEye.ush" 2792
"../../../Engine/Shaders/Private/PathTracing/Material/PathTracingHair.ush" 2793
"../../../Engine/Shaders/Private/PathTracing/Material/PathTracingMedium.ush" 2794
"../../../Engine/Shaders/Private/PathTracing/Light/PathTracingLightSampling.ush" 2795
"../../../Engine/Shaders/Private/PathTracing/Light/PathTracingLightCommon.ush" 2796
"../../../Engine/Shaders/Private/PathTracing/Light/PathTracingDirectionalLight.ush" 2797
"../../../Engine/Shaders/Private/PathTracing/Light/PathTracingPointLight.ush" 2798
"../../../Engine/Shaders/Private/PathTracing/Light/PathTracingCapsuleLight.ush" 2799
"../../../Engine/Shaders/Private/PathTracing/Light/PathTracingRectLight.ush" 2800
"../../../Engine/Shaders/Private/PathTracing/Light/PathTracingSkyLight.ush" 2801
"../../../Engine/Shaders/Private/PathTracing/Light/PathTracingLightGrid.ush" 2802
"../../../Engine/Shaders/Private/PathTracing/PathTracing.usf" 2803
"../../../Engine/Shaders/Private/PathTracing/PathTracingCore.ush" 2804
"../../../Engine/Shaders/Private/HeterogeneousVolumes/HeterogeneousVolumesVoxelGridTypes.ush" 2805
"../../../Engine/Shaders/Private/PathTracing/Volume/PathTracingVolume.ush" 2806
"../../../Engine/Shaders/Private/PathTracing/Volume/PathTracingClouds.ush" 2807
"../../../Engine/Shaders/Private/PathTracing/Volume/PathTracingHeterogeneousVolumes.ush" 2808
"../../../Engine/Shaders/Private/HeterogeneousVolumes/HeterogeneousVolumesVoxelGridTraversal.ush" 2809
"../../../Engine/Shaders/Private/HeterogeneousVolumes/HeterogeneousVolumesVoxelGridUtils.ush" 2810
"../../../Engine/Shaders/Private/HeterogeneousVolumes/HeterogeneousVolumesFrustumVoxelGridUtils.ush" 2811
"../../../Engine/Shaders/Private/PathTracing/PathTracingBuildLightGrid.usf" 2812
"../../../Engine/Shaders/Private/PathTracing/PathTracingSkylightMISCompensation.usf" 2813
"../../../Engine/Shaders/Private/PathTracing/PathTracingSkylightPrepare.usf" 2814
"../../../Engine/Shaders/Private/OIT/OITSorting.usf" 2815
"../../../Engine/Shaders/Private/OITCombine.usf" 2816
"../../../Engine/Shaders/Private/OITCommon.ush" 2817
"../../../Engine/Shaders/Private/Nanite/Voxel/RasterizeBricks.usf" 2818
"../../../Engine/Shaders/Private/Nanite/Voxel/Brick.ush" 2819
"../../../Engine/Shaders/Private/Nanite/Voxel/Voxel.ush" 2820
"../../../Engine/Shaders/Private/Nanite/Voxel/ScatterBricks.usf" 2821
"../../../Engine/Shaders/Private/Nanite/Voxel/TileBricks.usf" 2822
"../../../Engine/Shaders/Private/Nanite/Voxel/AutoVoxel.usf" 2823
"../../../Engine/Shaders/Private/Nanite/NaniteDebugViews.usf" 2824
"../../../Engine/Shaders/Private/Nanite/NaniteEditorCommon.ush" 2825
"../../../Engine/Shaders/Private/BinarySearch.ush" 2826
"../../../Engine/Shaders/Private/Nanite/NaniteDepthDecode.usf" 2827
"../../../Engine/Shaders/Private/HTileEncoding.ush" 2828
"../../../Engine/Shaders/Private/Nanite/NaniteVisualize.usf" 2829
"../../../Engine/Shaders/Private/Nanite/NaniteStreamOut.usf" 2830
"../../../Engine/Shaders/Private/Nanite/NaniteHierarchyTraversal.ush" 2831
"../../../Engine/Shaders/Private/Nanite/NaniteSkinningUpdateViewData.usf" 2832
"../../../Engine/Shaders/Private/Skinning/TransformProviders.usf" 2833
"../../../Engine/Shaders/Private/Nanite/NaniteShadeBinning.usf" 2834
"../../../Engine/Shaders/Private/Nanite/NaniteShadeCommon.ush" 2835
"../../../Engine/Shaders/Private/Nanite/NaniteFastClear.usf" 2836
"../../../Engine/Shaders/Private/Nanite/NaniteExportGBuffer.usf" 2837
"../../../Engine/Shaders/Private/Nanite/NaniteClusterCulling.usf" 2838
"../../../Engine/Shaders/Private/Nanite/NanitePrintStats.usf" 2839
"../../../Engine/Shaders/Private/Nanite/NaniteRasterizer.usf" 2840
"../../../Engine/Shaders/Private/Nanite/NaniteRasterizationCommon.ush" 2841
"../../../Engine/Shaders/Private/Nanite/NaniteRasterizer.ush" 2842
"../../../Engine/Shaders/Private/Nanite/NaniteWritePixel.ush" 2843
"../../../Engine/Shaders/Private/Nanite/NaniteTessellation.ush" 2844
"../../../Engine/Shaders/Private/WorkDistribution.ush" 2845
"../../../Engine/Shaders/Private/Nanite/NaniteDice.ush" 2846
"../../../Engine/Shaders/Private/ShaderBundleWorkGraphCommon.ush" 2847
"../../../Engine/Shaders/Public/RootConstants.ush" 2848
"../../../Engine/Shaders/Public/Platform/D3D/D3DRootConstants.ush" 2849
"../../../Engine/Shaders/Private/Nanite/NaniteSplit.usf" 2850
"../../../Engine/Shaders/Private/Nanite/NaniteRasterBinning.usf" 2851
"../../../Engine/Shaders/Private/Nanite/NaniteInstanceCulling.usf" 2852
"../../../Engine/Shaders/Private/Nanite/NaniteImposter.ush" 2853
"../../../Engine/Shaders/Private/Nanite/NaniteInstanceHierarchyCulling.usf" 2854
"../../../Engine/Shaders/Private/WorkGroupLoadBalancer.ush" 2855
"../../../Engine/Shaders/Private/Nanite/NanitePrimitiveFilter.usf" 2856
"../../../Engine/Shaders/Private/Nanite/NaniteRasterClear.usf" 2857
"../../../Engine/Shaders/Private/Nanite/NaniteDepthExport.usf" 2858
"../../../Engine/Shaders/Private/Nanite/NaniteEmitShadow.usf" 2859
"../../../Engine/Shaders/Private/MobileDeferredUtils.usf" 2860
"../../../Engine/Shaders/Private/MobileLocalLightsBuffer.usf" 2861
"../../../Engine/Shaders/Private/MobileFog.usf" 2862
"../../../Engine/Shaders/Private/DistortApplyScreenPS.usf" 2863
"../../../Engine/Shaders/Private/MobileDeferredShading.usf" 2864
"../../../Engine/Shaders/Private/MobileBasePassPixelShader.usf" 2865
"../../../Engine/Shaders/Private/MobileBasePassCommon.ush" 2866
"../../../Engine/Shaders/Private/BasePassCommon.ush" 2867
"../../../Engine/Shaders/Private/ShadingModelsMaterial.ush" 2868
"../../../Engine/Shaders/Private/ThinTranslucentCommon.ush" 2869
"../../../Engine/Shaders/Private/SingleLayerWaterShading.ush" 2870
"../../../Engine/Shaders/Private/DistortionCommon.ush" 2871
"../../../Engine/Shaders/Private/Substrate/SubstrateMobileForwardLighting.ush" 2872
"../../../Engine/Shaders/Private/MobileBasePassVertexShader.usf" 2873
"../../../Engine/Shaders/Private/MeshEdges.usf" 2874
"../../../Engine/Shaders/Private/MegaLights/MegaLightsVSMTracing.usf" 2875
"../../../Engine/Shaders/Private/MegaLights/MegaLights.ush" 2876
"../../../Engine/Shaders/Shared/MegaLightsDefinitions.h" 2877
"../../../Engine/Shaders/Private/HairStrands/HairStrandsVisibilityUtils.ush" 2878
"../../../Engine/Shaders/Private/MegaLights/MegaLightsRayTracing.ush" 2879
"../../../Engine/Shaders/Private/MegaLights/MegaLightsRayTracing.usf" 2880
"../../../Engine/Shaders/Private/DistanceField/GlobalDistanceFieldUtils.ush" 2881
"../../../Engine/Shaders/Private/Lumen/LumenScreenTracing.ush" 2882
"../../../Engine/Shaders/Private/MegaLights/MegaLightsVolumeRayTracing.usf" 2883
"../../../Engine/Shaders/Private/MegaLights/MegaLightsVolume.ush" 2884
"../../../Engine/Shaders/Private/MegaLights/MegaLightsVolumeHardwareRayTracing.usf" 2885
"../../../Engine/Shaders/Private/Lumen/LumenHardwareRayTracingCommon.ush" 2886
"../../../Engine/Shaders/Private/RayTracing/RayTracingReflectionEnvironment.ush" 2887
"../../../Engine/Shaders/Private/Lumen/LumenHardwareRayTracingPlatformCommon.ush" 2888
"../../../Engine/Shaders/Private/Lumen/LumenReflectionsCombine.ush" 2889
"../../../Engine/Shaders/Private/Lumen/LumenTracingCommon.ush" 2890
"../../../Engine/Shaders/Private/Lumen/SurfaceCache/LumenSurfaceCacheSampling.ush" 2891
"../../../Engine/Shaders/Private/Lumen/SurfaceCache/LumenSurfaceCache.ush" 2892
"../../../Engine/Shaders/Private/Lumen/LumenCardCommon.ush" 2893
"../../../Engine/Shaders/Private/Lumen/LumenCardTileShadowDownsampleFactor.ush" 2894
"../../../Engine/Shaders/Private/MegaLights/MegaLightsHardwareRayTracing.usf" 2895
"../../../Engine/Shaders/Private/MegaLights/MegaLights.usf" 2896
"../../../Engine/Shaders/Private/MegaLights/MegaLightsShading.ush" 2897
"../../../Engine/Shaders/Private/MegaLights/MegaLightsFilterVisibleLightHash.usf" 2898
"../../../Engine/Shaders/Private/MegaLights/MegaLightsDenoiserSpatial.usf" 2899
"../../../Engine/Shaders/Private/Lumen/LumenReflectionDenoiserCommon.ush" 2900
"../../../Engine/Shaders/Private/MegaLights/MegaLightsDenoiserTemporal.usf" 2901
"../../../Engine/Shaders/Private/MegaLights/MegaLightsShading.usf" 2902
"../../../Engine/Shaders/Private/StochasticLighting/StochasticLightingUpsample.ush" 2903
"../../../Engine/Shaders/Private/MegaLights/MegaLightsVisibleLightHash.usf" 2904
"../../../Engine/Shaders/Private/MegaLights/MegaLightsVolumeShading.usf" 2905
"../../../Engine/Shaders/Private/MegaLights/MegaLightsSampling.usf" 2906
"../../../Engine/Shaders/Private/MegaLights/MegaLightsSampling.ush" 2907
"../../../Engine/Shaders/Private/MegaLights/MegaLightsVolumeSampling.usf" 2908
"../../../Engine/Shaders/Private/MaterialCache/MaterialCacheABufferPages.usf" 2909
"../../../Engine/Shaders/Private/MaterialCache/MaterialCacheShade.usf" 2910
"../../../Engine/Shaders/Private/MaterialCache/MaterialCacheUnwrapNaniteShade.usf" 2911
"../../../Engine/Shaders/Private/MaterialCache/MaterialCacheUnwrapPixelShader.usf" 2912
"../../../Engine/Shaders/Private/MaterialCache/MaterialCacheUnwrapVertexShader.usf" 2913
"../../../Engine/Shaders/Private/Lumen/LumenVisualizeRadianceCache.usf" 2914
"../../../Engine/Shaders/Private/Lumen/LumenRadianceCacheCommon.ush" 2915
"../../../Engine/Shaders/Private/Lumen/LumenVisualizeHardwareRayTracing.usf" 2916
"../../../Engine/Shaders/Private/Lumen/LumenVisualize.ush" 2917
"../../../Engine/Shaders/Private/Lumen/LumenHairTracing.ush" 2918
"../../../Engine/Shaders/Private/Lumen/LumenVisualize.usf" 2919
"../../../Engine/Shaders/Private/Lumen/LumenSoftwareRayTracing.ush" 2920
"../../../Engine/Shaders/Private/DistanceField/GlobalDistanceFieldObjectGrid.ush" 2921
"../../../Engine/Shaders/Private/DistanceFieldLightingShared.ush" 2922
"../../../Engine/Shaders/Private/Lumen/LumenVisualizeTraces.ush" 2923
"../../../Engine/Shaders/Private/Lumen/LumenTranslucencyVolumeLighting.usf" 2924
"../../../Engine/Shaders/Private/Lumen/LumenRadianceCacheMarkCommon.ush" 2925
"../../../Engine/Shaders/Private/Lumen/LumenTranslucencyVolumeLightingShared.ush" 2926
"../../../Engine/Shaders/Private/Lumen/LumenScreenProbeCommon.ush" 2927
"../../../Engine/Shaders/Private/RayTracing/RayGenUtils.ush" 2928
"../../../Engine/Shaders/Private/Lumen/LumenRadianceCacheTracingCommon.ush" 2929
"../../../Engine/Shaders/Private/Lumen/LumenTranslucencyVolumeHardwareRayTracing.usf" 2930
"../../../Engine/Shaders/Private/Lumen/LumenTranslucencyRadianceCacheMarkShaders.usf" 2931
"../../../Engine/Shaders/Private/Lumen/SurfaceCache/LumenSurfaceCache.usf" 2932
"../../../Engine/Shaders/Private/Lumen/LumenShortRangeAOHardwareRayTracing.usf" 2933
"../../../Engine/Shaders/Private/Lumen/LumenScreenSpaceBentNormal.ush" 2934
"../../../Engine/Shaders/Private/Lumen/LumenScreenSpaceBentNormal.usf" 2935
"../../../Engine/Shaders/Private/Lumen/LumenScreenProbeTracing.usf" 2936
"../../../Engine/Shaders/Private/Lumen/LumenScreenProbeTracingCommon.ush" 2937
"../../../Engine/Shaders/Private/Lumen/LumenFloatQuantization.ush" 2938
"../../../Engine/Shaders/Private/Lumen/LumenScreenProbeImportanceSampling.usf" 2939
"../../../Engine/Shaders/Private/Lumen/LumenScreenProbeImportanceSamplingShared.ush" 2940
"../../../Engine/Shaders/Private/Lumen/LumenScreenProbeHardwareRayTracing.usf" 2941
"../../../Engine/Shaders/Private/Lumen/LumenScreenProbeDebug.usf" 2942
"../../../Engine/Shaders/Private/Lumen/LumenScreenProbeGather.usf" 2943
"../../../Engine/Shaders/Private/Lumen/LumenScreenProbeGatherTemporal.usf" 2944
"../../../Engine/Shaders/Private/Lumen/LumenScreenProbeFiltering.usf" 2945
"../../../Engine/Shaders/Private/Lumen/LumenSceneLighting.usf" 2946
"../../../Engine/Shaders/Private/Lumen/LumenCardTile.ush" 2947
"../../../Engine/Shaders/Private/Lumen/LumenSceneLighting.ush" 2948
"../../../Engine/Shaders/Private/Lumen/Radiosity/LumenRadiosity.ush" 2949
"../../../Engine/Shaders/Private/Lumen/LumenSceneLightingDebug.usf" 2950
"../../../Engine/Shaders/Private/Lumen/LumenScene.usf" 2951
"../../../Engine/Shaders/Private/Lumen/LumenSceneDirectLightingHardwareRayTracing.usf" 2952
"../../../Engine/Shaders/Private/Lumen/LumenSceneDirectLightingStochastic.ush" 2953
"../../../Engine/Shaders/Private/Lumen/LumenReflectionCommon.ush" 2954
"../../../Engine/Shaders/Private/Lumen/LumenSceneDirectLighting.ush" 2955
"../../../Engine/Shaders/Private/Lumen/LumenSceneDebugHardwareRayTracing.usf" 2956
"../../../Engine/Shaders/Private/Lumen/LumenSceneDirectLightingStochastic.usf" 2957
"../../../Engine/Shaders/Private/Lumen/LumenSceneDirectLightingSoftwareRayTracing.usf" 2958
"../../../Engine/Shaders/Private/DistanceFieldShadowingShared.ush" 2959
"../../../Engine/Shaders/Private/Lumen/LumenSceneDirectLightingPerLightShadowCommon.ush" 2960
"../../../Engine/Shaders/Private/Lumen/LumenSceneDirectLightingShadowMask.usf" 2961
"../../../Engine/Shaders/Private/Lumen/LumenSceneDirectLighting.usf" 2962
"../../../Engine/Shaders/Private/Lumen/LumenSceneDirectLightingCulling.usf" 2963
"../../../Engine/Shaders/Private/Lumen/LumenCardComputeShader.usf" 2964
"../../../Engine/Shaders/Private/Lumen/LumenCardBasePass.ush" 2965
"../../../Engine/Shaders/Private/Lumen/LumenCardPixelShader.usf" 2966
"../../../Engine/Shaders/Private/Lumen/LumenCardVertexShader.usf" 2967
"../../../Engine/Shaders/Private/Lumen/LumenReSTIRGather.usf" 2968
"../../../Engine/Shaders/Private/Lumen/LumenReflectionTracing.usf" 2969
"../../../Engine/Shaders/Private/Lumen/LumenReflectionDenoiserSpatial.usf" 2970
"../../../Engine/Shaders/Private/Lumen/LumenReflectionDenoiserClear.usf" 2971
"../../../Engine/Shaders/Private/Lumen/LumenReflectionDenoiserTemporal.usf" 2972
"../../../Engine/Shaders/Private/Lumen/LumenReflectionResolve.usf" 2973
"../../../Engine/Shaders/Private/Lumen/LumenReflections.usf" 2974
"../../../Engine/Shaders/Private/Lumen/RayTracedTranslucency.usf" 2975
"../../../Engine/Shaders/Private/Lumen/LumenReflectionHardwareRayTracing.usf" 2976
"../../../Engine/Shaders/Private/Lumen/Radiosity/LumenVisualizeRadiosityProbes.usf" 2977
"../../../Engine/Shaders/Private/Lumen/Radiosity/LumenRadiosity.usf" 2978
"../../../Engine/Shaders/Private/Lumen/Radiosity/LumenRadiosityHardwareRayTracing.usf" 2979
"../../../Engine/Shaders/Private/Lumen/Radiosity/LumenRadiosityCulling.usf" 2980
"../../../Engine/Shaders/Private/Lumen/LumenRadianceCacheHardwareRayTracing.usf" 2981
"../../../Engine/Shaders/Private/Lumen/LumenRadianceCache.usf" 2982
"../../../Engine/Shaders/Private/Lumen/LumenRadianceCacheUpdate.ush" 2983
"../../../Engine/Shaders/Private/Lumen/LumenRadianceCacheDebug.usf" 2984
"../../../Engine/Shaders/Private/Lumen/LumenRadianceCacheUpdate.usf" 2985
"../../../Engine/Shaders/Private/Lumen/LumenMeshSDFCulling.usf" 2986
"../../../Engine/Shaders/Private/HybridIndirectLighting.ush" 2987
"../../../Engine/Shaders/Private/MeshDistanceFieldCommon.ush" 2988
"../../../Engine/Shaders/Private/Lumen/LumenIrradianceFieldGather.usf" 2989
"../../../Engine/Shaders/Private/Lumen/LumenHardwareRayTracingMaterials.usf" 2990
"../../../Engine/Shaders/Private/Lumen/LumenFrontLayerTranslucency.usf" 2991
"../../../Engine/Shaders/Private/LocalFogVolumes/LocalFogVolumeSplat.usf" 2992
"../../../Engine/Shaders/Private/LocalFogVolumes/LocalFogVolumeTiledCulling.usf" 2993
"../../../Engine/Shaders/Private/LightShaftShader.usf" 2994
"../../../Engine/Shaders/Private/StationaryLightOverlapShaders.usf" 2995
"../../../Engine/Shaders/Private/DeferredLightPixelShaders.usf" 2996
"../../../Engine/Shaders/Private/DeferredLightVertexShaders.usf" 2997
"../../../Engine/Shaders/Private/LightMapDensityShader.usf" 2998
"../../../Engine/Shaders/Private/LightGridInjection.usf" 2999
"../../../Engine/Shaders/Shared/LightGridDefinitions.h" 3000
"../../../Engine/Shaders/Private/LightFunctionPixelShader.usf" 3001
"../../../Engine/Shaders/Private/LightFunctionVertexShader.usf" 3002
"../../../Engine/Shaders/Private/LightFunctionAtlas/LightFunctionAtlasRender.usf" 3003
"../../../Engine/Shaders/Private/InstanceCulling/InstanceCullingOcclusionQuery.usf" 3004
"../../../Engine/Shaders/Private/InstanceCulling/InstanceCullingSetup.ush" 3005
"../../../Engine/Shaders/Private/InstanceCulling/BuildInstanceDrawCommands.usf" 3006
"../../../Engine/Shaders/Private/InstanceCulling/InstanceCompactionCommon.ush" 3007
"../../../Engine/Shaders/Private/SceneDataMobileWriter.ush" 3008
"../../../Engine/Shaders/Private/InstanceCulling/CompactVisibleInstances.usf" 3009
"../../../Engine/Shaders/Private/ReflectionEnvironmentPixelShader.usf" 3010
"../../../Engine/Shaders/Private/AmbientCubemapComposite.usf" 3011
"../../../Engine/Shaders/Private/DiffuseIndirectComposite.usf" 3012
"../../../Engine/Shaders/Private/IESAtlas.usf" 3013
"../../../Engine/Shaders/Private/HeterogeneousVolumes/HeterogeneousVolumesVoxelGridShadows.usf" 3014
"../../../Engine/Shaders/Private/HeterogeneousVolumes/HeterogeneousVolumesStochasticFiltering.ush" 3015
"../../../Engine/Shaders/Private/HeterogeneousVolumes/HeterogeneousVolumesVoxelGridRenderingUtils.ush" 3016
"../../../Engine/Shaders/Private/HeterogeneousVolumes/HeterogeneousVolumesLightingUtils.ush" 3017
"../../../Engine/Shaders/Private/HeterogeneousVolumes/HeterogeneousVolumesVoxelGridRendering.usf" 3018
"../../../Engine/Shaders/Private/HeterogeneousVolumes/HeterogeneousVolumesVoxelGridPipeline.usf" 3019
"../../../Engine/Shaders/Private/HeterogeneousVolumes/HeterogeneousVolumesMaterialBakingPipeline.usf" 3020
"../../../Engine/Shaders/Private/HeterogeneousVolumes/HeterogeneousVolumesLiveShadingUtils.ush" 3021
"../../../Engine/Shaders/Private/HeterogeneousVolumes/HeterogeneousVolumesFrustumVoxelGrid.usf" 3022
"../../../Engine/Shaders/Private/HeterogeneousVolumes/HeterogeneousVolumesSparseVoxelPipeline.usf" 3023
"../../../Engine/Shaders/Private/HeterogeneousVolumes/HeterogeneousVolumesSparseVoxelUtils.ush" 3024
"../../../Engine/Shaders/Private/HeterogeneousVolumes/HeterogeneousVolumesSparseVoxelUniformBufferUtils.ush" 3025
"../../../Engine/Shaders/Private/HeterogeneousVolumes/HeterogeneousVolumesPreshadingPipeline.usf" 3026
"../../../Engine/Shaders/Private/HeterogeneousVolumes/HeterogeneousVolumesLiveShadingShadows.usf" 3027
"../../../Engine/Shaders/Private/HeterogeneousVolumes/HeterogeneousVolumesLiveShadingGlobalPipeline.usf" 3028
"../../../Engine/Shaders/Private/HeterogeneousVolumes/HeterogeneousVolumesLiveShadingPipeline.usf" 3029
"../../../Engine/Shaders/Private/HeterogeneousVolumes/HeterogeneousVolumesHardwareRayTracing.usf" 3030
"../../../Engine/Shaders/Private/HeterogeneousVolumes/HeterogeneousVolumesAmbientOcclusionPipeline.usf" 3031
"../../../Engine/Shaders/Private/HeterogeneousVolumes/HeterogeneousVolumesComposite.usf" 3032
"../../../Engine/Shaders/Private/HdrCustomResolveShaders.usf" 3033
"../../../Engine/Shaders/Private/HairStrands/RenderCurveRaster.usf" 3034
"../../../Engine/Shaders/Private/HairStrands/HairStrandsVoxelRasterCompute.usf" 3035
"../../../Engine/Shaders/Private/HairStrands/HairStrandsHitProxy.usf" 3036
"../../../Engine/Shaders/Private/HairStrands/HairStrandsVisibilityRasterComputeNaive.usf" 3037
"../../../Engine/Shaders/Private/HairStrands/HairStrandsVisibilityRasterHW.usf" 3038
"../../../Engine/Shaders/Private/HairStrands/HairStrandsVisibilityRasterCompute.usf" 3039
"../../../Engine/Shaders/Private/HairStrands/HairStrandsVisibilityRasterClassification.usf" 3040
"../../../Engine/Shaders/Private/HairStrands/HairStrandsCoverage.usf" 3041
"../../../Engine/Shaders/Private/HairStrands/HairStrandsVisibilityDepthPS.usf" 3042
"../../../Engine/Shaders/Private/HairStrands/HairStrandsVisibilityTransmittanceDepthPS.usf" 3043
"../../../Engine/Shaders/Private/HairStrands/HairStrandsVisibilityFillOpaqueDepthPS.usf" 3044
"../../../Engine/Shaders/Private/HairStrands/HairStrandsVisibilityCompactionComputeRaster.usf" 3045
"../../../Engine/Shaders/Private/HairStrands/HairStrandsVisibilityCompaction.usf" 3046
"../../../Engine/Shaders/Private/HairStrands/HairStrandsVisibilityCopyIndirectArg.usf" 3047
"../../../Engine/Shaders/Private/HairStrands/HairStrandsVisibilityClearPS.usf" 3048
"../../../Engine/Shaders/Private/HairStrands/HairStrandsVisibilityPS.usf" 3049
"../../../Engine/Shaders/Private/HairStrands/HairStrandsVisibilityVS.usf" 3050
"../../../Engine/Shaders/Private/HairStrands/HairStrandsVelocity.usf" 3051
"../../../Engine/Shaders/Private/HairStrands/HairStrandsVisibilityComputeSampleCoverage.usf" 3052
"../../../Engine/Shaders/Private/HairStrands/HairStrandsMaterialPS.usf" 3053
"../../../Engine/Shaders/Private/HairStrands/HairStrandsMaterialCommon.ush" 3054
"../../../Engine/Shaders/Private/HairStrands/HairStrandsMaterialVS.usf" 3055
"../../../Engine/Shaders/Private/HairStrands/HairStrandsLightSample.usf" 3056
"../../../Engine/Shaders/Private/HairStrands/HairStrandsDeepShadowMask.usf" 3057
"../../../Engine/Shaders/Private/HairStrands/HairStrandsDeepTransmittanceMask.usf" 3058
"../../../Engine/Shaders/Private/HairStrands/HairStrandsVisibilityTile.usf" 3059
"../../../Engine/Shaders/Private/HairStrands/HairStrandsDeepShadowPS.usf" 3060
"../../../Engine/Shaders/Private/HairStrands/HairStrandsDeepShadowVS.usf" 3061
"../../../Engine/Shaders/Private/HairStrands/HairStrandsAABB.usf" 3062
"../../../Engine/Shaders/Private/HairStrands/HairStrandsLUT.usf" 3063
"../../../Engine/Shaders/Private/HairStrands/HairStrandsForwardRaster.usf" 3064
"../../../Engine/Shaders/Private/HairStrands/HairStrandsForwardCulling.usf" 3065
"../../../Engine/Shaders/Private/HairStrands/HairStrandsEnvironmentLighting.usf" 3066
"../../../Engine/Shaders/Private/HairStrands/HairStrandsEnvironmentAO.usf" 3067
"../../../Engine/Shaders/Private/HairStrands/HairStrandsDeepShadowAllocation.usf" 3068
"../../../Engine/Shaders/Private/HairStrands/HairStrandsVoxelDebug.usf" 3069
"../../../Engine/Shaders/Private/HairStrands/HairStrandsComposition.usf" 3070
"../../../Engine/Shaders/Private/HairStrands/HairStrandsGBufferCommon.ush" 3071
"../../../Engine/Shaders/Private/GPUScene/GPUSceneDataManagement.usf" 3072
"../../../Engine/Shaders/Private/GPUSceneDebugRender.usf" 3073
"../../../Engine/Shaders/Private/GPUFeedbackCompaction.usf" 3074
"../../../Engine/Shaders/Private/GPUFastFourierTransform.usf" 3075
"../../../Engine/Shaders/Private/GPUFastFourierTransform2DCore.ush" 3076
"../../../Engine/Shaders/Private/GPUFastFourierTransformCore.ush" 3077
"../../../Engine/Shaders/Private/GPUBenchmark.usf" 3078
"../../../Engine/Shaders/Private/DistanceField/GlobalDistanceFieldDebug.usf" 3079
"../../../Engine/Shaders/Private/DistanceField/GlobalDistanceFieldUpdate.ush" 3080
"../../../Engine/Shaders/Private/DistanceField/GlobalDistanceFieldMip.usf" 3081
"../../../Engine/Shaders/Private/DistanceField/GlobalDistanceField.usf" 3082
"../../../Engine/Shaders/Private/DistanceField/GlobalDistanceFieldCompositeObjects.usf" 3083
"../../../Engine/Shaders/Private/DistanceField/GlobalDistanceFieldHeightfields.usf" 3084
"../../../Engine/Shaders/Private/HeightfieldLightingShared.ush" 3085
"../../../Engine/Shaders/Private/GenerateConservativeDepth.usf" 3086
"../../../Engine/Shaders/Private/HeightFogPixelShader.usf" 3087
"../../../Engine/Shaders/Private/HeightFogVertexShader.usf" 3088
"../../../Engine/Shaders/Private/DistortFiltering.usf" 3089
"../../../Engine/Shaders/Private/DistortAccumulatePS.usf" 3090
"../../../Engine/Shaders/Private/DistortAccumulateVS.usf" 3091
"../../../Engine/Shaders/Private/DistanceFieldVisualization.usf" 3092
"../../../Engine/Shaders/Private/DistanceFieldStreaming.usf" 3093
"../../../Engine/Shaders/Private/DistanceFieldShadowing.usf" 3094
"../../../Engine/Shaders/Private/DistanceFieldScreenGridLighting.usf" 3095
"../../../Engine/Shaders/Private/DistanceFieldObjectCulling.usf" 3096
"../../../Engine/Shaders/Private/DistanceFieldLightingPost.usf" 3097
"../../../Engine/Shaders/Private/DitheredTransitionStencil.usf" 3098
"../../../Engine/Shaders/Private/CopyDepthTexture.usf" 3099
"../../../Engine/Shaders/Private/CopyDepthTextureCS.usf" 3100
"../../../Engine/Shaders/Private/DeferredDecal.usf" 3101
"../../../Engine/Shaders/Private/DecalCommon.ush" 3102
"../../../Engine/Shaders/Private/DebugViewModeVertexShader.usf" 3103
"../../../Engine/Shaders/Private/DebugViewModeCommon.ush" 3104
"../../../Engine/Shaders/Private/DebugViewModePixelShader.usf" 3105
"../../../Engine/Shaders/Private/DebugProbes.usf" 3106
"../../../Engine/Shaders/Private/MeshDecals.usf" 3107
"../../../Engine/Shaders/Private/PostProcessAmbientOcclusion.usf" 3108
"../../../Engine/Shaders/Private/ClusteredDeferredShadingPixelShader.usf" 3109
"../../../Engine/Shaders/Private/ClusteredDeferredShadingVertexShader.usf" 3110
"../../../Engine/Shaders/Private/CapsuleShadowShaders.usf" 3111
"../../../Engine/Shaders/Private/BasePassPixelShader.usf" 3112
"../../../Engine/Shaders/Private/ForwardLightingCommon.ush" 3113
"../../../Engine/Shaders/Private/Substrate/SubstrateForwardLighting.ush" 3114
"../../../Engine/Shaders/Private/ComputeShaderOutputCommon.ush" 3115
"../../../Engine/Shaders/Private/BasePassVertexShader.usf" 3116
"../../../Engine/Shaders/Private/BasePassVertexCommon.ush" 3117
"../../../Engine/Shaders/Private/SimpleElementVolumeTexturePreviewPixelShader.usf" 3118
"../../../Engine/Shaders/Private/SimpleElementTexture2DPreviewPixelShader.usf" 3119
"../../../Engine/Shaders/Private/meshpaintdilatepixelshader.usf" 3120
"../../../Engine/Shaders/Private/meshpaintdilatevertexshader.usf" 3121
"../../../Engine/Shaders/Private/MeshPaintPixelShader.usf" 3122
"../../../Engine/Shaders/Private/MeshPaintVertexShader.usf" 3123
"../../../Engine/Shaders/Private/SlateElementPixelShader.usf" 3124
"../../../Engine/Shaders/Private/SlateShaderCommon.ush" 3125
"../../../Engine/Shaders/Private/SlateMaskingShader.usf" 3126
"../../../Engine/Shaders/Private/SlateVertexShader.usf" 3127
"../../../Engine/Shaders/Private/CompositeUIPixelShader.usf" 3128
"../../../Engine/Shaders/Private/ColorDeficiency.ush" 3129
"../../../Engine/Shaders/Private/SlatePostProcessColorDeficiencyPixelShader.usf" 3130
"../../../Engine/Shaders/Private/SlatePostProcessPixelShader.usf" 3131
"../../../Engine/Shaders/Private/Tools/VisualizeTexture.usf" 3132
"../../../Engine/Shaders/Private/UpdateDescriptorHandle.usf" 3133
"../../../Engine/Shaders/Private/ByteBuffer.usf" 3134
"../../../Engine/Shaders/Private/ShaderBundleWorkGraphDispatch.usf" 3135
"../../../Engine/Shaders/Private/ShaderBundleDispatch.usf" 3136
"../../../Engine/Shaders/Private/ResolveVertexShader.usf" 3137
"../../../Engine/Shaders/Private/ResolvePixelShader.usf" 3138
"../../../Engine/Shaders/Private/Tools/SetupIndirectArgs.usf" 3139
"../../../Engine/Shaders/Private/ClearReplacementShaders.usf" 3140
"../../../Engine/Shaders/Private/Tools/DrawTexture.usf" 3141
"../../../Engine/Shaders/Private/RayTracing/RayTracingValidation.usf" 3142
"../../../Engine/Shaders/Private/RenderGraphUtilities.usf" 3143
"../../../Engine/Shaders/Private/OneColorShader.usf" 3144
"../../../Engine/Shaders/Private/OculusShaders.usf" 3145
"../../../Engine/Shaders/Private/MediaShaders.usf" 3146
"../../../Engine/Shaders/Private/GPUMessaging.usf" 3147
"../../../Engine/Shaders/Private/Tools/GPUDebugCrashUtils.usf" 3148
"../../../Engine/Shaders/Private/NullPixelShader.usf" 3149
"../../../Engine/Shaders/Private/ComputeGenerateMips.usf" 3150
"../../../Engine/Shaders/Private/Tools/DumpTexture.usf" 3151
"../../../Engine/Shaders/Private/CopyTextureShaders.usf" 3152
"../../../Engine/Shaders/Private/Tools/FullscreenVertexShader.usf" 3153
"../../../Engine/Shaders/Private/RayTracing/RayTracingDispatchDesc.usf" 3154
"../../../Engine/Shaders/Private/Bink.usf" 3155
"../../../Engine/Shaders/Private/VelocityShader.usf" 3156
"../../../Engine/Shaders/Private/DepthOnlyPixelShader.usf" 3157
"../../../Engine/Shaders/Private/PositionOnlyDepthVertexShader.usf" 3158
"../../../Engine/Shaders/Private/DepthOnlyVertexShader.usf" 3159
"../../../Engine/Shaders/Private/AnisotropyPassShader.usf" 3160
"C:/Users/kacpe/Desktop/GitHub/Game/Content/StarterContent/Textures/T_Wood_Walnut_D.uasset" 3161
"C:/Users/kacpe/Desktop/GitHub/Game/Content/StarterContent/Textures/T_Wood_Walnut_N.uasset" 3162
"C:/Users/kacpe/Desktop/GitHub/Game/Content/StarterContent/Textures/T_Wood_Pine_N.uasset" 3163
"C:/Users/kacpe/Desktop/GitHub/Game/Content/StarterContent/Textures/T_Wood_Pine_D.uasset" 3164
"C:/Users/kacpe/Desktop/GitHub/Game/Content/StarterContent/Textures/T_Wood_Oak_N.uasset" 3165
"C:/Users/kacpe/Desktop/GitHub/Game/Content/StarterContent/Textures/T_Wood_Oak_D.uasset" 3166
"C:/Users/kacpe/Desktop/GitHub/Game/Content/StarterContent/Textures/T_Wood_Floor_Walnut_N.uasset" 3167
"C:/Users/kacpe/Desktop/GitHub/Game/Content/StarterContent/Textures/T_Wood_Floor_Walnut_M.uasset" 3168
"C:/Users/kacpe/Desktop/GitHub/Game/Content/StarterContent/Textures/T_Wood_Floor_Walnut_D.uasset" 3169
"C:/Users/kacpe/Desktop/GitHub/Game/Content/StarterContent/Textures/T_Water_M.uasset" 3170
"C:/Users/kacpe/Desktop/GitHub/Game/Content/StarterContent/Textures/T_Tech_Panel_N.uasset" 3171
"C:/Users/kacpe/Desktop/GitHub/Game/Content/StarterContent/Textures/T_Tech_Panel_M.uasset" 3172
"C:/Users/kacpe/Desktop/GitHub/Game/Content/StarterContent/Textures/T_Tech_Hex_Tile_N.uasset" 3173
"C:/Users/kacpe/Desktop/GitHub/Game/Content/StarterContent/Textures/T_Tech_Dot_N.uasset" 3174
"C:/Users/kacpe/Desktop/GitHub/Game/Content/StarterContent/Textures/T_Tech_Hex_Tile_M.uasset" 3175
"C:/Users/kacpe/Desktop/GitHub/Game/Content/StarterContent/Textures/T_Tech_Dot_M.uasset" 3176
"C:/Users/kacpe/Desktop/GitHub/Game/Content/StarterContent/Textures/T_TableRound_N.uasset" 3177
"C:/Users/kacpe/Desktop/GitHub/Game/Content/StarterContent/Textures/T_TableRound_M.uasset" 3178
"C:/Users/kacpe/Desktop/GitHub/Game/Content/StarterContent/Textures/T_Statue_N.uasset" 3179
"C:/Users/kacpe/Desktop/GitHub/Game/Content/StarterContent/Textures/T_Statue_M.uasset" 3180
"C:/Users/kacpe/Desktop/GitHub/Game/Content/StarterContent/Textures/T_Spark_Core.uasset" 3181
"C:/Users/kacpe/Desktop/GitHub/Game/Content/StarterContent/Textures/T_Smoke_Tiled_D.uasset" 3182
"C:/Users/kacpe/Desktop/GitHub/Game/Content/StarterContent/Textures/T_Smoke_SubUV.uasset" 3183
"C:/Users/kacpe/Desktop/GitHub/Game/Content/StarterContent/Textures/T_Water_N.uasset" 3184
"C:/Users/kacpe/Desktop/GitHub/Game/Content/StarterContent/Textures/T_Single_Tile_N.uasset" 3185
"C:/Users/kacpe/Desktop/GitHub/Game/Content/StarterContent/Textures/T_Shelf_N.uasset" 3186
"C:/Users/kacpe/Desktop/GitHub/Game/Content/StarterContent/Textures/T_Shelf_M.uasset" 3187
"C:/Users/kacpe/Desktop/GitHub/Game/Content/StarterContent/Textures/T_Rock_Smooth_Granite_D.uasset" 3188
"C:/Users/kacpe/Desktop/GitHub/Game/Content/StarterContent/Textures/T_Rock_Slate_N.uasset" 3189
"C:/Users/kacpe/Desktop/GitHub/Game/Content/StarterContent/Textures/T_Rock_Slate_D.uasset" 3190
"C:/Users/kacpe/Desktop/GitHub/Game/Content/StarterContent/Textures/T_Rock_Sandstone_N.uasset" 3191
"C:/Users/kacpe/Desktop/GitHub/Game/Content/StarterContent/Textures/T_Rock_Sandstone_D.uasset" 3192
"C:/Users/kacpe/Desktop/GitHub/Game/Content/StarterContent/Textures/T_Rock_Marble_Polished_D.uasset" 3193
"C:/Users/kacpe/Desktop/GitHub/Game/Content/StarterContent/Textures/T_Rock_Basalt_N.uasset" 3194
"C:/Users/kacpe/Desktop/GitHub/Game/Content/StarterContent/Textures/T_Rock_Basalt_D.uasset" 3195
"C:/Users/kacpe/Desktop/GitHub/Game/Content/StarterContent/Textures/T_RockMesh_N.uasset" 3196
"C:/Users/kacpe/Desktop/GitHub/Game/Content/StarterContent/Textures/T_RockMesh_M.uasset" 3197
"C:/Users/kacpe/Desktop/GitHub/Game/Content/StarterContent/Textures/T_Perlin_Noise_M.uasset" 3198
"C:/Users/kacpe/Desktop/GitHub/Game/Content/StarterContent/Textures/T_Metal_Steel_N.uasset" 3199
"C:/Users/kacpe/Desktop/GitHub/Game/Content/StarterContent/Textures/T_Metal_Rust_N.uasset" 3200
"C:/Users/kacpe/Desktop/GitHub/Game/Content/StarterContent/Textures/T_Metal_Rust_D.uasset" 3201
"C:/Users/kacpe/Desktop/GitHub/Game/Content/StarterContent/Textures/T_Metal_Gold_D.uasset" 3202
"C:/Users/kacpe/Desktop/GitHub/Game/Content/StarterContent/Textures/T_Metal_Copper_D.uasset" 3203
"C:/Users/kacpe/Desktop/GitHub/Game/Content/StarterContent/Textures/T_Metal_Aluminum_D.uasset" 3204
"C:/Users/kacpe/Desktop/GitHub/Game/Content/StarterContent/Textures/T_MacroVariation.uasset" 3205
"C:/Users/kacpe/Desktop/GitHub/Game/Content/StarterContent/Textures/T_Lamp_N.uasset" 3206
"C:/Users/kacpe/Desktop/GitHub/Game/Content/StarterContent/Textures/T_Metal_Gold_N.uasset" 3207
"C:/Users/kacpe/Desktop/GitHub/Game/Content/StarterContent/Textures/T_Lamp_M.uasset" 3208
"C:/Users/kacpe/Desktop/GitHub/Game/Content/StarterContent/Textures/T_Ground_Moss_N.uasset" 3209
"C:/Users/kacpe/Desktop/GitHub/Game/Content/StarterContent/Textures/T_ground_Moss_D.uasset" 3210
"C:/Users/kacpe/Desktop/GitHub/Game/Content/StarterContent/Textures/T_Ground_Gravel_D.uasset" 3211
"C:/Users/kacpe/Desktop/GitHub/Game/Content/StarterContent/Textures/T_Ground_Gravel_N.uasset" 3212
"C:/Users/kacpe/Desktop/GitHub/Game/Content/StarterContent/Textures/T_Ground_Grass_N.uasset" 3213
"C:/Users/kacpe/Desktop/GitHub/Game/Content/StarterContent/Textures/T_Metal_Steel_D.uasset" 3214
"C:/Users/kacpe/Desktop/GitHub/Game/Content/StarterContent/Textures/T_Ground_Grass_D.uasset" 3215
"C:/Users/kacpe/Desktop/GitHub/Game/Content/StarterContent/Textures/T_Gradinet_01.uasset" 3216
"C:/Users/kacpe/Desktop/GitHub/Game/Content/StarterContent/Textures/T_Frame_N.uasset" 3217
"C:/Users/kacpe/Desktop/GitHub/Game/Content/StarterContent/Textures/T_Frame_M.uasset" 3218
"C:/Users/kacpe/Desktop/GitHub/Game/Content/StarterContent/Textures/T_Fire_Tiled_D.uasset" 3219
"C:/Users/kacpe/Desktop/GitHub/Game/Content/StarterContent/Textures/T_Fire_SubUV.uasset" 3220
"C:/Users/kacpe/Desktop/GitHub/Game/Content/StarterContent/Textures/T_Explosion_SubUV.uasset" 3221
"C:/Users/kacpe/Desktop/GitHub/Game/Content/StarterContent/Textures/T_Dust_Particle_D.uasset" 3222
"C:/Users/kacpe/Desktop/GitHub/Game/Content/StarterContent/Textures/T_Door_N.uasset" 3223
"C:/Users/kacpe/Desktop/GitHub/Game/Content/StarterContent/Textures/T_Door_M.uasset" 3224
"C:/Users/kacpe/Desktop/GitHub/Game/Content/StarterContent/Textures/T_Detail_Rocky_N.uasset" 3225
"C:/Users/kacpe/Desktop/GitHub/Game/Content/StarterContent/Textures/T_Concrete_Tiles_Variation_M.uasset" 3226
"C:/Users/kacpe/Desktop/GitHub/Game/Content/StarterContent/Textures/T_Concrete_Tiles_N.uasset" 3227
"C:/Users/kacpe/Desktop/GitHub/Game/Content/StarterContent/Textures/T_Concrete_Tiles_M.uasset" 3228
"C:/Users/kacpe/Desktop/GitHub/Game/Content/StarterContent/Textures/T_Concrete_Tiles_D.uasset" 3229
"C:/Users/kacpe/Desktop/GitHub/Game/Content/StarterContent/Textures/T_Concrete_Poured_N.uasset" 3230
"C:/Users/kacpe/Desktop/GitHub/Game/Content/StarterContent/Textures/T_Concrete_Poured_D.uasset" 3231
"C:/Users/kacpe/Desktop/GitHub/Game/Content/StarterContent/Textures/T_Concrete_Panels_N.uasset" 3232
"C:/Users/kacpe/Desktop/GitHub/Game/Content/StarterContent/Textures/T_Concrete_Panels_D.uasset" 3233
"C:/Users/kacpe/Desktop/GitHub/Game/Content/StarterContent/Textures/T_Concrete_Grime_D.uasset" 3234
"C:/Users/kacpe/Desktop/GitHub/Game/Content/StarterContent/Textures/T_CobbleStone_Smooth_N.uasset" 3235
"C:/Users/kacpe/Desktop/GitHub/Game/Content/StarterContent/Textures/T_CobbleStone_Smooth_M.uasset" 3236
"C:/Users/kacpe/Desktop/GitHub/Game/Content/StarterContent/Textures/T_CobbleStone_Smooth_D.uasset" 3237
"C:/Users/kacpe/Desktop/GitHub/Game/Content/StarterContent/Textures/T_CobbleStone_Rough_N.uasset" 3238
"C:/Users/kacpe/Desktop/GitHub/Game/Content/StarterContent/Textures/T_CobbleStone_Rough_D.uasset" 3239
"C:/Users/kacpe/Desktop/GitHub/Game/Content/StarterContent/Textures/T_CobbleStone_Pebble_N.uasset" 3240
"C:/Users/kacpe/Desktop/GitHub/Game/Content/StarterContent/Textures/T_CobbleStone_Pebble_M.uasset" 3241
"C:/Users/kacpe/Desktop/GitHub/Game/Content/StarterContent/Textures/T_CobbleStone_Pebble_D.uasset" 3242
"C:/Users/kacpe/Desktop/GitHub/Game/Content/StarterContent/Textures/T_Checker_Noise_M.uasset" 3243
"C:/Users/kacpe/Desktop/GitHub/Game/Content/StarterContent/Textures/T_Chair_N.uasset" 3244
"C:/Users/kacpe/Desktop/GitHub/Game/Content/StarterContent/Textures/T_Ceramic_Tile_N.uasset" 3245
"C:/Users/kacpe/Desktop/GitHub/Game/Content/StarterContent/Textures/T_Ceramic_Tile_M.uasset" 3246
"C:/Users/kacpe/Desktop/GitHub/Game/Content/StarterContent/Textures/T_Bush_N.uasset" 3247
"C:/Users/kacpe/Desktop/GitHub/Game/Content/StarterContent/Textures/T_Bush_D.uasset" 3248
"C:/Users/kacpe/Desktop/GitHub/Game/Content/StarterContent/Textures/T_Burst_M.uasset" 3249
"C:/Users/kacpe/Desktop/GitHub/Game/Content/StarterContent/Textures/T_Brick_Hewn_Stone_N.uasset" 3250
"C:/Users/kacpe/Desktop/GitHub/Game/Content/StarterContent/Textures/T_Brick_Hewn_Stone_M.uasset" 3251
"C:/Users/kacpe/Desktop/GitHub/Game/Content/StarterContent/Textures/T_Brick_Hewn_Stone_D.uasset" 3252
"C:/Users/kacpe/Desktop/GitHub/Game/Content/StarterContent/Textures/T_Brick_Cut_Stone_N.uasset" 3253
"C:/Users/kacpe/Desktop/GitHub/Game/Content/StarterContent/Textures/T_Brick_Cut_Stone_D.uasset" 3254
"C:/Users/kacpe/Desktop/GitHub/Game/Content/StarterContent/Textures/T_Brick_Clay_Old_N.uasset" 3255
"C:/Users/kacpe/Desktop/GitHub/Game/Content/StarterContent/Textures/T_Brick_Clay_Old_D.uasset" 3256
"C:/Users/kacpe/Desktop/GitHub/Game/Content/StarterContent/Textures/T_Brick_Clay_New_N.uasset" 3257
"C:/Users/kacpe/Desktop/GitHub/Game/Content/StarterContent/Textures/T_Brick_Clay_New_M.uasset" 3258
"C:/Users/kacpe/Desktop/GitHub/Game/Content/StarterContent/Textures/T_Chair_M.uasset" 3259
"C:/Users/kacpe/Desktop/GitHub/Game/Content/StarterContent/Textures/T_Brick_Clay_New_D.uasset" 3260
"C:/Users/kacpe/Desktop/GitHub/Game/Content/StarterContent/Textures/T_Brick_Clay_Beveled_N.uasset" 3261
"C:/Users/kacpe/Desktop/GitHub/Game/Content/StarterContent/Textures/T_Brick_Clay_Beveled_M.uasset" 3262
"C:/Users/kacpe/Desktop/GitHub/Game/Content/StarterContent/Textures/T_Brick_Clay_Beveled_D.uasset" 3263
"C:/Users/kacpe/Desktop/GitHub/Game/Content/StarterContent/Shapes/Shape_WideCapsule.uasset" 3264
"C:/Users/kacpe/Desktop/GitHub/Game/Content/StarterContent/Shapes/Shape_Wedge_B.uasset" 3265
"C:/Users/kacpe/Desktop/GitHub/Game/Content/StarterContent/Shapes/Shape_Wedge_A.uasset" 3266
"C:/Users/kacpe/Desktop/GitHub/Game/Content/StarterContent/Shapes/Shape_Tube.uasset" 3267
"C:/Users/kacpe/Desktop/GitHub/Game/Content/StarterContent/Shapes/Shape_TriPyramid.uasset" 3268
"C:/Users/kacpe/Desktop/GitHub/Game/Content/StarterContent/Shapes/Shape_Trim_90_Out.uasset" 3269
"C:/Users/kacpe/Desktop/GitHub/Game/Content/StarterContent/Shapes/Shape_Trim_90_In.uasset" 3270
"C:/Users/kacpe/Desktop/GitHub/Game/Content/StarterContent/Shapes/Shape_Trim.uasset" 3271
"C:/Users/kacpe/Desktop/GitHub/Game/Content/StarterContent/Shapes/Shape_Torus.uasset" 3272
"C:/Users/kacpe/Desktop/GitHub/Game/Content/StarterContent/Shapes/Shape_Sphere.uasset" 3273
"C:/Users/kacpe/Desktop/GitHub/Game/Content/StarterContent/Shapes/Shape_QuadPyramid.uasset" 3274
"C:/Users/kacpe/Desktop/GitHub/Game/Content/StarterContent/Shapes/Shape_Pipe_90.uasset" 3275
"C:/Users/kacpe/Desktop/GitHub/Game/Content/StarterContent/Shapes/Shape_Pipe_180.uasset" 3276
"C:/Users/kacpe/Desktop/GitHub/Game/Content/StarterContent/Shapes/Shape_NarrowCapsule.uasset" 3277
"C:/Users/kacpe/Desktop/GitHub/Game/Content/StarterContent/Shapes/Shape_Pipe.uasset" 3278
"C:/Users/kacpe/Desktop/GitHub/Game/Content/StarterContent/Shapes/Shape_Cylinder.uasset" 3279
"C:/Users/kacpe/Desktop/GitHub/Game/Content/StarterContent/Shapes/Shape_Cube.uasset" 3280
"C:/Users/kacpe/Desktop/GitHub/Game/Content/StarterContent/Shapes/Shape_Cone.uasset" 3281
"C:/Users/kacpe/Desktop/GitHub/Game/Content/StarterContent/Props/SM_WindowFrame.uasset" 3282
"C:/Users/kacpe/Desktop/GitHub/Game/Content/StarterContent/Props/SM_TableRound.uasset" 3283
"C:/Users/kacpe/Desktop/GitHub/Game/Content/StarterContent/Props/SM_Statue.uasset" 3284
"C:/Users/kacpe/Desktop/GitHub/Game/Content/StarterContent/Props/SM_Stairs.uasset" 3285
"C:/Users/kacpe/Desktop/GitHub/Game/Content/StarterContent/Props/SM_Shelf.uasset" 3286
"C:/Users/kacpe/Desktop/GitHub/Game/Content/StarterContent/Props/SM_Rock.uasset" 3287
"C:/Users/kacpe/Desktop/GitHub/Game/Content/StarterContent/Props/SM_PillarFrame300.uasset" 3288
"C:/Users/kacpe/Desktop/GitHub/Game/Content/StarterContent/Shapes/Shape_Plane.uasset" 3289
"C:/Users/kacpe/Desktop/GitHub/Game/Content/StarterContent/Props/SM_PillarFrame.uasset" 3290
"C:/Users/kacpe/Desktop/GitHub/Game/Content/StarterContent/Props/SM_Lamp_Wall.uasset" 3291
"C:/Users/kacpe/Desktop/GitHub/Game/Content/StarterContent/Props/SM_Lamp_Ceiling.uasset" 3292
"C:/Users/kacpe/Desktop/GitHub/Game/Content/StarterContent/Props/SM_GlassWindow.uasset" 3293
"C:/Users/kacpe/Desktop/GitHub/Game/Content/StarterContent/Props/SM_DoorFrame.uasset" 3294
"C:/Users/kacpe/Desktop/GitHub/Game/Content/StarterContent/Props/SM_Door.uasset" 3295
"C:/Users/kacpe/Desktop/GitHub/Game/Content/StarterContent/Props/SM_Couch.uasset" 3296
"C:/Users/kacpe/Desktop/GitHub/Game/Content/StarterContent/Props/SM_CornerFrame.uasset" 3297
"C:/Users/kacpe/Desktop/GitHub/Game/Content/StarterContent/Props/SM_Chair.uasset" 3298
"C:/Users/kacpe/Desktop/GitHub/Game/Content/StarterContent/Props/SM_Bush.uasset" 3299
"C:/Users/kacpe/Desktop/GitHub/Game/Content/StarterContent/Props/MaterialSphere.uasset" 3300
"C:/Users/kacpe/Desktop/GitHub/Game/Content/StarterContent/Particles/P_Steam_Lit.uasset" 3301
"C:/Users/kacpe/Desktop/GitHub/Game/Content/StarterContent/Particles/P_Sparks.uasset" 3302
"C:/Users/kacpe/Desktop/GitHub/Game/Content/StarterContent/Particles/P_Smoke.uasset" 3303
"C:/Users/kacpe/Desktop/GitHub/Game/Content/StarterContent/Particles/P_Fire.uasset" 3304
"C:/Users/kacpe/Desktop/GitHub/Game/Content/StarterContent/Particles/P_Explosion.uasset" 3305
"C:/Users/kacpe/Desktop/GitHub/Game/Content/StarterContent/Particles/P_Ambient_Dust.uasset" 3306
"C:/Users/kacpe/Desktop/GitHub/Game/Content/StarterContent/Materials/M_Wood_Walnut.uasset" 3307
"C:/Users/kacpe/Desktop/GitHub/Game/Content/StarterContent/Materials/M_Wood_Pine.uasset" 3308
"C:/Users/kacpe/Desktop/GitHub/Game/Content/StarterContent/Materials/M_Wood_Oak.uasset" 3309
"C:/Users/kacpe/Desktop/GitHub/Game/Content/StarterContent/Materials/M_Wood_Floor_Walnut_Worn.uasset" 3310
"C:/Users/kacpe/Desktop/GitHub/Game/Content/StarterContent/Materials/M_Wood_Floor_Walnut_Polished.uasset" 3311
"C:/Users/kacpe/Desktop/GitHub/Game/Content/StarterContent/Materials/M_Water_Ocean.uasset" 3312
"C:/Users/kacpe/Desktop/GitHub/Game/Content/StarterContent/Materials/M_Water_Lake.uasset" 3313
"C:/Users/kacpe/Desktop/GitHub/Game/Content/StarterContent/Materials/M_Tech_Panel.uasset" 3314
"C:/Users/kacpe/Desktop/GitHub/Game/Content/StarterContent/Materials/M_Tech_Hex_Tile_Pulse.uasset" 3315
"C:/Users/kacpe/Desktop/GitHub/Game/Content/StarterContent/Materials/M_Tech_Hex_Tile.uasset" 3316
"C:/Users/kacpe/Desktop/GitHub/Game/Content/StarterContent/Materials/M_Tech_Checker_Dot.uasset" 3317
"C:/Users/kacpe/Desktop/GitHub/Game/Content/StarterContent/Materials/M_Rock_Slate.uasset" 3318
"C:/Users/kacpe/Desktop/GitHub/Game/Content/StarterContent/Materials/M_Rock_Sandstone.uasset" 3319
"C:/Users/kacpe/Desktop/GitHub/Game/Content/StarterContent/Materials/M_Rock_Marble_Polished.uasset" 3320
"C:/Users/kacpe/Desktop/GitHub/Game/Content/StarterContent/Materials/M_Rock_Basalt.uasset" 3321
"C:/Users/kacpe/Desktop/GitHub/Game/Content/StarterContent/Materials/M_Metal_Steel.uasset" 3322
"C:/Users/kacpe/Desktop/GitHub/Game/Content/StarterContent/Materials/M_Metal_Rust.uasset" 3323
"C:/Users/kacpe/Desktop/GitHub/Game/Content/StarterContent/Materials/M_Metal_Gold.uasset" 3324
"C:/Users/kacpe/Desktop/GitHub/Game/Content/StarterContent/Materials/M_Metal_Copper.uasset" 3325
"C:/Users/kacpe/Desktop/GitHub/Game/Content/StarterContent/Materials/M_Metal_Chrome.uasset" 3326
"C:/Users/kacpe/Desktop/GitHub/Game/Content/StarterContent/Materials/M_Metal_Burnished_Steel.uasset" 3327
"C:/Users/kacpe/Desktop/GitHub/Game/Content/StarterContent/Materials/M_Metal_Brushed_Nickel.uasset" 3328
"C:/Users/kacpe/Desktop/GitHub/Game/Content/StarterContent/Materials/M_Ground_Moss.uasset" 3329
"C:/Users/kacpe/Desktop/GitHub/Game/Content/StarterContent/Materials/M_Ground_Gravel.uasset" 3330
"C:/Users/kacpe/Desktop/GitHub/Game/Content/StarterContent/Materials/M_Ground_Grass.uasset" 3331
"C:/Users/kacpe/Desktop/GitHub/Game/Content/StarterContent/Materials/M_Glass.uasset" 3332
"C:/Users/kacpe/Desktop/GitHub/Game/Content/StarterContent/Materials/M_Concrete_Tiles.uasset" 3333
"C:/Users/kacpe/Desktop/GitHub/Game/Content/StarterContent/Materials/M_Concrete_Poured.uasset" 3334
"C:/Users/kacpe/Desktop/GitHub/Game/Content/StarterContent/Materials/M_ColorGrid_LowSpec.uasset" 3335
"C:/Users/kacpe/Desktop/GitHub/Game/Content/StarterContent/Materials/M_Concrete_Grime.uasset" 3336
"C:/Users/kacpe/Desktop/GitHub/Game/Content/StarterContent/Materials/M_CobbleStone_Smooth.uasset" 3337
"C:/Users/kacpe/Desktop/GitHub/Game/Content/StarterContent/Materials/M_CobbleStone_Rough.uasset" 3338
"C:/Users/kacpe/Desktop/GitHub/Game/Content/StarterContent/Materials/M_CobbleStone_Pebble.uasset" 3339
"C:/Users/kacpe/Desktop/GitHub/Game/Content/StarterContent/Materials/M_Ceramic_Tile_Checker.uasset" 3340
"C:/Users/kacpe/Desktop/GitHub/Game/Content/StarterContent/Materials/M_Brick_Hewn_Stone.uasset" 3341
"C:/Users/kacpe/Desktop/GitHub/Game/Content/StarterContent/Materials/M_Brick_Cut_Stone.uasset" 3342
"C:/Users/kacpe/Desktop/GitHub/Game/Content/StarterContent/Materials/M_Brick_Clay_Old.uasset" 3343
"C:/Users/kacpe/Desktop/GitHub/Game/Content/StarterContent/Materials/M_Brick_Clay_New.uasset" 3344
"C:/Users/kacpe/Desktop/GitHub/Game/Content/StarterContent/Materials/M_Brick_Clay_Beveled.uasset" 3345
"C:/Users/kacpe/Desktop/GitHub/Game/Content/StarterContent/Materials/M_Basic_Wall.uasset" 3346
"C:/Users/kacpe/Desktop/GitHub/Game/Content/StarterContent/Materials/M_Basic_Floor.uasset" 3347
"C:/Users/kacpe/Desktop/GitHub/Game/Content/StarterContent/Materials/M_AssetPlatform.uasset" 3348
"C:/Users/kacpe/Desktop/GitHub/Game/Content/StarterContent/Materials/M_Concrete_Panels.uasset" 3349
"C:/Users/kacpe/Desktop/GitHub/Game/Content/StarterContent/Maps/StarterMap_BuiltData.uasset" 3350
"C:/Users/kacpe/Desktop/GitHub/Game/Content/StarterContent/Maps/StarterMap.umap" 3351
"C:/Users/kacpe/Desktop/GitHub/Game/Content/StarterContent/Maps/Minimal_Default_BuiltData.uasset" 3352
"C:/Users/kacpe/Desktop/GitHub/Game/Content/StarterContent/Maps/Minimal_Default.umap" 3353
"C:/Users/kacpe/Desktop/GitHub/Game/Content/StarterContent/Maps/Advanced_Lighting_BuiltData.uasset" 3354
"C:/Users/kacpe/Desktop/GitHub/Game/Content/StarterContent/Maps/Advanced_Lighting.umap" 3355
"C:/Users/kacpe/Desktop/GitHub/Game/Content/StarterContent/HDRI/HDRI_Epic_Courtyard_Daylight.uasset" 3356
"C:/Users/kacpe/Desktop/GitHub/Game/Content/StarterContent/Blueprints/BP_LightStudio.uasset" 3357
"C:/Users/kacpe/Desktop/GitHub/Game/Content/StarterContent/Blueprints/Blueprint_WallSconce.uasset" 3358
"C:/Users/kacpe/Desktop/GitHub/Game/Content/StarterContent/Blueprints/Blueprint_Effect_Steam.uasset" 3359
"C:/Users/kacpe/Desktop/GitHub/Game/Content/StarterContent/Blueprints/Blueprint_Effect_Sparks.uasset" 3360
"C:/Users/kacpe/Desktop/GitHub/Game/Content/StarterContent/Blueprints/Blueprint_Effect_Smoke.uasset" 3361
"C:/Users/kacpe/Desktop/GitHub/Game/Content/StarterContent/Blueprints/Blueprint_Effect_Fire.uasset" 3362
"C:/Users/kacpe/Desktop/GitHub/Game/Content/StarterContent/Blueprints/Blueprint_Effect_Explosion.uasset" 3363
"C:/Users/kacpe/Desktop/GitHub/Game/Content/StarterContent/Blueprints/Blueprint_CeilingLight.uasset" 3364
"C:/Users/kacpe/Desktop/GitHub/Game/Content/StarterContent/Audio/Steam01_Cue.uasset" 3365
"C:/Users/kacpe/Desktop/GitHub/Game/Content/StarterContent/Audio/Steam01.uasset" 3366
"C:/Users/kacpe/Desktop/GitHub/Game/Content/StarterContent/Audio/Starter_Wind06.uasset" 3367
"C:/Users/kacpe/Desktop/GitHub/Game/Content/StarterContent/Audio/Starter_Wind05.uasset" 3368
"C:/Users/kacpe/Desktop/GitHub/Game/Content/StarterContent/Audio/Starter_Music_Cue.uasset" 3369
"C:/Users/kacpe/Desktop/GitHub/Game/Content/StarterContent/Audio/Starter_Music01.uasset" 3370
"C:/Users/kacpe/Desktop/GitHub/Game/Content/StarterContent/Audio/Starter_Birds01.uasset" 3371
"C:/Users/kacpe/Desktop/GitHub/Game/Content/StarterContent/Audio/Starter_Background_Cue.uasset" 3372
"C:/Users/kacpe/Desktop/GitHub/Game/Content/StarterContent/Audio/Smoke01_Cue.uasset" 3373
"C:/Users/kacpe/Desktop/GitHub/Game/Content/StarterContent/Audio/Smoke01.uasset" 3374
"C:/Users/kacpe/Desktop/GitHub/Game/Content/StarterContent/Audio/Light02_Cue.uasset" 3375
"C:/Users/kacpe/Desktop/GitHub/Game/Content/StarterContent/Audio/Light02.uasset" 3376
"C:/Users/kacpe/Desktop/GitHub/Game/Content/StarterContent/Audio/Light01_Cue.uasset" 3377
"C:/Users/kacpe/Desktop/GitHub/Game/Content/StarterContent/Audio/Light01.uasset" 3378
"C:/Users/kacpe/Desktop/GitHub/Game/Content/StarterContent/Audio/Fire_Sparks01_Cue.uasset" 3379
"C:/Users/kacpe/Desktop/GitHub/Game/Content/StarterContent/Audio/Fire01_Cue.uasset" 3380
"C:/Users/kacpe/Desktop/GitHub/Game/Content/StarterContent/Audio/Fire_Sparks01.uasset" 3381
"C:/Users/kacpe/Desktop/GitHub/Game/Content/StarterContent/Audio/Fire01.uasset" 3382
"C:/Users/kacpe/Desktop/GitHub/Game/Content/StarterContent/Audio/Explosion_Cue.uasset" 3383
"C:/Users/kacpe/Desktop/GitHub/Game/Content/StarterContent/Audio/Explosion02.uasset" 3384
"C:/Users/kacpe/Desktop/GitHub/Game/Content/StarterContent/Audio/Explosion01.uasset" 3385
"C:/Users/kacpe/Desktop/GitHub/Game/Content/StarterContent/Audio/Collapse_Cue.uasset" 3386
"C:/Users/kacpe/Desktop/GitHub/Game/Content/StarterContent/Audio/Collapse02.uasset" 3387
"C:/Users/kacpe/Desktop/GitHub/Game/Content/StarterContent/Audio/Collapse01.uasset" 3388
"C:/Users/kacpe/Desktop/GitHub/Game/Content/StarterContent/Architecture/Wall_Window_400x400.uasset" 3389
"C:/Users/kacpe/Desktop/GitHub/Game/Content/StarterContent/Architecture/Wall_Window_400x300.uasset" 3390
"C:/Users/kacpe/Desktop/GitHub/Game/Content/StarterContent/Architecture/Wall_Door_400x400.uasset" 3391
"C:/Users/kacpe/Desktop/GitHub/Game/Content/StarterContent/Architecture/Wall_Door_400x300.uasset" 3392
"C:/Users/kacpe/Desktop/GitHub/Game/Content/StarterContent/Architecture/Wall_500x500.uasset" 3393
"C:/Users/kacpe/Desktop/GitHub/Game/Content/StarterContent/Architecture/Wall_400x400.uasset" 3394
"C:/Users/kacpe/Desktop/GitHub/Game/Content/StarterContent/Architecture/Wall_400x200.uasset" 3395
"C:/Users/kacpe/Desktop/GitHub/Game/Content/StarterContent/Architecture/SM_AssetPlatform.uasset" 3396
"C:/Users/kacpe/Desktop/GitHub/Game/Content/StarterContent/Architecture/Wall_400x300.uasset" 3397
"C:/Users/kacpe/Desktop/GitHub/Game/Content/StarterContent/Architecture/Floor_400x400.uasset" 3398
"C:/Users/kacpe/Desktop/GitHub/Game/Content/StarterContent/Architecture/Pillar_50x500.uasset" 3399
"C:/Users/kacpe/Desktop/GitHub/Game/Content/Game_Assets/Sound/suspense-dark-minimal-375983.uasset" 3400
"C:/Users/kacpe/Desktop/GitHub/Game/Content/Game_Assets/Sound/mystery-horror-192898.uasset" 3401
"C:/Users/kacpe/Desktop/GitHub/Game/Content/Game_Assets/MenuAssets/MainMenu.umap" 3402
"C:/Users/kacpe/Desktop/GitHub/Game/Content/Game_Assets/Maps/Main_BuiltData.uasset" 3403
"C:/Users/kacpe/Desktop/GitHub/Game/Content/Game_Assets/Maps/Main.umap" 3404
"C:/Users/kacpe/Desktop/GitHub/Game/Content/StarterContent/Props/Materials/M_StatueGlass.uasset" 3405
"C:/Users/kacpe/Desktop/GitHub/Game/Content/StarterContent/Props/Materials/M_Statue.uasset" 3406
"C:/Users/kacpe/Desktop/GitHub/Game/Content/StarterContent/Props/Materials/M_Shelf.uasset" 3407
"C:/Users/kacpe/Desktop/GitHub/Game/Content/StarterContent/Props/Materials/M_Rock.uasset" 3408
"C:/Users/kacpe/Desktop/GitHub/Game/Content/StarterContent/Props/Materials/M_Lamp.uasset" 3409
"C:/Users/kacpe/Desktop/GitHub/Game/Content/StarterContent/Props/Materials/M_Frame.uasset" 3410
"C:/Users/kacpe/Desktop/GitHub/Game/Content/StarterContent/Props/Materials/M_Door.uasset" 3411
"C:/Users/kacpe/Desktop/GitHub/Game/Content/StarterContent/Props/Materials/M_Chair.uasset" 3412
"C:/Users/kacpe/Desktop/GitHub/Game/Content/StarterContent/Props/Materials/M_Bush.uasset" 3413
"C:/Users/kacpe/Desktop/GitHub/Game/Content/StarterContent/Particles/Materials/M_Spark.uasset" 3414
"C:/Users/kacpe/Desktop/GitHub/Game/Content/StarterContent/Particles/Materials/M_smoke_subUV.uasset" 3415
"C:/Users/kacpe/Desktop/GitHub/Game/Content/StarterContent/Particles/Materials/M_radial_ramp.uasset" 3416
"C:/Users/kacpe/Desktop/GitHub/Game/Content/StarterContent/Particles/Materials/M_Radial_Gradient.uasset" 3417
"C:/Users/kacpe/Desktop/GitHub/Game/Content/StarterContent/Particles/Materials/M_Heat_Distortion.uasset" 3418
"C:/Users/kacpe/Desktop/GitHub/Game/Content/StarterContent/Props/Materials/M_TableRound.uasset" 3419
"C:/Users/kacpe/Desktop/GitHub/Game/Content/StarterContent/Particles/Materials/m_flare_01.uasset" 3420
"C:/Users/kacpe/Desktop/GitHub/Game/Content/StarterContent/Particles/Materials/M_Fire_SubUV.uasset" 3421
"C:/Users/kacpe/Desktop/GitHub/Game/Content/StarterContent/Particles/Materials/M_explosion_subUV.uasset" 3422
"C:/Users/kacpe/Desktop/GitHub/Game/Content/StarterContent/Particles/Materials/M_Dust_Particle.uasset" 3423
"C:/Users/kacpe/Desktop/GitHub/Game/Content/StarterContent/Particles/Materials/M_Burst.uasset" 3424
"C:/Users/kacpe/Desktop/GitHub/Game/Content/StarterContent/Blueprints/Assets/SunlightColorLUT.uasset" 3425
"C:/Users/kacpe/Desktop/GitHub/Game/Content/StarterContent/Blueprints/Assets/SM_Arrows.uasset" 3426
"C:/Users/kacpe/Desktop/GitHub/Game/Content/StarterContent/Blueprints/Assets/Skybox.uasset" 3427
"C:/Users/kacpe/Desktop/GitHub/Game/Content/StarterContent/Blueprints/Assets/M_LightStage_Skybox_Master.uasset" 3428
"C:/Users/kacpe/Desktop/GitHub/Game/Content/StarterContent/Blueprints/Assets/M_LightStage_Skybox_HDRI.uasset" 3429
"C:/Users/kacpe/Desktop/GitHub/Game/Content/StarterContent/Blueprints/Assets/M_LightStage_Skybox_Black.uasset" 3430
"C:/Users/kacpe/Desktop/GitHub/Game/Content/StarterContent/Blueprints/Assets/M_LightStage_Arrows.uasset" 3431
"C:/Users/kacpe/Desktop/GitHub/Game/Content/StarterContent/Blueprints/Assets/FogBrightnessLUT.uasset" 3432
"C:/Users/kacpe/Desktop/GitHub/Game/Content/Game_Assets/MenuAssets/widgets/OptionsWidget.uasset" 3433
"C:/Users/kacpe/Desktop/GitHub/Game/Content/Game_Assets/Lightning/bps/BP_LightFlicker.uasset" 3434
"C:/Users/kacpe/Desktop/GitHub/Game/Content/Game_Assets/HouseMeshes/House/basement/Level1/Zarowa/BP_BulbWithKey.uasset" 3435
"/Engine/EngineResources/WhiteSquareTexture" 3436
"../../../Engine/Content/EngineResources/WhiteSquareTexture.uasset" 3437
"/Engine/EngineResources/GradientTexture0" 3438
"../../../Engine/Content/EngineResources/GradientTexture0.uasset" 3439
"/Engine/EngineResources/Black" 3440
"../../../Engine/Content/EngineResources/Black.uasset" 3441
"/Engine/EditorResources/S_Actor" 3442
"../../../Engine/Content/EditorResources/S_Actor.uasset" 3443
"/Engine/EngineFonts/RobotoDistanceField" 3444
"../../../Engine/Content/EngineFonts/RobotoDistanceField.uasset" 3445
"/Engine/EngineMaterials/DefaultTextMaterialOpaque" 3446
"../../../Engine/Content/EngineMaterials/DefaultTextMaterialOpaque.uasset" 3447
"/Engine/Functions/Engine_MaterialFunctions01/Shading/PowerToRoughness" 3448
"../../../Engine/Content/Functions/Engine_MaterialFunctions01/Shading/PowerToRoughness.uasset" 3449
"/Engine/Functions/Engine_MaterialFunctions01/Shading/ConvertFromDiffSpec" 3450
"../../../Engine/Content/Functions/Engine_MaterialFunctions01/Shading/ConvertFromDiffSpec.uasset" 3451
"/Engine/EngineMaterials/WorldGridMaterial" 3452
"../../../Engine/Content/EngineMaterials/WorldGridMaterial.uasset" 3453
"../../../Engine/Content/Functions/Engine_MaterialFunctions01/Opacity/CameraDepthFade.uasset" 3454
"../../../Engine/Content/EngineMaterials/T_Default_Material_Grid_M.uasset" 3455
"../../../Engine/Content/EngineMaterials/T_Default_Material_Grid_N.uasset" 3456
"/Engine/EngineMaterials/DefaultDeferredDecalMaterial" 3457
"../../../Engine/Content/EngineMaterials/DefaultDeferredDecalMaterial.uasset" 3458
"../../../Engine/Content/EngineMaterials/DefaultDiffuse.uasset" 3459
"/Engine/EngineMaterials/DefaultLightFunctionMaterial" 3460
"../../../Engine/Content/EngineMaterials/DefaultLightFunctionMaterial.uasset" 3461
"/Engine/EngineMaterials/DefaultPostProcessMaterial" 3462
"../../../Engine/Content/EngineMaterials/DefaultPostProcessMaterial.uasset" 3463
"../../../Engine/Content/Functions/Engine_MaterialFunctions02/Utility/BreakOutFloat2Components.uasset" 3464
"/Engine/EditorResources/S_Trigger" 3465
"../../../Engine/Content/EditorResources/S_Trigger.uasset" 3466
"/Engine/EditorResources/S_BoxReflectionCapture" 3467
"../../../Engine/Content/EditorResources/S_BoxReflectionCapture.uasset" 3468
"/Engine/EngineResources/DefaultTexture" 3469
"../../../Engine/Content/EngineResources/DefaultTexture.uasset" 3470
"/Engine/EditorResources/S_TriggerBox" 3471
"../../../Engine/Content/EditorResources/S_TriggerBox.uasset" 3472
"/Engine/EditorResources/S_TriggerCapsule" 3473
"../../../Engine/Content/EditorResources/S_TriggerCapsule.uasset" 3474
"/Engine/EditorResources/S_TriggerSphere" 3475
"../../../Engine/Content/EditorResources/S_TriggerSphere.uasset" 3476
"/Engine/EngineDamageTypes/DmgTypeBP_Environmental" 3477
"../../../Engine/Content/EngineDamageTypes/DmgTypeBP_Environmental.uasset" 3478
"/Engine/EngineMeshes/Sphere" 3479
"../../../Engine/Content/EngineMeshes/Sphere.uasset" 3480
"/Engine/EngineResources/DefaultTextureCube" 3481
"../../../Engine/Content/EngineResources/DefaultTextureCube.uasset" 3482
"/Engine/EngineResources/DefaultVolumeTexture" 3483
"../../../Engine/Content/EngineResources/DefaultVolumeTexture.uasset" 3484
"../../../Engine/Content/EngineResources/DefaultVolumeTexture2D.uasset" 3485
"/Engine/VREditor/TransformGizmo/SM_Sequencer_Node" 3486
"../../../Engine/Content/VREditor/TransformGizmo/SM_Sequencer_Node.uasset" 3487
"../../../Engine/Content/VREditor/TransformGizmo/Main.uasset" 3488
"../../../Engine/Content/VREditor/TransformGizmo/Xray.uasset" 3489
"/Engine/EditorResources/S_Solver" 3490
"../../../Engine/Content/EditorResources/S_Solver.uasset" 3491
"/Engine/EngineDebugMaterials/VolumeToRender" 3492
"../../../Engine/Content/EngineDebugMaterials/VolumeToRender.uasset" 3493
"/Engine/EngineDebugMaterials/M_VolumeRenderSphereTracePP" 3494
"../../../Engine/Content/EngineDebugMaterials/M_VolumeRenderSphereTracePP.uasset" 3495
"../../../Engine/Content/Functions/Engine_MaterialFunctions02/Utility/CameraDirectionVector.uasset" 3496
"/Engine/EditorMeshes/Camera/SM_CraneRig_Base" 3497
"../../../Engine/Content/EditorMeshes/Camera/SM_CraneRig_Base.uasset" 3498
"../../../Engine/Content/EditorMaterials/Camera/MI_CineMat_Rig.uasset" 3499
"../../../Engine/Content/EditorMaterials/Camera/CineMat.uasset" 3500
"/Engine/EditorMeshes/Camera/SM_CraneRig_Arm" 3501
"../../../Engine/Content/EditorMeshes/Camera/SM_CraneRig_Arm.uasset" 3502
"/Engine/EditorMeshes/Camera/SM_CraneRig_Mount" 3503
"../../../Engine/Content/EditorMeshes/Camera/SM_CraneRig_Mount.uasset" 3504
"/Engine/EditorMeshes/Camera/SM_CraneRig_Body" 3505
"../../../Engine/Content/EditorMeshes/Camera/SM_CraneRig_Body.uasset" 3506
"/Engine/EditorMeshes/Camera/SM_RailRig_Track" 3507
"../../../Engine/Content/EditorMeshes/Camera/SM_RailRig_Track.uasset" 3508
"/Engine/EditorMeshes/Camera/SM_RailRig_Mount" 3509
"../../../Engine/Content/EditorMeshes/Camera/SM_RailRig_Mount.uasset" 3510
"/Engine/EditorLandscapeResources/SplineEditorMesh" 3511
"../../../Engine/Content/EditorLandscapeResources/SplineEditorMesh.uasset" 3512
"../../../Engine/Content/EditorLandscapeResources/SplineEditorMeshMat.uasset" 3513
"/Engine/BasicShapes/Cube" 3514
"../../../Engine/Content/BasicShapes/Cube.uasset" 3515
"/CameraCalibrationCore/Materials/M_DefaultOddSquare" 3516
"../../Plugins/VirtualProduction/CameraCalibrationCore/Content/Materials/M_DefaultOddSquare.uasset" 3517
"/CameraCalibrationCore/Materials/M_DefaultEvenSquare" 3518
"../../Plugins/VirtualProduction/CameraCalibrationCore/Content/Materials/M_DefaultEvenSquare.uasset" 3519
"/HairStrands/Materials/HairDebugMaterial" 3520
"../../Plugins/Runtime/HairStrands/Content/Materials/HairDebugMaterial.uasset" 3521
"../../../Engine/Content/Functions/Engine_MaterialFunctions02/Utility/MakeFloat2.uasset" 3522
"../../../Engine/Content/Functions/Engine_MaterialFunctions02/Utility/MakeFloat3.uasset" 3523
"../../../Engine/Content/EngineMaterials/HairColorMap.uasset" 3524
"../../../Engine/Content/EngineMaterials/HairDebugColor.uasset" 3525
"../../Plugins/Runtime/HairStrands/Content/Materials/HairGroupColors.uasset" 3526
"/HairStrands/Materials/HairDefaultMaterial" 3527
"../../Plugins/Runtime/HairStrands/Content/Materials/HairDefaultMaterial.uasset" 3528
"/HairStrands/Materials/HairCardsDefaultMaterial" 3529
"../../Plugins/Runtime/HairStrands/Content/Materials/HairCardsDefaultMaterial.uasset" 3530
"/HairStrands/Materials/HairMeshesDefaultMaterial" 3531
"../../Plugins/Runtime/HairStrands/Content/Materials/HairMeshesDefaultMaterial.uasset" 3532
"/Engine/EngineMaterials/Widget3DPassThrough_Translucent" 3533
"../../../Engine/Content/EngineMaterials/Widget3DPassThrough_Translucent.uasset" 3534
"../../../Engine/Content/EngineMaterials/Widget3DPassThrough.uasset" 3535
"/Engine/EngineMaterials/Widget3DPassThrough_Translucent_OneSided" 3536
"../../../Engine/Content/EngineMaterials/Widget3DPassThrough_Translucent_OneSided.uasset" 3537
"/Engine/EngineMaterials/Widget3DPassThrough_Opaque" 3538
"../../../Engine/Content/EngineMaterials/Widget3DPassThrough_Opaque.uasset" 3539
"/Engine/EngineMaterials/Widget3DPassThrough_Opaque_OneSided" 3540
"../../../Engine/Content/EngineMaterials/Widget3DPassThrough_Opaque_OneSided.uasset" 3541
"/Engine/EngineMaterials/Widget3DPassThrough_Masked" 3542
"../../../Engine/Content/EngineMaterials/Widget3DPassThrough_Masked.uasset" 3543
"/Engine/EngineMaterials/Widget3DPassThrough_Masked_OneSided" 3544
"../../../Engine/Content/EngineMaterials/Widget3DPassThrough_Masked_OneSided.uasset" 3545
"/Engine/VREditor/ViewportInteractionAssetContainerData" 3546
"../../../Engine/Content/VREditor/ViewportInteractionAssetContainerData.uasset" 3547
"../../../Engine/Content/VREditor/SnapGrid/SnapGridMaterial.uasset" 3548
"../../../Engine/Content/VREditor/TransformGizmo/TransformGizmoMaterial_Inst.uasset" 3549
"../../../Engine/Content/VREditor/TransformGizmo/TranslucentTransformGizmoMaterial_Inst.uasset" 3550
"../../../Engine/Content/VREditor/SnapGrid/SnapGridPlaneMesh.uasset" 3551
"../../../Engine/Content/VREditor/Sounds/UI/Drop_Item_From_ContentBrowser.uasset" 3552
"../../../Engine/Content/VREditor/Sounds/UI/Gizmo_Handle_Clicked.uasset" 3553
"../../../Engine/Content/VREditor/Sounds/UI/Object_PickUp.uasset" 3554
"../../../Engine/Content/VREditor/Sounds/UI/Object_Snaps_To_Another_Actor.uasset" 3555
"../../../Engine/Content/VREditor/Sounds/UI/Object_Snaps_To_Grid.uasset" 3556
"../../../Engine/Content/VREditor/Sounds/UI/Scaling_Down.uasset" 3557
"../../../Engine/Content/VREditor/Sounds/UI/Scaling_Up.uasset" 3558
"../../../Engine/Content/VREditor/Sounds/UI/Selection_Changes.uasset" 3559
"../../../Engine/Content/VREditor/TransformGizmo/PlaneTranslationHandle.uasset" 3560
"../../../Engine/Content/VREditor/TransformGizmo/RotationHandleFull.uasset" 3561
"../../../Engine/Content/VREditor/TransformGizmo/RotationHandleIndicator.uasset" 3562
"../../../Engine/Content/VREditor/TransformGizmo/RotationHandleQuarter.uasset" 3563
"../../../Engine/Content/VREditor/TransformGizmo/StartRotationHandleIndicator.uasset" 3564
"../../../Engine/Content/VREditor/TransformGizmo/TransformGizmoFreeRotation.uasset" 3565
"../../../Engine/Content/VREditor/TransformGizmo/TranslateArrowHandle.uasset" 3566
"../../../Engine/Content/VREditor/TransformGizmo/UniformScaleHandle.uasset" 3567
"../../../Engine/Content/Functions/Engine_MaterialFunctions02/Math/Transform3x3Matrix.uasset" 3568
"../../../Engine/Content/Functions/Engine_MaterialFunctions02/SplitComponents.uasset" 3569
"../../../Engine/Content/VREditor/TransformGizmo/TransformGizmoMaterial.uasset" 3570
"../../../Engine/Content/VREditor/TransformGizmo/TranslucentTransformGizmoMaterial.uasset" 3571
"../../../Engine/Content/Functions/Engine_MaterialFunctions02/Utility/BreakOutFloat3Components.uasset" 3572
"../../../Engine/Content/VREditor/LaserPointer/VR_LaserPower_01.uasset" 3573
"/Engine/VREditor/TransformGizmo/BoundingBoxCorner" 3574
"../../../Engine/Content/VREditor/TransformGizmo/BoundingBoxCorner.uasset" 3575
"/Engine/VREditor/TransformGizmo/BoundingBoxEdge" 3576
"../../../Engine/Content/VREditor/TransformGizmo/BoundingBoxEdge.uasset" 3577
"/Engine/ArtTools/RenderToTexture/Meshes/S_1_Unit_Plane" 3578
"../../../Engine/Content/ArtTools/RenderToTexture/Meshes/S_1_Unit_Plane.uasset" 3579
"/Engine/EngineDebugMaterials/M_SimpleUnlitTranslucent" 3580
"../../../Engine/Content/EngineDebugMaterials/M_SimpleUnlitTranslucent.uasset" 3581
"/Engine/EngineFonts/Roboto" 3582
"../../../Engine/Content/EngineFonts/Roboto.uasset" 3583
"../../../Engine/Content/EngineFonts/Faces/DroidSansFallback.uasset" 3584
"../../../Engine/Content/EngineFonts/Faces/RobotoBold.uasset" 3585
"../../../Engine/Content/EngineFonts/Faces/RobotoBoldItalic.uasset" 3586
"../../../Engine/Content/EngineFonts/Faces/RobotoItalic.uasset" 3587
"../../../Engine/Content/EngineFonts/Faces/RobotoLight.uasset" 3588
"../../../Engine/Content/EngineFonts/Faces/RobotoRegular.uasset" 3589
"/Engine/EditorMaterials/ParticleSystems/PSysThumbnail_NoImage" 3590
"../../../Engine/Content/EditorMaterials/ParticleSystems/PSysThumbnail_NoImage.uasset" 3591
"/Engine/EditorMaterials/ParticleSystems/PSysThumbnail_OOD" 3592
"../../../Engine/Content/EditorMaterials/ParticleSystems/PSysThumbnail_OOD.uasset" 3593
"/Engine/EngineResources/LandscapeVisibilityLayerInfo" 3594
"../../../Engine/Content/EngineResources/LandscapeVisibilityLayerInfo.uasset" 3595
"../../../Engine/Content/Internationalization/icudt64l/coll/en.res" 3596
"/ACLPlugin/ACLAnimBoneCompressionSettings" 3597
"../../Plugins/Animation/ACLPlugin/Content/ACLAnimBoneCompressionSettings.uasset" 3598
"/Engine/Animation/DefaultRecorderBoneCompression" 3599
"../../../Engine/Content/Animation/DefaultRecorderBoneCompression.uasset" 3600
"/ACLPlugin/ACLAnimCurveCompressionSettings" 3601
"../../Plugins/Animation/ACLPlugin/Content/ACLAnimCurveCompressionSettings.uasset" 3602
"/Engine/Animation/DefaultVariableFrameStrippingSettings" 3603
"../../../Engine/Content/Animation/DefaultVariableFrameStrippingSettings.uasset" 3604
"/ControlRig/Controls/ControlRigXRayMaterial" 3605
"../../Plugins/Animation/ControlRig/Content/Controls/ControlRigXRayMaterial.uasset" 3606
"/ControlRig/Controls/DefaultGizmoLibraryNormalized" 3607
"../../Plugins/Animation/ControlRig/Content/Controls/DefaultGizmoLibraryNormalized.uasset" 3608
"/AudioWidgets/Resources/ScrubHandleDown_Clamped" 3609
"../../Plugins/Runtime/AudioWidgets/Content/Resources/ScrubHandleDown_Clamped.uasset" 3610
"/Paper2D/MaskedUnlitSpriteMaterial" 3611
"../../Plugins/2D/Paper2D/Content/MaskedUnlitSpriteMaterial.uasset" 3612
"../../Plugins/2D/Paper2D/Content/DefaultSpriteMaterial.uasset" 3613
"../../Plugins/2D/Paper2D/Content/PlaceholderTextures/DummySpriteTexture.uasset" 3614
"/Paper2D/OpaqueUnlitSpriteMaterial" 3615
"../../Plugins/2D/Paper2D/Content/OpaqueUnlitSpriteMaterial.uasset" 3616
"/Paper2D/DefaultPaperTerrainMaterial" 3617
"../../Plugins/2D/Paper2D/Content/DefaultPaperTerrainMaterial.uasset" 3618
"../../Plugins/2D/Paper2D/Content/DummySprite.uasset" 3619
"/ControlRig/M_Manip" 3620
"../../Plugins/Animation/ControlRig/Content/M_Manip.uasset" 3621
"../../../Engine/Content/Functions/Engine_MaterialFunctions02/WorldPositionOffset/CameraOffset.uasset" 3622
"/PCG/ComputeSources/PCGCS_ShaderUtils" 3623
"../../Plugins/PCG/Content/ComputeSources/PCGCS_ShaderUtils.uasset" 3624
"/PCG/ComputeSources/PCGCS_ShaderUtilsInternal" 3625
"../../Plugins/PCG/Content/ComputeSources/PCGCS_ShaderUtilsInternal.uasset" 3626
"/PCG/ComputeSources/PCGCS_Quaternion" 3627
"../../Plugins/PCG/Content/ComputeSources/PCGCS_Quaternion.uasset" 3628
"/MediaPlate/SM_MediaPlateScreen" 3629
"../../Plugins/Media/MediaPlate/Content/SM_MediaPlateScreen.uasset" 3630
"../../../Engine/Intermediate/ProjectFiles/PrimaryProjectPath.txt" 3631
"/SpeedTreeImporter/SpeedTree9/SpeedTreeMaster" 3632
"../../Plugins/Editor/SpeedTreeImporter/Content/SpeedTree9/SpeedTreeMaster.uasset" 3633
"../../../Engine/Content/Functions/Engine_MaterialFunctions02/ObjectLocalBounds.uasset" 3634
"../../../Engine/Content/Functions/Engine_MaterialFunctions02/SafeNormalize.uasset" 3635
"../../../Engine/Content/Functions/Engine_MaterialFunctions02/Utility/VectorLength.uasset" 3636
"../../../Engine/Content/Functions/Engine_MaterialFunctions02/UVs/BoundingBoxBased_0-1_UVW.uasset" 3637
"../../../Engine/Content/Functions/Engine_MaterialFunctions02/WorldPositionOffset/ObjectScale.uasset" 3638
"../../Plugins/Editor/SpeedTreeImporter/Content/SpeedTree9/SpeedTreeBranchMotion.uasset" 3639
"../../Plugins/Editor/SpeedTreeImporter/Content/SpeedTree9/SpeedTreeCameraFacing.uasset" 3640
"../../Plugins/Editor/SpeedTreeImporter/Content/SpeedTree9/SpeedTreeWind.uasset" 3641
"../../Plugins/Editor/SpeedTreeImporter/Content/SpeedTree9/SpeedTreeWindMotion.uasset" 3642
"../../Plugins/Editor/SpeedTreeImporter/Content/SpeedTree9/UnpackDirection.uasset" 3643
"../../Plugins/Editor/SpeedTreeImporter/Content/SpeedTree9/UnpackInteger3.uasset" 3644
"../../Plugins/Editor/SpeedTreeImporter/Content/SpeedTree9/Empty.uasset" 3645
"../../Plugins/Editor/SpeedTreeImporter/Content/SpeedTree9/EmptyNormal.uasset" 3646
"../../Plugins/Editor/SpeedTreeImporter/Content/SpeedTree9/game_wind_noise.uasset" 3647
"/SpeedTreeImporter/SpeedTree9/SpeedTreeBillboardMaster" 3648
"../../Plugins/Editor/SpeedTreeImporter/Content/SpeedTree9/SpeedTreeBillboardMaster.uasset" 3649
"../../Plugins/Editor/SpeedTreeImporter/Content/SpeedTree9/SpeedTreeBillboard.uasset" 3650
"/Engine/BasicShapes/BasicShapeMaterial" 3651
"../../../Engine/Content/BasicShapes/BasicShapeMaterial.uasset" 3652
"/Engine/EditorMaterials/Dataflow/DataflowVertexMaterial" 3653
"../../../Engine/Content/EditorMaterials/Dataflow/DataflowVertexMaterial.uasset" 3654
"/Engine/EditorMaterials/Dataflow/DataflowTwoSidedVertexMaterial" 3655
"../../../Engine/Content/EditorMaterials/Dataflow/DataflowTwoSidedVertexMaterial.uasset" 3656
"/Engine/EditorLandscapeResources/LayerVisMaterial" 3657
"../../../Engine/Content/EditorLandscapeResources/LayerVisMaterial.uasset" 3658
"../../../Engine/Content/EditorLandscapeResources/WhiteSquareTexture.uasset" 3659
"/Engine/EditorLandscapeResources/SelectBrushMaterial_Selected" 3660
"../../../Engine/Content/EditorLandscapeResources/SelectBrushMaterial_Selected.uasset" 3661
"../../../Engine/Content/EditorLandscapeResources/SelectBrushMaterial.uasset" 3662
"../../../Engine/Content/Functions/Engine_MaterialFunctions03/Math/WithinRangeFloat2.uasset" 3663
"../../../Engine/Content/EditorLandscapeResources/DefaultAlphaTexture.uasset" 3664
"/Engine/EditorLandscapeResources/SelectBrushMaterial_SelectedRegion" 3665
"../../../Engine/Content/EditorLandscapeResources/SelectBrushMaterial_SelectedRegion.uasset" 3666
"/Engine/EditorLandscapeResources/MaskBrushMaterial_MaskedRegion" 3667
"../../../Engine/Content/EditorLandscapeResources/MaskBrushMaterial_MaskedRegion.uasset" 3668
"../../../Engine/Content/EditorLandscapeResources/MaskBrushMaterial.uasset" 3669
"/Engine/EditorLandscapeResources/ColorMaskBrushMaterial_MaskedRegion" 3670
"../../../Engine/Content/EditorLandscapeResources/ColorMaskBrushMaterial_MaskedRegion.uasset" 3671
"../../../Engine/Content/EditorLandscapeResources/ColorMaskBrushMaterial.uasset" 3672
"/Engine/EditorLandscapeResources/LandscapeDirtyMaterial" 3673
"../../../Engine/Content/EditorLandscapeResources/LandscapeDirtyMaterial.uasset" 3674
"/Engine/EditorLandscapeResources/LandscapeLayerUsageMaterial" 3675
"../../../Engine/Content/EditorLandscapeResources/LandscapeLayerUsageMaterial.uasset" 3676
"../../../Engine/Content/Functions/Engine_MaterialFunctions01/Debug/DebugIntValues.uasset" 3677
"../../../Engine/Content/Functions/Engine_MaterialFunctions01/Texturing/ScaleUVsByCenter.uasset" 3678
"../../../Engine/Content/Functions/Engine_MaterialFunctions02/WorldPositionOffset/LocalPosition.uasset" 3679
"../../../Engine/Content/Functions/Engine_MaterialFunctions01/Texturing/TextureCropping.uasset" 3680
"../../../Engine/Content/Functions/Engine_MaterialFunctions02/ExampleContent/DebugNumberStrip.uasset" 3681
"C:/Users/kacpe/AppData/Local/UnrealEngine/Editor/UInteractiveToolsPresetCollectionAsset_DefaultCollection.json" 3682
"/Engine/EngineMaterials/NaniteHiddenSectionMaterial" 3683
"../../../Engine/Content/EngineMaterials/NaniteHiddenSectionMaterial.uasset" 3684
"/Engine/EngineMaterials/RemoveSurfaceMaterial" 3685
"../../../Engine/Content/EngineMaterials/RemoveSurfaceMaterial.uasset" 3686
"/Engine/EngineDebugMaterials/DebugMeshMaterial" 3687
"../../../Engine/Content/EngineDebugMaterials/DebugMeshMaterial.uasset" 3688
"/Engine/EngineMaterials/EmissiveMeshMaterial" 3689
"../../../Engine/Content/EngineMaterials/EmissiveMeshMaterial.uasset" 3690
"../../../Engine/Content/EngineMaterials/DefaultWhiteGrid_Low.uasset" 3691
"/Engine/EngineMaterials/M_InvalidLightmapSettings" 3692
"../../../Engine/Content/EngineMaterials/M_InvalidLightmapSettings.uasset" 3693
"../../../Engine/Content/EngineMaterials/InvalidLightmapSettings.uasset" 3694
"/Engine/EngineMaterials/GizmoMaterial" 3695
"../../../Engine/Content/EngineMaterials/GizmoMaterial.uasset" 3696
"/Engine/EngineMaterials/PhAT_JointLimitMaterial" 3697
"../../../Engine/Content/EngineMaterials/PhAT_JointLimitMaterial.uasset" 3698
"/Engine/EngineMaterials/FlattenMaterial" 3699
"../../../Engine/Content/EngineMaterials/FlattenMaterial.uasset" 3700
"../../../Engine/Content/EngineMaterials/BaseFlattenDiffuseMap.uasset" 3701
"../../../Engine/Content/EngineMaterials/BaseFlattenEmissiveMap.uasset" 3702
"../../../Engine/Content/EngineMaterials/BaseFlattenGrayscaleMap.uasset" 3703
"../../../Engine/Content/EngineMaterials/BaseFlattenLinearColor.uasset" 3704
"../../../Engine/Content/EngineMaterials/BaseFlattenNormalMap.uasset" 3705
"../../../Engine/Content/Functions/Engine_MaterialFunctions02/PivotPainter2/Black_1x1_EXR_Texture.uasset" 3706
"/Engine/EngineMaterials/FlattenMaterial_VT" 3707
"../../../Engine/Content/EngineMaterials/FlattenMaterial_VT.uasset" 3708
"../../../Engine/Content/EngineMaterials/BaseFlattenDiffuseMap_VT.uasset" 3709
"../../../Engine/Content/EngineMaterials/BaseFlattenEmissiveMap_VT.uasset" 3710
"../../../Engine/Content/EngineMaterials/BaseFlattenGrayscaleMap_VT.uasset" 3711
"../../../Engine/Content/EngineMaterials/BaseFlattenLinearColor_VT.uasset" 3712
"../../../Engine/Content/EngineMaterials/BaseFlattenNormalMap_VT.uasset" 3713
"../../../Engine/Content/EngineMaterials/Black_1x1_EXR_Texture_VT.uasset" 3714
"/Engine/EngineMaterials/FlattenMaterial_WS_Normal_VT" 3715
"../../../Engine/Content/EngineMaterials/FlattenMaterial_WS_Normal_VT.uasset" 3716
"/Engine/EngineMaterials/Good64x64TilingNoiseHighFreq" 3717
"../../../Engine/Content/EngineMaterials/Good64x64TilingNoiseHighFreq.uasset" 3718
"/Engine/EngineMaterials/DefaultBokeh" 3719
"../../../Engine/Content/EngineMaterials/DefaultBokeh.uasset" 3720
"/Engine/EngineMaterials/MiniFont" 3721
"../../../Engine/Content/EngineMaterials/MiniFont.uasset" 3722
"/Engine/EngineMaterials/WeightMapPlaceholderTexture" 3723
"../../../Engine/Content/EngineMaterials/WeightMapPlaceholderTexture.uasset" 3724
"/Engine/EngineMaterials/WeightMapArrayPlaceholderTexture" 3725
"../../../Engine/Content/EngineMaterials/WeightMapArrayPlaceholderTexture.uasset" 3726
"/Engine/EngineMaterials/DefaultWhiteGrid" 3727
"../../../Engine/Content/EngineMaterials/DefaultWhiteGrid.uasset" 3728
"/Engine/EngineMaterials/PreintegratedSkinBRDF" 3729
"../../../Engine/Content/EngineMaterials/PreintegratedSkinBRDF.uasset" 3730
"/Engine/EngineMaterials/LTC/GGX_LTCAmp" 3731
"../../../Engine/Content/EngineMaterials/LTC/GGX_LTCAmp.uasset" 3732
"/Engine/EngineMaterials/LTC/GGX_LTCMat" 3733
"../../../Engine/Content/EngineMaterials/LTC/GGX_LTCMat.uasset" 3734
"/Engine/EngineMaterials/EnergyConservation/GGX_ReflectionEnergy" 3735
"../../../Engine/Content/EngineMaterials/EnergyConservation/GGX_ReflectionEnergy.uasset" 3736
"/Engine/EngineMaterials/EnergyConservation/GGX_TransmissionEnergyArray" 3737
"../../../Engine/Content/EngineMaterials/EnergyConservation/GGX_TransmissionEnergyArray.uasset" 3738
"/Engine/EngineMaterials/EnergyConservation/SheenLegacy_Energy" 3739
"../../../Engine/Content/EngineMaterials/EnergyConservation/SheenLegacy_Energy.uasset" 3740
"/Engine/EngineMaterials/DefaultPhysicalMaterial" 3741
"../../../Engine/Content/EngineMaterials/DefaultPhysicalMaterial.uasset" 3742
"/Engine/EngineMaterials/DefaultDestructiblePhysicalMaterial" 3743
"../../../Engine/Content/EngineMaterials/DefaultDestructiblePhysicalMaterial.uasset" 3744
"C:/Users/kacpe/AppData/Local/UnrealEngine/Editor/ProjectEditorRecords.json" 3745
"/Niagara/ParameterDefinitions/SpriteRenderer" 3746
"../../Plugins/FX/Niagara/Content/ParameterDefinitions/SpriteRenderer.uasset" 3747
"/Niagara/ParameterDefinitions/RibbonRenderer" 3748
"../../Plugins/FX/Niagara/Content/ParameterDefinitions/RibbonRenderer.uasset" 3749
"/Niagara/ParameterDefinitions/MeshRenderer" 3750
"../../Plugins/FX/Niagara/Content/ParameterDefinitions/MeshRenderer.uasset" 3751
"/Niagara/ParameterDefinitions/LightRenderer" 3752
"../../Plugins/FX/Niagara/Content/ParameterDefinitions/LightRenderer.uasset" 3753
"/Niagara/ParameterDefinitions/DecalRenderer" 3754
"../../Plugins/FX/Niagara/Content/ParameterDefinitions/DecalRenderer.uasset" 3755
"/Niagara/ParameterDefinitions/CoreParameters" 3756
"../../Plugins/FX/Niagara/Content/ParameterDefinitions/CoreParameters.uasset" 3757
"/DeformerGraph/Deformers/DG_LinearBlendSkin_Morph_Cloth" 3758
"../../Plugins/Animation/DeformerGraph/Content/Deformers/DG_LinearBlendSkin_Morph_Cloth.uasset" 3759
"../../Plugins/Animation/DeformerGraph/Content/DeformerFunctions/DG_Function_LinearBlendSkin_Morph_Cloth.uasset" 3760
"/DeformerGraph/Deformers/DG_LinearBlendSkin_Morph_Cloth_RecomputeNormals" 3761
"../../Plugins/Animation/DeformerGraph/Content/Deformers/DG_LinearBlendSkin_Morph_Cloth_RecomputeNormals.uasset" 3762
"../../Plugins/Animation/DeformerGraph/Content/DeformerFunctions/DG_Function_ComputeNormalsTangents.uasset" 3763
"../../Plugins/Animation/DeformerGraph/Content/DeformerFunctions/DG_Function_LinearBlendSkin_Morph_Cloth_PositionOnly.uasset" 3764
"/Engine/EditorResources/SequenceRecorder/Countdown" 3765
"../../../Engine/Content/EditorResources/SequenceRecorder/Countdown.uasset" 3766
"/Engine/EditorResources/SequenceRecorder/RecordingIndicator" 3767
"../../../Engine/Content/EditorResources/SequenceRecorder/RecordingIndicator.uasset" 3768
"/Engine/EditorMaterials/PhAT_UnselectedMaterial" 3769
"../../../Engine/Content/EditorMaterials/PhAT_UnselectedMaterial.uasset" 3770
"/Engine/EditorMaterials/PhAT_NoCollisionMaterial" 3771
"../../../Engine/Content/EditorMaterials/PhAT_NoCollisionMaterial.uasset" 3772
"/HDRIBackdrop/Blueprints/HDRIBackdrop" 3773
"../../Plugins/Runtime/HDRIBackdrop/Content/Blueprints/HDRIBackdrop.uasset" 3774
"../../Plugins/Runtime/HDRIBackdrop/Content/Materials/MI_HDRI_Floor.uasset" 3775
"../../Plugins/Runtime/HDRIBackdrop/Content/Materials/MI_HDRI_Sky.uasset" 3776
"../../Plugins/Runtime/HDRIBackdrop/Content/Meshes/EnviroDome.uasset" 3777
"../../Plugins/Runtime/HDRIBackdrop/Content/Textures/approaching_storm_4k.uasset" 3778
"../../Plugins/Runtime/HDRIBackdrop/Content/Materials/HDRI_Projection_Floor.uasset" 3779
"../../Plugins/Runtime/HDRIBackdrop/Content/Materials/HDRI_Projection_Sky.uasset" 3780
"../../../Engine/Content/Functions/Engine_MaterialFunctions02/WorldPositionOffset/ObjectPivotPoint.uasset" 3781
"../../Plugins/Runtime/HDRIBackdrop/Content/Materials/HDRI_Attributes.uasset" 3782
"/Engine/BasicShapes/Sphere" 3783
"../../../Engine/Content/BasicShapes/Sphere.uasset" 3784
"../../../Engine/Content/EngineMaterials/DefaultMaterial.uasset" 3785
"/Engine/BasicShapes/Cylinder" 3786
"../../../Engine/Content/BasicShapes/Cylinder.uasset" 3787
"/Engine/BasicShapes/Cone" 3788
"../../../Engine/Content/BasicShapes/Cone.uasset" 3789
"/Engine/BasicShapes/Plane" 3790
"../../../Engine/Content/BasicShapes/Plane.uasset" 3791
"/Engine/EngineFonts/DroidSansMono" 3792
"../../../Engine/Content/EngineFonts/DroidSansMono.uasset" 3793
"../../../Engine/Content/EngineFonts/Faces/DroidSansMono.uasset" 3794
"../../../Engine/Documentation/Source/Shared/Types/ABrush/ABrush.INT.udn" 3795
"../../../Engine/Content/Internationalization/icudt64l/brkitr/root.res" 3796
"../../../Engine/Content/Internationalization/icudt64l/brkitr/char.brk" 3797
"../../../Engine/Content/Internationalization/icudt64l/brkitr/word.brk" 3798
"/Engine/EditorResources/S_Terrain" 3799
"../../../Engine/Content/EditorResources/S_Terrain.uasset" 3800
"../../../Engine/Plugins/FX/Niagara/Shaders/Private/NiagaraDataInterfaceTexture2DArrayTemplate.ush" 3801
"../../../Engine/Plugins/FX/Niagara/Shaders/Private/NiagaraDataInterfaceActorComponentTemplate.ush" 3802
"../../../Engine/Plugins/FX/Niagara/Shaders/Private/NiagaraDataInterfaceArrayTemplate.ush" 3803
"../../../Engine/Plugins/FX/Niagara/Shaders/Private/NiagaraDataInterfaceArrayRWTemplate.ush" 3804
"../../../Engine/Plugins/FX/Niagara/Shaders/Private/NiagaraDataInterfaceAsyncGpuTrace.ush" 3805
"../../../Engine/Plugins/FX/Niagara/Shaders/Private/NiagaraDataInterfaceAsyncGpuTraceTemplate.ush" 3806
"../../../Engine/Plugins/FX/Niagara/Shaders/Private/NiagaraDataInterfaceCamera.ush" 3807
"../../../Engine/Plugins/Experimental/ChaosNiagara/Shaders/NiagaraDataInterfaceChaosDestruction.ush" 3808
"../../../Engine/Plugins/FX/Niagara/Shaders/Private/NiagaraDataInterfaceCollisionQuery.ush" 3809
"../../../Engine/Plugins/FX/Niagara/Shaders/Private/NiagaraDataInterfaceCollisionQueryTemplate.ush" 3810
"../../../Engine/Plugins/FX/Niagara/Shaders/Private/NiagaraDataInterfaceCurveTemplate.ush" 3811
"../../../Engine/Plugins/FX/Niagara/Shaders/Private/NiagaraDataInterfaceCubeTextureTemplate.ush" 3812
"../../../Engine/Plugins/FX/Niagara/Shaders/Private/DataChannel/NiagaraDataInterfaceDataChannelCommon.ush" 3813
"../../../Engine/Plugins/FX/Niagara/Shaders/Private/DataChannel/NiagaraDataInterfaceDataChannelTemplateCommon.ush" 3814
"../../../Engine/Plugins/FX/Niagara/Shaders/Private/DataChannel/NiagaraDataInterfaceDataChannelTemplateReadCommon.ush" 3815
"../../../Engine/Plugins/FX/Niagara/Shaders/Private/DataChannel/NiagaraDataInterfaceDataChannelTemplate_Read.ush" 3816
"../../../Engine/Plugins/FX/Niagara/Shaders/Private/DataChannel/NiagaraDataInterfaceDataChannelTemplate_Consume.ush" 3817
"../../../Engine/Plugins/FX/Niagara/Shaders/Private/DataChannel/NiagaraDataInterfaceDataChannelTemplateWriteCommon.ush" 3818
"../../../Engine/Plugins/FX/Niagara/Shaders/Private/DataChannel/NiagaraDataInterfaceDataChannelTemplate_Append.ush" 3819
"../../../Engine/Plugins/FX/Niagara/Shaders/Private/NiagaraDataInterfaceDataTableTemplate.ush" 3820
"../../../Engine/Plugins/FX/Niagara/Shaders/Private/NiagaraDataInterfaceDebugDraw.ush" 3821
"../../../Engine/Plugins/FX/Niagara/Shaders/Private/NiagaraDataInterfaceDebugDrawTemplate.ush" 3822
"../../../Engine/Plugins/FX/Niagara/Shaders/Private/NiagaraDataInterfaceDynamicMeshTemplate.ush" 3823
"../../../Engine/Plugins/FX/Niagara/Shaders/Private/NiagaraDataInterfaceEmitterPropertiesTemplate.ush" 3824
"../../../Engine/Plugins/FX/Niagara/Shaders/Private/NiagaraDataInterfaceExportTemplate.ush" 3825
"../../../Engine/Plugins/FX/Niagara/Shaders/Private/NiagaraDataInterfaceGBufferTemplate.ush" 3826
"../../../Engine/Plugins/Experimental/ChaosNiagara/Shaders/NiagaraDataInterfaceGeometryCollection.ush" 3827
"../../../Engine/Plugins/FX/Niagara/Shaders/Private/NiagaraTransformUtils.ush" 3828
"../../../Engine/Plugins/Runtime/HairStrands/Shaders/Private/NiagaraStrandsExternalForce.ush" 3829
"../../../Engine/Plugins/Runtime/HairStrands/Shaders/Private/NiagaraHookeSpringMaterial.ush" 3830
"../../../Engine/Plugins/Runtime/HairStrands/Shaders/Private/NiagaraAngularSpringMaterial.ush" 3831
"../../../Engine/Plugins/Runtime/HairStrands/Shaders/Private/NiagaraConstantVolumeMaterial.ush" 3832
"../../../Engine/Plugins/Runtime/HairStrands/Shaders/Private/NiagaraCosseratRodMaterial.ush" 3833
"../../../Engine/Plugins/Runtime/HairStrands/Shaders/Private/NiagaraStaticCollisionConstraint.ush" 3834
"../../../Engine/Plugins/Runtime/HairStrands/Shaders/Private/NiagaraDataInterfaceHairStrands.ush" 3835
"../../../Engine/Plugins/Runtime/HairStrands/Shaders/Private/NiagaraDataInterfaceHairStrandsTemplate.ush" 3836
"../../../Engine/Plugins/FX/Niagara/Shaders/Private/NiagaraDataInterfaceIntRenderTarget2D.ush" 3837
"../../../Engine/Plugins/FX/Niagara/Shaders/Private/NiagaraDataInterfaceLandscape.ush" 3838
"../../../Engine/Plugins/FX/Niagara/Shaders/Private/NiagaraDataInterfaceMemoryBufferTemplate.ush" 3839
"../../../Engine/Plugins/FX/Niagara/Shaders/Private/NiagaraDataInterfaceMeshRendererInfoTemplate.ush" 3840
"../../../Engine/Plugins/FX/Niagara/Shaders/Private/NiagaraDataInterfaceOcclusion.ush" 3841
"../../../Engine/Plugins/FX/Niagara/Shaders/Private/NiagaraDataInterfacePhysicsAsset.ush" 3842
"../../../Engine/Plugins/Experimental/ChaosNiagara/Shaders/NiagaraDataInterfacePhysicsField.ush" 3843
"../../../Engine/Plugins/FX/Niagara/Shaders/Private/NiagaraDataInterfacePlatformSetTemplate.ush" 3844
"../../../Engine/Plugins/Runtime/HairStrands/Shaders/Private/NiagaraDataInterfaceVelocityGrid.ush" 3845
"../../../Engine/Plugins/Runtime/HairStrands/Shaders/Private/NiagaraDataInterfaceVelocityGridTemplate.ush" 3846
"../../../Engine/Plugins/Runtime/HairStrands/Shaders/Private/NiagaraDataInterfacePressureGrid.ush" 3847
"../../../Engine/Plugins/Runtime/HairStrands/Shaders/Private/NiagaraDataInterfacePressureGridTemplate.ush" 3848
"../../../Engine/Plugins/FX/Niagara/Shaders/Private/NiagaraDataInterfaceRenderTarget2DTemplate.ush" 3849
"../../../Engine/Plugins/FX/Niagara/Shaders/Private/NiagaraDataInterfaceRenderTarget2DArrayTemplate.ush" 3850
"../../../Engine/Plugins/FX/Niagara/Shaders/Private/NiagaraDataInterfaceRenderTargetCubeTemplate.ush" 3851
"../../../Engine/Plugins/FX/Niagara/Shaders/Private/NiagaraDataInterfaceRenderTargetVolumeTemplate.ush" 3852
"../../../Engine/Plugins/FX/Niagara/Shaders/Private/NiagaraDataInterfaceRigidMeshCollisionQuery.ush" 3853
"../../../Engine/Plugins/FX/Niagara/Shaders/Private/NiagaraDistanceFieldQueries.ush" 3854
"../../../Engine/Plugins/FX/Niagara/Shaders/Private/NiagaraDataInterfaceSceneCapture2DTemplate.ush" 3855
"../../../Engine/Plugins/FX/Niagara/Shaders/Private/NiagaraDataInterfaceSimCacheReaderTemplate.ush" 3856
"../../../Engine/Plugins/FX/Niagara/Shaders/Private/NiagaraDataInterfaceSimpleCounterTemplate.ush" 3857
"../../../Engine/Plugins/FX/Niagara/Shaders/Private/NiagaraDataInterfaceSkeletalMesh.ush" 3858
"../../../Engine/Plugins/FX/Niagara/Shaders/Private/NiagaraBaryCentricUtils.ush" 3859
"../../../Engine/Plugins/FX/Niagara/Shaders/Private/NiagaraDataInterfaceSkeletalMeshTemplate.ush" 3860
"../../../Engine/Plugins/FX/Niagara/Shaders/Private/NiagaraDataInterfaceSocketReaderTemplate.ush" 3861
"../../../Engine/Plugins/FX/Niagara/Shaders/Private/NiagaraDataInterfaceSparseVolumeTextureTemplate.ush" 3862
"../../../Engine/Plugins/FX/Niagara/Shaders/Private/NiagaraDataInterfaceSplineTemplate.ush" 3863
"../../../Engine/Plugins/FX/Niagara/Shaders/Private/NiagaraDataInterfaceSpriteRendererInfoTemplate.ush" 3864
"../../../Engine/Plugins/FX/Niagara/Shaders/Private/NiagaraDataInterfaceStaticMeshTemplate.ush" 3865
"../../../Engine/Plugins/FX/Niagara/Shaders/Private/NiagaraDataInterfaceTextureTemplate.ush" 3866
"../../../Engine/Plugins/FX/Niagara/Shaders/Private/NiagaraDataInterfaceVirtualTexture.ush" 3867
"../../../Engine/Plugins/FX/Niagara/Shaders/Private/NiagaraDataInterfaceVirtualTextureTemplate.ush" 3868
"../../../Engine/Plugins/FX/Niagara/Shaders/Private/NiagaraDataInterfaceVolumeCache.ush" 3869
"../../../Engine/Plugins/FX/Niagara/Shaders/Private/NiagaraDataInterfaceVolumeTextureTemplate.ush" 3870
"/NiagaraFluids/NDC_Grid3D_Gas" 3871
"../../Plugins/FX/NiagaraFluids/Content/NDC_Grid3D_Gas.uasset" 3872
"C:/Users/kacpe/AppData/Local/Temp/UnrealShaderWorkingDir/C815E5EA4169BA9A55FBFAA36C84B2AB/0/WorkerOutputOnly.out" 3873
"C:/Users/kacpe/AppData/Local/Temp/UnrealShaderWorkingDir/C815E5EA4169BA9A55FBFAA36C84B2AB/1/WorkerOutputOnly.out" 3874
"C:/Users/kacpe/Desktop/GitHub/Game/Intermediate/ShaderAutogen/PCD3D_SM5/AutogenShaderHeaders.ush" 3875
"C:/Users/kacpe/Desktop/GitHub/Game/Content/Game_Assets/MenuAssets/png/notBlured.uasset" 3876
"C:/Users/kacpe/Desktop/GitHub/Game/Content/Game_Assets/MenuAssets/png/Blured.uasset" 3877
"C:/Users/kacpe/Desktop/GitHub/Game/Content/Game_Assets/MenuAssets/png/BGimg.uasset" 3878
"C:/Users/kacpe/Desktop/GitHub/Game/Content/Game_Assets/MenuAssets/MenuGM.uasset" 3879
"C:/Users/kacpe/Desktop/GitHub/Game/Content/FirstPerson/Input/Actions/IA_DropItem.uasset" 3880
"C:/Users/kacpe/Desktop/GitHub/Game/Content/FirstPerson/Input/IMC_Default.uasset" 3881
"C:/Users/kacpe/Desktop/GitHub/Game/Content/FirstPerson/Blueprints/BP_FirstPersonPlayerController.uasset" 3882
"C:/Users/kacpe/Desktop/GitHub/Game/Content/Game_Assets/Scripts/BP_CheckPoint.uasset" 3883
"C:/Users/kacpe/Desktop/GitHub/Game/Content/FirstPerson/Input/Actions/IA_Move.uasset" 3884
"C:/Users/kacpe/Desktop/GitHub/Game/Content/Game_Assets/MenuAssets/widgets/MainMenu.uasset" 3885
"C:/Users/kacpe/Desktop/GitHub/Game/Content/FirstPerson/Input/Actions/IA_Look.uasset" 3886
"C:/Users/kacpe/Desktop/GitHub/Game/Content/FirstPerson/Input/Actions/IA_ESC.uasset" 3887
"C:/Users/kacpe/Desktop/GitHub/Game/Content/FirstPerson/Input/Actions/IA_Jump.uasset" 3888
"C:/Users/kacpe/Desktop/GitHub/Game/Content/FirstPerson/Input/Actions/IA_Crouch.uasset" 3889
"C:/Users/kacpe/Desktop/GitHub/Game/Content/FirstPersonArms/Animations/FP_Falling.uasset" 3890
"C:/Users/kacpe/Desktop/GitHub/Game/Content/FirstPersonArms/Animations/FP_Idle.uasset" 3891
"C:/Users/kacpe/Desktop/GitHub/Game/Content/FirstPersonArms/Animations/FP_Jump.uasset" 3892
"C:/Users/kacpe/Desktop/GitHub/Game/Content/FirstPersonArms/Animations/FP_Land.uasset" 3893
"C:/Users/kacpe/Desktop/GitHub/Game/Content/FirstPersonArms/Animations/FP_Rifle_Falling.uasset" 3894
"C:/Users/kacpe/Desktop/GitHub/Game/Content/FirstPerson/Input/Actions/IA_Sprint.uasset" 3895
"C:/Users/kacpe/Desktop/GitHub/Game/Content/FirstPersonArms/Animations/FP_Rifle_Idle.uasset" 3896
"C:/Users/kacpe/Desktop/GitHub/Game/Content/FirstPersonArms/Animations/FP_Rifle_Jump.uasset" 3897
"C:/Users/kacpe/Desktop/GitHub/Game/Content/FirstPersonArms/Animations/FP_Rifle_Land.uasset" 3898
"../../../Engine/Content/Animation/DefaultAnimBoneCompressionSettings.uasset" 3899
"C:/Users/kacpe/Desktop/GitHub/Game/Content/FirstPersonArms/Animations/FP_Rifle_Run.uasset" 3900
"../../../Engine/Content/Animation/DefaultAnimCurveCompressionSettings.uasset" 3901
"C:/Users/kacpe/Desktop/GitHub/Game/Content/FirstPersonArms/Animations/FP_Run_Fwd.uasset" 3902
"C:/Users/kacpe/Desktop/GitHub/Game/Content/FirstPerson/Input/Actions/IA_F.uasset" 3903
"C:/Users/kacpe/Desktop/GitHub/Game/Content/FirstPersonArms/Animations/FirstPerson_AnimBP.uasset" 3904
"/Game/Game_Assets/MenuAssets/png/Blured" 3905
"/Game/Game_Assets/MenuAssets/png/notBlured" 3906
"/Game/Game_Assets/MenuAssets/png/BGimg" 3907
"/Game/Game_Assets/MenuAssets/widgets/OptionsWidget" 3908
"/Game/Game_Assets/MenuAssets/MenuGM" 3909
"/Game/Game_Assets/Sound/suspense-dark-minimal-375983" 3910
"/Game/Game_Assets/MenuAssets/MainMenu" 3911
"../../../../../../Users/kacpe/Desktop/GitHub/Game/Content/Game_Assets/MenuAssets/MainMenu.umap" 3912
"/Game/FirstPerson/Input/Actions/IA_DropItem" 3913
"/Game/Game_Assets/Scripts/BP_CheckPoint" 3914
"../../../../../../Users/kacpe/Desktop/GitHub/Game/Content/FirstPerson/Blueprints/BP_FirstPersonCharacter.uasset" 3915
"../../../../../../Users/kacpe/Desktop/GitHub/Game/Content/FirstPerson/Blueprints/BP_FirstPersonGameMode.uasset" 3916
"../../../../../../Users/kacpe/Desktop/GitHub/Game/Content/FirstPersonArms/Character/Mesh/SK_Mannequin_Arms.uasset" 3917
"../../../../../../Users/kacpe/Desktop/GitHub/Game/Content/Game_Assets/AI/WBP_Caught.uasset" 3918
"../../../../../../Users/kacpe/Desktop/GitHub/Game/Content/FirstPersonArms/Animations/FirstPerson_AnimBP.uasset" 3919
"../../../Engine/Content/EditorBlueprintResources/StandardMacros.uasset" 3920
"../../../../../../Users/kacpe/Desktop/GitHub/Game/Content/Game_Assets/HouseMeshes/House/basement/level2/Lom/BP_Lom.uasset" 3921
"../../../../../../Users/kacpe/Desktop/GitHub/Game/Content/Game_Assets/HouseMeshes/House/basement/level2/Lom/BPI_Crowbar.uasset" 3922
"../../../../../../Users/kacpe/Desktop/GitHub/Game/Content/Game_Assets/HouseMeshes/House/basement/Level5/nuty/BP_Nuty.uasset" 3923
"../../../../../../Users/kacpe/Desktop/GitHub/Game/Content/Game_Assets/HouseMeshes/House/basement/Level5/nuty/BPI_Nuty.uasset" 3924
"../../../../../../Users/kacpe/Desktop/GitHub/Game/Content/Game_Assets/HouseMeshes/House/basement/Level5/Pianino/BP_MovingPianoKeyWhite.uasset" 3925
"../../../../../../Users/kacpe/Desktop/GitHub/Game/Content/Game_Assets/HouseMeshes/House/basement/Level5/Pianino/BP_Piano.uasset" 3926
"../../../../../../Users/kacpe/Desktop/GitHub/Game/Content/Game_Assets/Scripts/Items/BPI_Flashlight.uasset" 3927
"../../../../../../Users/kacpe/Desktop/GitHub/Game/Content/Game_Assets/Scripts/Items/BPI_Interact.uasset" 3928
"../../../../../../Users/kacpe/Desktop/GitHub/Game/Content/Game_Assets/Scripts/Items/BPI_Key.uasset" 3929
"../../../../../../Users/kacpe/Desktop/GitHub/Game/Content/Game_Assets/Scripts/Items/BPI_Mebl.uasset" 3930
"../../../../../../Users/kacpe/Desktop/GitHub/Game/Content/test/Mebloscianka/BPI_MBKeyToOpen.uasset" 3931
"../../../../../../Users/kacpe/Desktop/GitHub/Game/Content/FirstPerson/Input/Actions/IA_F.uasset" 3932
"../../../../../../Users/kacpe/Desktop/GitHub/Game/Content/FirstPerson/Input/Actions/IA_Interact.uasset" 3933
"../../../../../../Users/kacpe/Desktop/GitHub/Game/Content/FirstPerson/Input/Actions/IA_Sprint.uasset" 3934
"../../../../../../Users/kacpe/Desktop/GitHub/Game/Content/Game_Assets/MenuAssets/widgets/WBP_PauseMenu.uasset" 3935
"../../../../../../Users/kacpe/Desktop/GitHub/Game/Content/test/PNG/BPW_CantPickUp.uasset" 3936
"../../../../../../Users/kacpe/Desktop/GitHub/Game/Content/FirstPersonArms/Character/Materials/Instances/Manny/MI_Manny_01.uasset" 3937
"../../../../../../Users/kacpe/Desktop/GitHub/Game/Content/FirstPersonArms/Character/Materials/Instances/Manny/MI_Manny_02.uasset" 3938
"../../../../../../Users/kacpe/Desktop/GitHub/Game/Content/FirstPersonArms/Character/Mesh/SK_Mannequin_Arms_PhysicsAsset.uasset" 3939
"../../../../../../Users/kacpe/Desktop/GitHub/Game/Content/FirstPersonArms/Character/Mesh/SK_Mannequin_Arms_Skeleton.uasset" 3940
"../../../../../../Users/kacpe/Desktop/GitHub/Game/Content/test/Fonts/times_Font.uasset" 3941
"../../../../../../Users/kacpe/Desktop/GitHub/Game/Content/test/PNG/CLean_BG.uasset" 3942
"../../../../../../Users/kacpe/Desktop/GitHub/Game/Content/test/PNG/CleanText_BG.uasset" 3943
"../../../../../../Users/kacpe/Desktop/GitHub/Game/Content/FirstPersonArms/Animations/FP_Falling.uasset" 3944
"../../../../../../Users/kacpe/Desktop/GitHub/Game/Content/FirstPersonArms/Animations/FP_Idle.uasset" 3945
"../../../../../../Users/kacpe/Desktop/GitHub/Game/Content/FirstPersonArms/Animations/FP_Jump.uasset" 3946
"../../../../../../Users/kacpe/Desktop/GitHub/Game/Content/FirstPersonArms/Animations/FP_Land.uasset" 3947
"../../../../../../Users/kacpe/Desktop/GitHub/Game/Content/FirstPersonArms/Animations/FP_Rifle_Falling.uasset" 3948
"../../../../../../Users/kacpe/Desktop/GitHub/Game/Content/FirstPersonArms/Animations/FP_Rifle_Idle.uasset" 3949
"../../../../../../Users/kacpe/Desktop/GitHub/Game/Content/FirstPersonArms/Animations/FP_Rifle_Jump.uasset" 3950
"../../../../../../Users/kacpe/Desktop/GitHub/Game/Content/FirstPersonArms/Animations/FP_Rifle_Land.uasset" 3951
"../../../../../../Users/kacpe/Desktop/GitHub/Game/Content/FirstPersonArms/Animations/FP_Rifle_Run.uasset" 3952
"../../../../../../Users/kacpe/Desktop/GitHub/Game/Content/FirstPersonArms/Animations/FP_Run_Fwd.uasset" 3953
"../../../../../../Users/kacpe/Desktop/GitHub/Game/Content/StarterContent/Materials/M_Metal_Burnished_Steel.uasset" 3954
"../../../../../../Users/kacpe/Desktop/GitHub/Game/Content/Game_Assets/Scripts/Widgets/BPW_E.uasset" 3955
"../../../../../../Users/kacpe/Desktop/GitHub/Game/Content/Game_Assets/HouseMeshes/House/basement/Level5/nuty/nuty.uasset" 3956
"../../../../../../Users/kacpe/Desktop/GitHub/Game/Content/Game_Assets/Scripts/Widgets/BPW_PickUp.uasset" 3957
"../../../../../../Users/kacpe/Desktop/GitHub/Game/Content/Game_Assets/HouseMeshes/House/basement/Level5/Pianino/Klawisz_b.uasset" 3958
"../../../../../../Users/kacpe/Desktop/GitHub/Game/Content/Game_Assets/HouseMeshes/House/basement/Level5/BP_FlashleyLvl5.uasset" 3959
"../../../../../../Users/kacpe/Desktop/GitHub/Game/Content/Game_Assets/HouseMeshes/House/basement/Level5/Pianino/BP_MovingPianoKeyBlack.uasset" 3960
"../../../../../../Users/kacpe/Desktop/GitHub/Game/Content/Game_Assets/Scripts/Items/BP_DoorKeylock.uasset" 3961
"../../../../../../Users/kacpe/Desktop/GitHub/Game/Content/Game_Assets/HouseMeshes/House/basement/Level5/Pianino/BPW_PianoPlayable.uasset" 3962
"../../../../../../Users/kacpe/Desktop/GitHub/Game/Content/StarterContent/Materials/M_Wood_Floor_Walnut_Polished.uasset" 3963
"../../../../../../Users/kacpe/Desktop/GitHub/Game/Content/test/new/kuchnia/wood_Mat.uasset" 3964
"../../../Engine/Content/Functions/Engine_MaterialFunctions02/SupportFiles/1x1x1BoxCenterAligned.uasset" 3965
"../../../../../../Users/kacpe/Desktop/GitHub/Game/Content/Game_Assets/HouseMeshes/House/basement/Level5/nuty/WBP_Nuty.uasset" 3966
"../../../../../../Users/kacpe/Desktop/GitHub/Game/Content/Game_Assets/HouseMeshes/House/basement/Level5/nuty/WBP_SmtMissing.uasset" 3967
"../../../../../../Users/kacpe/Desktop/GitHub/Game/Content/Game_Assets/HouseMeshes/House/basement/Level5/Pianino/Body.uasset" 3968
"../../../../../../Users/kacpe/Desktop/GitHub/Game/Content/Game_Assets/HouseMeshes/House/basement/Level5/Pianino/BPW_PianoTutorial.uasset" 3969
"../../../../../../Users/kacpe/Desktop/GitHub/Game/Content/Game_Assets/HouseMeshes/House/basement/Level5/Pianino/Klapa.uasset" 3970
"../../../../../../Users/kacpe/Desktop/GitHub/Game/Content/Game_Assets/HouseMeshes/House/basement/Level5/Pianino/Klawisz_C.uasset" 3971
"../../../../../../Users/kacpe/Desktop/GitHub/Game/Content/Game_Assets/MenuAssets/widgets/OptionsWidgetPuased.uasset" 3972
"../../../../../../Users/kacpe/Desktop/GitHub/Game/Content/test/PNG/cantpickupmore.uasset" 3973
"../../../../../../Users/kacpe/Desktop/GitHub/Game/Content/FirstPersonArms/Character/Materials/M_Mannequin.uasset" 3974
"../../../../../../Users/kacpe/Desktop/GitHub/Game/Content/FirstPersonArms/Character/Textures/Manny/T_Manny_01_ASAOPMASK_MSK.uasset" 3975
"../../../../../../Users/kacpe/Desktop/GitHub/Game/Content/FirstPersonArms/Character/Textures/Manny/T_Manny_01_BN.uasset" 3976
"../../../../../../Users/kacpe/Desktop/GitHub/Game/Content/FirstPersonArms/Character/Textures/Manny/T_Manny_01_CCRCCPlastic_MSK.uasset" 3977
"../../../../../../Users/kacpe/Desktop/GitHub/Game/Content/FirstPersonArms/Character/Textures/Manny/T_Manny_01_D.uasset" 3978
"../../../../../../Users/kacpe/Desktop/GitHub/Game/Content/FirstPersonArms/Character/Textures/Manny/T_Manny_01_MSR_MSK.uasset" 3979
"../../../../../../Users/kacpe/Desktop/GitHub/Game/Content/FirstPersonArms/Character/Textures/Manny/T_Manny_01_N.uasset" 3980
"../../../../../../Users/kacpe/Desktop/GitHub/Game/Content/FirstPersonArms/Character/Textures/Manny/T_Manny_01_Tan.uasset" 3981
"../../../../../../Users/kacpe/Desktop/GitHub/Game/Content/FirstPersonArms/Character/Textures/Manny/T_Manny_02_ASAOPMASK_MSK.uasset" 3982
"../../../../../../Users/kacpe/Desktop/GitHub/Game/Content/FirstPersonArms/Character/Textures/Manny/T_Manny_02_BN.uasset" 3983
"../../../../../../Users/kacpe/Desktop/GitHub/Game/Content/FirstPersonArms/Character/Textures/Manny/T_Manny_02_CCRCCPlastic_MSK.uasset" 3984
"../../../../../../Users/kacpe/Desktop/GitHub/Game/Content/FirstPersonArms/Character/Textures/Manny/T_Manny_02_D.uasset" 3985
"../../../../../../Users/kacpe/Desktop/GitHub/Game/Content/FirstPersonArms/Character/Textures/Manny/T_Manny_02_MSR_MSK.uasset" 3986
"../../../../../../Users/kacpe/Desktop/GitHub/Game/Content/FirstPersonArms/Character/Textures/Manny/T_Manny_02_N.uasset" 3987
"../../../../../../Users/kacpe/Desktop/GitHub/Game/Content/FirstPersonArms/Character/Textures/Manny/T_Manny_02_Tan.uasset" 3988
"../../../../../../Users/kacpe/Desktop/GitHub/Game/Content/test/Fonts/times.uasset" 3989
"../../../../../../Users/kacpe/Desktop/GitHub/Game/Content/StarterContent/Textures/T_MacroVariation.uasset" 3990
"../../../../../../Users/kacpe/Desktop/GitHub/Game/Content/StarterContent/Textures/T_Metal_Aluminum_D.uasset" 3991
"../../../../../../Users/kacpe/Desktop/GitHub/Game/Content/StarterContent/Textures/T_Metal_Gold_N.uasset" 3992
"../../../../../../Users/kacpe/Desktop/GitHub/Game/Content/test/PNG/E_BG.uasset" 3993
"../../../../../../Users/kacpe/Desktop/GitHub/Game/Content/Game_Assets/HouseMeshes/House/basement/Level5/nuty/+_Mat.uasset" 3994
"../../../../../../Users/kacpe/Desktop/GitHub/Game/Content/test/Notatki/notatka_Mat.uasset" 3995
"../../../../../../Users/kacpe/Desktop/GitHub/Game/Content/Game_Assets/HouseMeshes/House/basement/Level5/Pianino/Material_003.uasset" 3996
"../../../../../../Users/kacpe/Desktop/GitHub/Game/Content/Game_Assets/HouseMeshes/House/basement/Level5/Pianino/BPI_Piano.uasset" 3997
"../../../../../../Users/kacpe/Desktop/GitHub/Game/Content/Game_Assets/Scripts/Items/BPI_Door.uasset" 3998
"../../../../../../Users/kacpe/Desktop/GitHub/Game/Content/Game_Assets/Items/Key/KeyMat_Inst.uasset" 3999
"../../../../../../Users/kacpe/Desktop/GitHub/Game/Content/Game_Assets/Items/Key/klucz.uasset" 4000
"../../../../../../Users/kacpe/Desktop/GitHub/Game/Content/test/est/blachy/Old_Metal.uasset" 4001
"../../../../../../Users/kacpe/Desktop/GitHub/Game/Content/Game_Assets/HouseMeshes/MeshMap/Doors.uasset" 4002
"../../../../../../Users/kacpe/Desktop/GitHub/Game/Content/test/Notatki/BPW_KeyMissing.uasset" 4003
"../../../../../../Users/kacpe/Desktop/GitHub/Game/Content/Game_Assets/HouseMeshes/House/basement/Level5/Pianino/PianoPlayable.uasset" 4004
"../../../../../../Users/kacpe/Desktop/GitHub/Game/Content/Game_Assets/Sound/pianonotes/a-piano-a4-422104.uasset" 4005
"../../../../../../Users/kacpe/Desktop/GitHub/Game/Content/Game_Assets/Sound/pianonotes/d-piano-d4-422090.uasset" 4006
"../../../../../../Users/kacpe/Desktop/GitHub/Game/Content/Game_Assets/Sound/pianonotes/e-piano-e4-422092.uasset" 4007
"../../../../../../Users/kacpe/Desktop/GitHub/Game/Content/Game_Assets/Sound/pianonotes/g-piano-g4-422102.uasset" 4008
"../../../../../../Users/kacpe/Desktop/GitHub/Game/Content/Game_Assets/Sound/pianonotes/high-c-piano-c5-422108.uasset" 4009
"../../../../../../Users/kacpe/Desktop/GitHub/Game/Content/Game_Assets/Sound/pianonotes/pianino_zepsute.uasset" 4010
"../../../../../../Users/kacpe/Desktop/GitHub/Game/Content/StarterContent/Textures/T_Perlin_Noise_M.uasset" 4011
"../../../../../../Users/kacpe/Desktop/GitHub/Game/Content/StarterContent/Textures/T_Wood_Floor_Walnut_D.uasset" 4012
"../../../../../../Users/kacpe/Desktop/GitHub/Game/Content/StarterContent/Textures/T_Wood_Floor_Walnut_M.uasset" 4013
"../../../../../../Users/kacpe/Desktop/GitHub/Game/Content/StarterContent/Textures/T_Wood_Floor_Walnut_N.uasset" 4014
"../../../../../../Users/kacpe/Desktop/GitHub/Game/Content/test/new/kuchnia/wood_diffuse.uasset" 4015
"../../../../../../Users/kacpe/Desktop/GitHub/Game/Content/test/new/kuchnia/wood_normal_opengl.uasset" 4016
"../../../../../../Users/kacpe/Desktop/GitHub/Game/Content/test/new/kuchnia/wood_specular.uasset" 4017
"../../../../../../Users/kacpe/Desktop/GitHub/Game/Content/test/PNG/ss.uasset" 4018
"../../../../../../Users/kacpe/Desktop/GitHub/Game/Content/Game_Assets/HouseMeshes/House/basement/Level5/Pianino/Material_002.uasset" 4019
"../../../../../../Users/kacpe/Desktop/GitHub/Game/Content/test/PNG/Pianino.uasset" 4020
"../../../../../../Users/kacpe/Desktop/GitHub/Game/Content/Game_Assets/HouseMeshes/House/basement/Level5/Pianino/Material_001.uasset" 4021
"../../../../../../Users/kacpe/Desktop/GitHub/Game/Content/Game_Assets/HouseMeshes/House/basement/Level5/Pianino/Material_004.uasset" 4022
"../../../../../../Users/kacpe/Desktop/GitHub/Game/Content/FirstPersonArms/Character/Materials/Functions/CA_Mannequin.uasset" 4023
"../../../../../../Users/kacpe/Desktop/GitHub/Game/Content/FirstPersonArms/Character/Materials/Functions/MF_Diffraction.uasset" 4024
"../../../../../../Users/kacpe/Desktop/GitHub/Game/Content/FirstPersonArms/Character/Materials/Functions/MF_logo3layers.uasset" 4025
"../../../../../../Users/kacpe/Desktop/GitHub/Game/Content/FirstPersonArms/Character/Materials/Functions/ML_BaseColorFallOff.uasset" 4026
"../../../../../../Users/kacpe/Desktop/GitHub/Game/Content/FirstPersonArms/Character/Textures/Shared/T_UE_Logo_M.uasset" 4027
"../../../../../../Users/kacpe/Desktop/GitHub/Game/Content/Game_Assets/HouseMeshes/House/basement/Level5/nuty/+.uasset" 4028
"../../../../../../Users/kacpe/Desktop/GitHub/Game/Content/Game_Assets/HouseMeshes/House/basement/Level1/NotatkaKolega/NotatkaKolega_tyl.uasset" 4029
"../../Plugins/Interchange/Assets/Content/Functions/MF_PhongToMetalRoughness.uasset" 4030
"../../../../../../Users/kacpe/Desktop/GitHub/Game/Content/Game_Assets/Items/Key/KeyMat.uasset" 4031
"../../../../../../Users/kacpe/Desktop/GitHub/Game/Content/test/est/blachy/Used_Metal_basecolor.uasset" 4032
"../../../../../../Users/kacpe/Desktop/GitHub/Game/Content/test/est/blachy/Used_Metal_normal.uasset" 4033
"../../../../../../Users/kacpe/Desktop/GitHub/Game/Content/test/est/blachy/Used_Metal_roughness.uasset" 4034
"../../../../../../Users/kacpe/Desktop/GitHub/Game/Content/test/Notatki/Drzwi.uasset" 4035
"../../../../../../Users/kacpe/Desktop/GitHub/Game/Content/test/PNG/Otwarcie.uasset" 4036
"../../../../../../Users/kacpe/Desktop/GitHub/Game/Content/Game_Assets/HouseMeshes/House/FirstFloor/Jadalnia/pd109-pdobj01402a-image.uasset" 4037
"../../../../../../Users/kacpe/Desktop/GitHub/Game/Content/FirstPersonArms/Character/Materials/Functions/ChromaticCurve.uasset" 4038
"../../../../../../Users/kacpe/Desktop/GitHub/Game/Content/Game_Assets/Items/Key/????????_BaseColor.uasset" 4039
"../../../../../../Users/kacpe/Desktop/GitHub/Game/Content/Game_Assets/Items/Key/????????_Metallic.uasset" 4040
"../../../../../../Users/kacpe/Desktop/GitHub/Game/Content/Game_Assets/Items/Key/????????_Normal.uasset" 4041
"../../../Engine/Content/EngineSounds/Submixes/MasterSubmixDefault.uasset" 4042
"../../../Engine/Content/EngineSounds/Submixes/MasterEQSubmixDefault.uasset" 4043
"../../../Engine/Content/EngineSounds/Submixes/MasterReverbEffectPreset.uasset" 4044
"../../../Engine/Content/EngineSounds/Submixes/MasterEQEffectPreset.uasset" 4045
"../../../Engine/Content/EngineSounds/Submixes/MasterReverbSubmixDefault.uasset" 4046
"../../../Engine/Content/Functions/Engine_MaterialFunctions01/Texturing/FlattenNormal.uasset" 4047
"../../../Engine/Plugins/Interchange/Assets/Content/gltf/MaterialFunctions/MF_Clearcoat.uasset" 4048
"../../../Engine/Plugins/Interchange/Assets/Content/gltf/MaterialBodies/MF_ClearCoat_Body.uasset" 4049
"../../../Engine/Plugins/Interchange/Assets/Content/gltf/MaterialFunctions/MF_Emissive.uasset" 4050
"../../../Engine/Plugins/Interchange/Assets/Content/gltf/Textures/T_Anisotropy_Direction_Linear.uasset" 4051
"../../../Engine/Plugins/Interchange/Assets/Content/gltf/MaterialFunctions/MF_SpecularAnisotropy.uasset" 4052
"../../../Engine/Plugins/Interchange/Assets/Content/gltf/MaterialFunctions/MF_Specular.uasset" 4053
"../../../Engine/Plugins/Interchange/Assets/Content/gltf/MaterialFunctions/MF_Occlusion.uasset" 4054
"../../../Engine/Plugins/Interchange/Assets/Content/gltf/Textures/T_Generic_N.uasset" 4055
"../../../Engine/Plugins/Interchange/Assets/Content/gltf/MaterialFunctions/MF_ScaleNormal.uasset" 4056
"/Engine/EngineSounds/Submixes/MasterReverbEffectPreset" 4057
"/Engine/EngineSounds/Submixes/MasterEQEffectPreset" 4058
"/Engine/EngineSounds/Submixes/MasterEQSubmixDefault" 4059
"/Engine/Functions/Engine_MaterialFunctions01/Texturing/FlattenNormal" 4060
"/InterchangeAssets/gltf/Textures/T_Anisotropy_Direction_Linear" 4061
"/InterchangeAssets/gltf/MaterialFunctions/MF_SpecularAnisotropy" 4062
"/InterchangeAssets/gltf/Textures/T_Generic_N" 4063
"/InterchangeAssets/gltf/MaterialFunctions/MF_ScaleNormal" 4064
"../../../Engine/Plugins/Interchange/Assets/Content/gltf/MaterialFunctions/MF_RotateNormals_TS.uasset" 4065
"../../../Engine/Plugins/Interchange/Assets/Content/gltf/MaterialFunctions/MF_Normals.uasset" 4066
"../../../Engine/Plugins/Interchange/Assets/Content/gltf/Textures/T_White_Linear.uasset" 4067
"../../../Engine/Plugins/Interchange/Assets/Content/gltf/MaterialFunctions/MF_MetallicRoughness.uasset" 4068
"../../../Engine/Plugins/Interchange/Assets/Content/Functions/MF_IridescenceNoLUT.uasset" 4069
"../../../Engine/Plugins/Interchange/Assets/Content/gltf/MaterialFunctions/MF_Iridescence.uasset" 4070
"../../../Engine/Plugins/Interchange/Assets/Content/gltf/MaterialFunctions/MF_IOR.uasset" 4071
"../../../Engine/Plugins/Interchange/Assets/Content/gltf/MaterialFunctions/MF_TransformUVs.uasset" 4072
"../../../Engine/Plugins/Interchange/Assets/Content/gltf/MaterialFunctions/MF_RotateV2.uasset" 4073
"../../../Engine/Plugins/Interchange/Assets/Content/gltf/Textures/T_White_srgb.uasset" 4074
"../../../Engine/Plugins/Interchange/Assets/Content/gltf/MaterialFunctions/MF_BaseColor.uasset" 4075
"../../../Engine/Content/Functions/Engine_MaterialFunctions03/Math/RemapValueRange.uasset" 4076
"../../../Engine/Plugins/Interchange/Assets/Content/Functions/MF_Iridescence.uasset" 4077
"../../../Engine/Plugins/Interchange/Assets/Content/gltf/M_ClearCoat.uasset" 4078
"../../../Engine/Plugins/Interchange/Assets/Content/Utilities/New_LUT.uasset" 4079
"../../../Engine/Plugins/Interchange/Assets/Content/gltf/MaterialInstances/MI_ClearCoat_Opaque.uasset" 4080
"../../../Engine/Plugins/Interchange/Assets/Content/gltf/MaterialInstances/MI_ClearCoat_Blend.uasset" 4081
"../../../Engine/Plugins/Interchange/Assets/Content/gltf/MaterialInstances/MI_ClearCoat_Opaque_DS.uasset" 4082
"../../../Engine/Plugins/Interchange/Assets/Content/gltf/MaterialInstances/MI_ClearCoat_Mask.uasset" 4083
"../../../Engine/Plugins/Interchange/Assets/Content/gltf/MaterialBodies/MF_Default_Body.uasset" 4084
"../../../Engine/Plugins/Interchange/Assets/Content/gltf/M_Default.uasset" 4085
"../../../Engine/Plugins/Interchange/Assets/Content/gltf/MaterialInstances/MI_ClearCoat_Mask_DS.uasset" 4086
"../../../Engine/Plugins/Interchange/Assets/Content/gltf/MaterialInstances/MI_Default_Opaque.uasset" 4087
"../../../Engine/Plugins/Interchange/Assets/Content/gltf/MaterialInstances/MI_Default_Mask.uasset" 4088
"../../../Engine/Plugins/Interchange/Assets/Content/gltf/MaterialInstances/MI_ClearCoat_Blend_DS.uasset" 4089
"../../../Engine/Plugins/Interchange/Assets/Content/gltf/MaterialInstances/MI_Default_Opaque_DS.uasset" 4090
"../../../Engine/Plugins/Interchange/Assets/Content/gltf/MaterialInstances/MI_Default_Blend.uasset" 4091
"/InterchangeAssets/gltf/MaterialInstances/MI_ClearCoat_Mask" 4092
"/InterchangeAssets/gltf/MaterialInstances/MI_ClearCoat_Opaque" 4093
"/InterchangeAssets/gltf/MaterialInstances/MI_Default_Opaque_DS" 4094
"/InterchangeAssets/gltf/MaterialInstances/MI_Default_Blend" 4095
"/InterchangeAssets/gltf/MaterialInstances/MI_Default_Mask" 4096
"../../../Engine/Plugins/Interchange/Assets/Shaders/ThinFilmFunctions.usf" 4097
"/InterchangeAssets/gltf/MaterialInstances/MI_Default_Opaque" 4098
"/InterchangeAssets/gltf/MaterialInstances/MI_ClearCoat_Blend_DS" 4099
"/InterchangeAssets/gltf/MaterialInstances/MI_ClearCoat_Mask_DS" 4100
"/InterchangeAssets/gltf/MaterialInstances/MI_ClearCoat_Opaque_DS" 4101
"/InterchangeAssets/gltf/MaterialInstances/MI_ClearCoat_Blend" 4102
"../../../Engine/Plugins/Interchange/Assets/Content/gltf/MaterialFunctions/MF_Sheen.uasset" 4103
"../../../Engine/Plugins/Interchange/Assets/Content/gltf/MaterialBodies/MF_Sheen_Body.uasset" 4104
"../../../Engine/Plugins/Interchange/Assets/Content/gltf/MaterialInstances/MI_Default_Blend_DS.uasset" 4105
"../../../Engine/Plugins/Interchange/Assets/Content/gltf/MaterialInstances/MI_Sheen_Opaque.uasset" 4106
"../../../Engine/Plugins/Interchange/Assets/Content/gltf/MaterialInstances/MI_Sheen_Mask.uasset" 4107
"../../../Engine/Plugins/Interchange/Assets/Content/gltf/MaterialInstances/MI_Default_Mask_DS.uasset" 4108
"../../../Engine/Plugins/Interchange/Assets/Content/gltf/M_Sheen.uasset" 4109
"../../../Engine/Plugins/Interchange/Assets/Content/gltf/MaterialFunctions/MF_Transmission.uasset" 4110
"../../../Engine/Plugins/Interchange/Assets/Content/gltf/MaterialFunctions/MF_Temporal_Blur.uasset" 4111
"../../../Engine/Plugins/Interchange/Assets/Content/gltf/MaterialFunctions/MF_Fresnel_DS.uasset" 4112
"../../../Engine/Plugins/Interchange/Assets/Content/gltf/MaterialBodies/MF_Transmission_Body.uasset" 4113
"../../../Engine/Content/Functions/Engine_MaterialFunctions02/Texturing/ScreenAlignedPixelToPixelUVs.uasset" 4114
"../../../Engine/Plugins/Interchange/Assets/Content/gltf/MaterialInstances/MI_Sheen_Opaque_DS.uasset" 4115
"../../../Engine/Plugins/Interchange/Assets/Content/gltf/MaterialInstances/MI_Sheen_Blend.uasset" 4116
"../../../Engine/Plugins/Interchange/Assets/Content/gltf/MaterialInstances/MI_Sheen_Mask_DS.uasset" 4117
"../../../Engine/Plugins/Interchange/Assets/Content/gltf/MaterialFunctions/MF_PerceivedBrightness.uasset" 4118
"../../../Engine/Plugins/Interchange/Assets/Content/gltf/MaterialFunctions/MF_SpecGlossToMetalRoughness.uasset" 4119
"../../../Engine/Plugins/Interchange/Assets/Content/gltf/MaterialFunctions/MF_MaxComponentValue.uasset" 4120
"../../../Engine/Plugins/Interchange/Assets/Content/gltf/MaterialFunctions/MF_DiffuseSpecGloss.uasset" 4121
"../../../Engine/Plugins/Interchange/Assets/Content/gltf/MaterialBodies/MF_SpecularGlossiness_Body.uasset" 4122
"../../../Engine/Content/Functions/Engine_MaterialFunctions02/Math/AddComponents.uasset" 4123
"../../../Engine/Plugins/Interchange/Assets/Content/gltf/MaterialInstances/MI_Transmission.uasset" 4124
"../../../Engine/Plugins/Interchange/Assets/Content/gltf/MaterialInstances/MI_Transmission_DS.uasset" 4125
"../../../Engine/Plugins/Interchange/Assets/Content/gltf/M_Transmission.uasset" 4126
"../../../Engine/Plugins/Interchange/Assets/Content/gltf/M_SpecularGlossiness.uasset" 4127
"../../../Engine/Plugins/Interchange/Assets/Content/gltf/MaterialInstances/MI_SpecularGlossiness_Opaque.uasset" 4128
"../../../Engine/Plugins/Interchange/Assets/Content/gltf/MaterialInstances/MI_SpecularGlossiness_Mask.uasset" 4129
"../../../Engine/Plugins/Interchange/Assets/Content/gltf/MaterialInstances/MI_Sheen_Blend_DS.uasset" 4130
"../../../Engine/Plugins/Interchange/Assets/Content/gltf/MaterialInstances/MI_SpecularGlossiness_Blend.uasset" 4131
"../../../Engine/Plugins/Interchange/Assets/Content/gltf/MaterialInstances/MI_SpecularGlossiness_Opaque_DS.uasset" 4132
"../../../Engine/Plugins/Interchange/Assets/Content/gltf/MaterialInstances/MI_SpecularGlossiness_Blend_DS.uasset" 4133
"../../../Engine/Plugins/Interchange/Assets/Content/gltf/MaterialInstances/MI_SpecularGlossiness_Mask_DS.uasset" 4134
"/InterchangeAssets/gltf/MaterialInstances/MI_SpecularGlossiness_Blend_DS" 4135
"/InterchangeAssets/gltf/MaterialInstances/MI_SpecularGlossiness_Mask_DS" 4136
"/InterchangeAssets/gltf/MaterialInstances/MI_SpecularGlossiness_Opaque_DS" 4137
"/InterchangeAssets/gltf/MaterialInstances/MI_SpecularGlossiness_Blend" 4138
"/InterchangeAssets/gltf/MaterialInstances/MI_SpecularGlossiness_Mask" 4139
"/InterchangeAssets/gltf/MaterialInstances/MI_SpecularGlossiness_Opaque" 4140
"/InterchangeAssets/gltf/MaterialInstances/MI_Transmission_DS" 4141
"/InterchangeAssets/gltf/MaterialInstances/MI_Transmission" 4142
"/InterchangeAssets/gltf/MaterialInstances/MI_Sheen_Blend_DS" 4143
"/InterchangeAssets/gltf/MaterialInstances/MI_Sheen_Mask_DS" 4144
"/InterchangeAssets/gltf/MaterialInstances/MI_Sheen_Opaque_DS" 4145
"/InterchangeAssets/gltf/MaterialInstances/MI_Sheen_Blend" 4146
"/InterchangeAssets/gltf/MaterialInstances/MI_Sheen_Mask" 4147
"/InterchangeAssets/gltf/MaterialInstances/MI_Sheen_Opaque" 4148
"/InterchangeAssets/gltf/MaterialInstances/MI_Default_Blend_DS" 4149
"/InterchangeAssets/gltf/MaterialInstances/MI_Default_Mask_DS" 4150
"../../../Engine/Plugins/Animation/DeformerGraph/Shaders/Private/DataInterfaceCustomComputeKernel.ush" 4151
"../../../Engine/Plugins/Animation/DeformerGraph/Shaders/Private/DataInterfaceCloth.ush" 4152
"../../../Engine/Plugins/Animation/DeformerGraph/Shaders/Private/DataInterfaceSkinnedMeshRead.ush" 4153
"../../../Engine/Plugins/Animation/DeformerGraph/Shaders/Private/DataInterfaceSkeleton.ush" 4154
"../../../Engine/Plugins/Animation/DeformerGraph/Shaders/Private/DataInterfaceSkeletonCommon.ush" 4155
"../../../Engine/Plugins/Animation/DeformerGraph/Shaders/Private/DataInterfaceMorphTarget.ush" 4156
"../../../Engine/Plugins/Animation/DeformerGraph/Shaders/Private/DataInterfaceSkinnedMeshWrite.ush" 4157
"../../../Engine/Content/Functions/Engine_MaterialFunctions01/Volumetrics/BeersLaw.uasset" 4158
"../../../Engine/Content/Functions/Substrate/MF_SchlickInternal.uasset" 4159
"../../../Engine/Plugins/Animation/DeformerGraph/Shaders/Private/DataInterfaceRawBuffer.ush" 4160
"../../../Engine/Plugins/Interchange/Assets/Content/Functions/MX_StandardSurface.uasset" 4161
"../../../Engine/Plugins/Interchange/Assets/Content/Functions/MX_TransmissionSurface.uasset" 4162
"../../../Engine/Plugins/Interchange/Assets/Content/Functions/MX_Transmission.uasset" 4163
"../../../Engine/Plugins/Runtime/ComputeFramework/Shaders/Private/BufferAlias.ush" 4164
"../../../Engine/Plugins/Interchange/Assets/Content/Functions/MF_OrenNayerView.uasset" 4165
"../../../Engine/Plugins/Interchange/Assets/Content/gltf/MaterialBodies/MF_Unlit_Body.uasset" 4166
"../../../Engine/Plugins/Interchange/Assets/Content/gltf/M_Unlit.uasset" 4167
"../../../Engine/Plugins/Interchange/Assets/Content/Functions/MX_OpenPBR_Translucent.uasset" 4168
"../../../Engine/Plugins/Interchange/Assets/Content/gltf/MaterialInstances/MI_Unlit_Opaque.uasset" 4169
"../../../Engine/Plugins/Interchange/Assets/Content/gltf/MaterialInstances/MI_Unlit_Mask.uasset" 4170
"../../../Engine/Plugins/Animation/DeformerGraph/Shaders/Private/DataInterfaceSkinnedMesh.ush" 4171
"../../../Engine/Plugins/Interchange/Assets/Content/gltf/MaterialInstances/MI_Unlit_Mask_DS.uasset" 4172
"../../../Engine/Plugins/Interchange/Assets/Content/gltf/MaterialInstances/MI_Unlit_Opaque_DS.uasset" 4173
"../../../Engine/Plugins/Interchange/Assets/Content/gltf/MaterialInstances/MI_Unlit_Blend_DS.uasset" 4174
"../../../Engine/Plugins/Interchange/Assets/Content/gltf/MaterialInstances/MI_Unlit_Blend.uasset" 4175
"../../../Engine/Plugins/Animation/DeformerGraph/Shaders/Private/DataInterfaceHalfEdge.ush" 4176
"../../../Engine/Plugins/Interchange/Assets/Content/Functions/MX_OpenPBR_Opaque.uasset" 4177
"../../../Engine/Plugins/Animation/ControlRig/Content/Controls/ControlRig_Arrow2_3mm.uasset" 4178
"../../../Engine/Plugins/Animation/ControlRig/Content/Controls/ControlRig_Arrow2_1mm.uasset" 4179
"../../../Engine/Plugins/Animation/ControlRig/Content/Controls/ControlRig_Sphere_solid.uasset" 4180
"../../../Engine/Plugins/Animation/ControlRig/Content/Controls/ControlRig_Arrow2_solid.uasset" 4181
"../../../Engine/Plugins/Animation/ControlRig/Content/Controls/ControlRig_Arrow4_1mm.uasset" 4182
"../../../Engine/Plugins/Animation/ControlRig/Content/Controls/ControlRig_Arrow4_solid.uasset" 4183
"../../../Engine/Plugins/Animation/ControlRig/Content/Controls/ControlRig_Arrow4_3mm.uasset" 4184
"../../../Engine/Plugins/Animation/ControlRig/Content/Controls/ControlRig_Arrow_1mm.uasset" 4185
"../../../Engine/Plugins/Animation/ControlRig/Content/Controls/ControlRig_Arrow_3mm.uasset" 4186
"../../../Engine/Plugins/Animation/ControlRig/Content/Controls/ControlRig_Arrow_solid.uasset" 4187
"../../../Engine/Plugins/Animation/ControlRig/Content/Controls/ControlRig_Box_1mm.uasset" 4188
"../../../Engine/Plugins/Animation/ControlRig/Content/Controls/ControlRig_Circle_1mm.uasset" 4189
"../../../Engine/Plugins/Animation/ControlRig/Content/Controls/ControlRig_Box_3mm.uasset" 4190
"../../../Engine/Plugins/Animation/ControlRig/Content/Controls/ControlRig_Circle_solid.uasset" 4191
"../../../Engine/Plugins/Animation/ControlRig/Content/Controls/ControlRig_Box_solid.uasset" 4192
"../../../Engine/Plugins/Animation/ControlRig/Content/Controls/ControlRig_Circle_3mm.uasset" 4193
"/ControlRig/Controls/ControlRig_Circle_3mm" 4194
"/ControlRig/Controls/ControlRig_Circle_1mm" 4195
"/ControlRig/Controls/ControlRig_Box_solid" 4196
"/ControlRig/Controls/ControlRig_Box_3mm" 4197
"/ControlRig/Controls/ControlRig_Box_1mm" 4198
"/ControlRig/Controls/ControlRig_Arrow_solid" 4199
"/ControlRig/Controls/ControlRig_Arrow_3mm" 4200
"/ControlRig/Controls/ControlRig_Arrow_1mm" 4201
"/ControlRig/Controls/ControlRig_Arrow4_solid" 4202
"/ControlRig/Controls/ControlRig_Arrow4_3mm" 4203
"/ControlRig/Controls/ControlRig_Arrow4_1mm" 4204
"/ControlRig/Controls/ControlRig_Arrow2_solid" 4205
"/ControlRig/Controls/ControlRig_Arrow2_3mm" 4206
"/ControlRig/Controls/ControlRig_Arrow2_1mm" 4207
"/ControlRig/Controls/ControlRig_Sphere_solid" 4208
"/InterchangeAssets/Functions/MX_OpenPBR_Opaque" 4209
"/InterchangeAssets/gltf/MaterialInstances/MI_Unlit_Blend_DS" 4210
"/ControlRig/Controls/ControlRig_Circle_solid" 4211
"/InterchangeAssets/gltf/MaterialInstances/MI_Unlit_Mask_DS" 4212
"/InterchangeAssets/gltf/MaterialInstances/MI_Unlit_Opaque_DS" 4213
"/InterchangeAssets/gltf/MaterialInstances/MI_Unlit_Blend" 4214
"/InterchangeAssets/gltf/MaterialInstances/MI_Unlit_Mask" 4215
"/InterchangeAssets/gltf/MaterialInstances/MI_Unlit_Opaque" 4216
"/InterchangeAssets/Functions/MX_OpenPBR_Translucent" 4217
"../../../Engine/Plugins/Animation/ControlRig/Content/Controls/ControlRig_Diamond_3mm.uasset" 4218
"../../../Engine/Plugins/Animation/ControlRig/Content/Controls/ControlRig_Diamond_1mm.uasset" 4219
"../../../Engine/Plugins/Animation/ControlRig/Content/Controls/ControlRig_Diamond_solid.uasset" 4220
"../../../Engine/Plugins/Animation/ControlRig/Content/Controls/ControlRig_HalfCircle_1mm.uasset" 4221
"../../../Engine/Plugins/Animation/ControlRig/Content/Controls/ControlRig_HalfCircle_3mm.uasset" 4222
"../../../Engine/Plugins/Animation/ControlRig/Content/Controls/ControlRig_HalfCircle_solid.uasset" 4223
"../../../Engine/Plugins/Animation/ControlRig/Content/Controls/ControlRig_Hexagon_1mm.uasset" 4224
"../../../Engine/Plugins/Animation/ControlRig/Content/Controls/ControlRig_Hexagon_3mm.uasset" 4225
"../../../Engine/Plugins/Animation/ControlRig/Content/Controls/ControlRig_Hexagon_solid.uasset" 4226
"../../../Engine/Plugins/Animation/ControlRig/Content/Controls/ControlRig_Octagon_1mm.uasset" 4227
"../../../Engine/Plugins/Animation/ControlRig/Content/Controls/ControlRig_Octagon_3mm.uasset" 4228
"../../../Engine/Plugins/Animation/ControlRig/Content/Controls/ControlRig_Octagon_solid.uasset" 4229
"../../../Engine/Plugins/Animation/ControlRig/Content/Controls/ControlRig_Pyramid_1mm.uasset" 4230
"../../../Engine/Plugins/Animation/ControlRig/Content/Controls/ControlRig_Pyramid_3mm.uasset" 4231
"../../../Engine/Plugins/Animation/ControlRig/Content/Controls/ControlRig_Pyramid_solid.uasset" 4232
"../../../Engine/Plugins/Animation/ControlRig/Content/Controls/ControlRig_QuarterCircle_3mm.uasset" 4233
"../../../Engine/Plugins/Animation/ControlRig/Content/Controls/ControlRig_QuarterCircle_1mm.uasset" 4234
"../../../Engine/Plugins/Animation/ControlRig/Content/Controls/ControlRig_RoundedSquare_1mm.uasset" 4235
"../../../Engine/Plugins/Animation/ControlRig/Content/Controls/ControlRig_QuarterCircle_solid.uasset" 4236
"../../../Engine/Plugins/Animation/ControlRig/Content/Controls/ControlRig_RoundedSquare_3mm.uasset" 4237
"../../../Engine/Plugins/Animation/ControlRig/Content/Controls/ControlRig_RoundedTriangle_1mm.uasset" 4238
"../../../Engine/Plugins/Animation/ControlRig/Content/Controls/ControlRig_RoundedSquare_solid.uasset" 4239
"../../../Engine/Plugins/Animation/ControlRig/Content/Controls/ControlRig_RoundedTriangle_3mm.uasset" 4240
"../../../Engine/Plugins/Animation/ControlRig/Content/Controls/ControlRig_Sphere_1mm.uasset" 4241
"../../../Engine/Plugins/Animation/ControlRig/Content/Controls/ControlRig_RoundedTriangle_solid.uasset" 4242
"../../../Engine/Plugins/Animation/ControlRig/Content/Controls/ControlRig_Sphere_3mm.uasset" 4243
"../../../Engine/Plugins/Animation/ControlRig/Content/Controls/ControlRig_Square_1mm.uasset" 4244
"../../../Engine/Plugins/Animation/ControlRig/Content/Controls/ControlRig_Square_3mm.uasset" 4245
"../../../Engine/Plugins/Animation/ControlRig/Content/Controls/ControlRig_Star4_1mm.uasset" 4246
"../../../Engine/Plugins/Animation/ControlRig/Content/Controls/ControlRig_Square_solid.uasset" 4247
"../../../Engine/Plugins/Animation/ControlRig/Content/Controls/ControlRig_Star4_3mm.uasset" 4248
"../../../Engine/Plugins/Animation/ControlRig/Content/Controls/ControlRig_Star4_solid.uasset" 4249
"/ControlRig/Controls/ControlRig_Star4_solid" 4250
"/ControlRig/Controls/ControlRig_Star4_3mm" 4251
"/ControlRig/Controls/ControlRig_Star4_1mm" 4252
"/ControlRig/Controls/ControlRig_Square_solid" 4253
"/ControlRig/Controls/ControlRig_Square_3mm" 4254
"/ControlRig/Controls/ControlRig_Square_1mm" 4255
"/ControlRig/Controls/ControlRig_Sphere_3mm" 4256
"/ControlRig/Controls/ControlRig_Sphere_1mm" 4257
"/ControlRig/Controls/ControlRig_RoundedTriangle_solid" 4258
"/ControlRig/Controls/ControlRig_RoundedTriangle_3mm" 4259
"/ControlRig/Controls/ControlRig_RoundedTriangle_1mm" 4260
"/ControlRig/Controls/ControlRig_RoundedSquare_solid" 4261
"/ControlRig/Controls/ControlRig_RoundedSquare_3mm" 4262
"/ControlRig/Controls/ControlRig_RoundedSquare_1mm" 4263
"/ControlRig/Controls/ControlRig_QuarterCircle_solid" 4264
"/ControlRig/Controls/ControlRig_QuarterCircle_3mm" 4265
"/ControlRig/Controls/ControlRig_QuarterCircle_1mm" 4266
"/ControlRig/Controls/ControlRig_Pyramid_solid" 4267
"/ControlRig/Controls/ControlRig_Pyramid_3mm" 4268
"/ControlRig/Controls/ControlRig_Pyramid_1mm" 4269
"/ControlRig/Controls/ControlRig_Octagon_solid" 4270
"/ControlRig/Controls/ControlRig_Octagon_3mm" 4271
"/ControlRig/Controls/ControlRig_Octagon_1mm" 4272
"/ControlRig/Controls/ControlRig_Hexagon_solid" 4273
"/ControlRig/Controls/ControlRig_Hexagon_3mm" 4274
"/ControlRig/Controls/ControlRig_Hexagon_1mm" 4275
"/ControlRig/Controls/ControlRig_HalfCircle_solid" 4276
"/ControlRig/Controls/ControlRig_HalfCircle_3mm" 4277
"/ControlRig/Controls/ControlRig_HalfCircle_1mm" 4278
"/ControlRig/Controls/ControlRig_Diamond_solid" 4279
"/ControlRig/Controls/ControlRig_Diamond_3mm" 4280
"/ControlRig/Controls/ControlRig_Diamond_1mm" 4281
"../../../Engine/Plugins/Animation/ControlRig/Content/Controls/ControlRig_Triangle_1mm.uasset" 4282
"../../../Engine/Plugins/Animation/ControlRig/Content/Controls/ControlRig_Triangle_3mm.uasset" 4283
"../../../Engine/Plugins/Animation/ControlRig/Content/Controls/ControlRig_Triangle_solid.uasset" 4284
"../../../Engine/Plugins/Animation/ControlRig/Content/Controls/ControlRig_Wedge_1mm.uasset" 4285
"../../../Engine/Plugins/Animation/ControlRig/Content/Controls/ControlRig_Wedge_solid.uasset" 4286
"../../../Engine/Plugins/Animation/ControlRig/Content/Controls/ControlRig_Wedge_3mm.uasset" 4287
"../../../Engine/Content/Maps/Entry.umap" 4288
"../../../Engine/Content/EditorMaterials/PreviewShadowIndicator.uasset" 4289
"../../../Engine/Content/EditorMaterials/PreviewShadowIndicatorMaterial.uasset" 4290
"/Engine/EditorMaterials/PreviewShadowIndicatorMaterial" 4291
"/ControlRig/Controls/ControlRig_Wedge_solid" 4292
"../../../Engine/Content/Maps/Entry_BuiltData.uasset" 4293
"../../../Engine/Content/EngineMaterials/Substrate/GLints/dict_16_192_64_0p5_0p02_0000_0000.uasset" 4294
"/ControlRig/Controls/ControlRig_Wedge_3mm" 4295
"/ControlRig/Controls/ControlRig_Wedge_1mm" 4296
"/ControlRig/Controls/ControlRig_Triangle_solid" 4297
"/ControlRig/Controls/ControlRig_Triangle_3mm" 4298
"/ControlRig/Controls/ControlRig_Triangle_1mm" 4299
"/Engine/EngineMaterials/Substrate/GLints/dict_16_192_64_0p5_0p02_0000_0000" 4300
"/Engine/Maps/Entry" 4301
"../../../Engine/Content/EngineMaterials/Substrate/GLints/dict_16_192_64_0p5_0p02_0000_0001.uasset" 4302
"../../../Engine/Content/EngineMaterials/Substrate/GLints/dict_16_192_64_0p5_0p02_0000_0002.uasset" 4303
"../../../Engine/Content/EngineMaterials/Substrate/GLints/dict_16_192_64_0p5_0p02_0000_0003.uasset" 4304
"../../../Engine/Content/EngineMaterials/Substrate/GLints/dict_16_192_64_0p5_0p02_0000_0004.uasset" 4305
"../../../Engine/Content/EngineMaterials/Substrate/GLints/dict_16_192_64_0p5_0p02_0000_0005.uasset" 4306
"../../../Engine/Content/EngineMaterials/Substrate/GLints/dict_16_192_64_0p5_0p02_0000_0006.uasset" 4307
"../../../Engine/Content/EngineMaterials/Substrate/GLints/dict_16_192_64_0p5_0p02_0000_0007.uasset" 4308
"../../../Engine/Content/EngineMaterials/Substrate/GLints/dict_16_192_64_0p5_0p02_0000_0008.uasset" 4309
"../../../Engine/Content/EngineMaterials/Substrate/GLints/dict_16_192_64_0p5_0p02_0000_0010.uasset" 4310
"../../../Engine/Content/EngineMaterials/Substrate/GLints/dict_16_192_64_0p5_0p02_0000_0009.uasset" 4311
"../../../Engine/Content/EngineMaterials/Substrate/GLints/dict_16_192_64_0p5_0p02_0000_0011.uasset" 4312
"../../../Engine/Content/EngineMaterials/Substrate/GLints/dict_16_192_64_0p5_0p02_0000_0012.uasset" 4313
"../../../Engine/Content/EngineMaterials/Substrate/GLints/dict_16_192_64_0p5_0p02_0000_0013.uasset" 4314
"../../../Engine/Content/EngineMaterials/Substrate/GLints/dict_16_192_64_0p5_0p02_0000_0014.uasset" 4315
"../../../Engine/Content/EngineMaterials/Substrate/GLints/dict_16_192_64_0p5_0p02_0000_0015.uasset" 4316
"../../../Engine/Content/EngineMaterials/Substrate/GLints/dict_16_192_64_0p5_0p02_0001_0000.uasset" 4317
"../../../Engine/Content/EngineMaterials/Substrate/GLints/dict_16_192_64_0p5_0p02_0001_0001.uasset" 4318
"../../../Engine/Content/EngineMaterials/Substrate/GLints/dict_16_192_64_0p5_0p02_0001_0002.uasset" 4319
"../../../Engine/Content/EngineMaterials/Substrate/GLints/dict_16_192_64_0p5_0p02_0001_0003.uasset" 4320
"../../../Engine/Content/EngineMaterials/Substrate/GLints/dict_16_192_64_0p5_0p02_0001_0005.uasset" 4321
"../../../Engine/Content/EngineMaterials/Substrate/GLints/dict_16_192_64_0p5_0p02_0001_0004.uasset" 4322
"../../../Engine/Content/EngineMaterials/Substrate/GLints/dict_16_192_64_0p5_0p02_0001_0006.uasset" 4323
"../../../Engine/Content/EngineMaterials/Substrate/GLints/dict_16_192_64_0p5_0p02_0001_0007.uasset" 4324
"../../../Engine/Content/EngineMaterials/Substrate/GLints/dict_16_192_64_0p5_0p02_0001_0008.uasset" 4325
"../../../Engine/Content/EngineMaterials/Substrate/GLints/dict_16_192_64_0p5_0p02_0001_0010.uasset" 4326
"../../../Engine/Content/EngineMaterials/Substrate/GLints/dict_16_192_64_0p5_0p02_0001_0009.uasset" 4327
"../../../Engine/Content/EngineMaterials/Substrate/GLints/dict_16_192_64_0p5_0p02_0001_0011.uasset" 4328
"../../../Engine/Content/EngineMaterials/Substrate/GLints/dict_16_192_64_0p5_0p02_0001_0013.uasset" 4329
"../../../Engine/Content/EngineMaterials/Substrate/GLints/dict_16_192_64_0p5_0p02_0001_0012.uasset" 4330
"../../../Engine/Content/EngineMaterials/Substrate/GLints/dict_16_192_64_0p5_0p02_0001_0014.uasset" 4331
"../../../Engine/Content/EngineMaterials/Substrate/GLints/dict_16_192_64_0p5_0p02_0001_0015.uasset" 4332
"../../../Engine/Content/EngineMaterials/Substrate/GLints/dict_16_192_64_0p5_0p02_0002_0000.uasset" 4333
"/Engine/EngineMaterials/Substrate/GLints/dict_16_192_64_0p5_0p02_0001_0005" 4334
"/Engine/EngineMaterials/Substrate/GLints/dict_16_192_64_0p5_0p02_0001_0004" 4335
"/Engine/EngineMaterials/Substrate/GLints/dict_16_192_64_0p5_0p02_0001_0003" 4336
"/Engine/EngineMaterials/Substrate/GLints/dict_16_192_64_0p5_0p02_0001_0002" 4337
"/Engine/EngineMaterials/Substrate/GLints/dict_16_192_64_0p5_0p02_0001_0001" 4338
"/Engine/EngineMaterials/Substrate/GLints/dict_16_192_64_0p5_0p02_0001_0000" 4339
"/Engine/EngineMaterials/Substrate/GLints/dict_16_192_64_0p5_0p02_0000_0015" 4340
"/Engine/EngineMaterials/Substrate/GLints/dict_16_192_64_0p5_0p02_0000_0014" 4341
"/Engine/EngineMaterials/Substrate/GLints/dict_16_192_64_0p5_0p02_0000_0013" 4342
"/Engine/EngineMaterials/Substrate/GLints/dict_16_192_64_0p5_0p02_0000_0012" 4343
"/Engine/EngineMaterials/Substrate/GLints/dict_16_192_64_0p5_0p02_0000_0011" 4344
"/Engine/EngineMaterials/Substrate/GLints/dict_16_192_64_0p5_0p02_0000_0010" 4345
"/Engine/EngineMaterials/Substrate/GLints/dict_16_192_64_0p5_0p02_0000_0009" 4346
"/Engine/EngineMaterials/Substrate/GLints/dict_16_192_64_0p5_0p02_0000_0008" 4347
"/Engine/EngineMaterials/Substrate/GLints/dict_16_192_64_0p5_0p02_0000_0007" 4348
"/Engine/EngineMaterials/Substrate/GLints/dict_16_192_64_0p5_0p02_0000_0006" 4349
"/Engine/EngineMaterials/Substrate/GLints/dict_16_192_64_0p5_0p02_0000_0005" 4350
"/Engine/EngineMaterials/Substrate/GLints/dict_16_192_64_0p5_0p02_0000_0004" 4351
"/Engine/EngineMaterials/Substrate/GLints/dict_16_192_64_0p5_0p02_0000_0003" 4352
"/Engine/EngineMaterials/Substrate/GLints/dict_16_192_64_0p5_0p02_0000_0002" 4353
"/Engine/EngineMaterials/Substrate/GLints/dict_16_192_64_0p5_0p02_0000_0001" 4354
"/Engine/EngineMaterials/Substrate/GLints/dict_16_192_64_0p5_0p02_0002_0000" 4355
"/Engine/EngineMaterials/Substrate/GLints/dict_16_192_64_0p5_0p02_0001_0013" 4356
"/Engine/EngineMaterials/Substrate/GLints/dict_16_192_64_0p5_0p02_0001_0012" 4357
"/Engine/EngineMaterials/Substrate/GLints/dict_16_192_64_0p5_0p02_0001_0015" 4358
"/Engine/EngineMaterials/Substrate/GLints/dict_16_192_64_0p5_0p02_0001_0014" 4359
"/Engine/EngineMaterials/Substrate/GLints/dict_16_192_64_0p5_0p02_0001_0011" 4360
"/Engine/EngineMaterials/Substrate/GLints/dict_16_192_64_0p5_0p02_0001_0010" 4361
"/Engine/EngineMaterials/Substrate/GLints/dict_16_192_64_0p5_0p02_0001_0009" 4362
"/Engine/EngineMaterials/Substrate/GLints/dict_16_192_64_0p5_0p02_0001_0008" 4363
"/Engine/EngineMaterials/Substrate/GLints/dict_16_192_64_0p5_0p02_0001_0007" 4364
"/Engine/EngineMaterials/Substrate/GLints/dict_16_192_64_0p5_0p02_0001_0006" 4365
"../../../Engine/Content/EngineMaterials/Substrate/GLints/dict_16_192_64_0p5_0p02_0002_0002.uasset" 4366
"../../../Engine/Content/EngineMaterials/Substrate/GLints/dict_16_192_64_0p5_0p02_0002_0001.uasset" 4367
"../../../Engine/Content/EngineMaterials/Substrate/GLints/dict_16_192_64_0p5_0p02_0002_0003.uasset" 4368
"../../../Engine/Content/EngineMaterials/Substrate/GLints/dict_16_192_64_0p5_0p02_0002_0004.uasset" 4369
"../../../Engine/Content/EngineMaterials/Substrate/GLints/dict_16_192_64_0p5_0p02_0002_0006.uasset" 4370
"../../../Engine/Content/EngineMaterials/Substrate/GLints/dict_16_192_64_0p5_0p02_0002_0005.uasset" 4371
"../../../Engine/Content/EngineMaterials/Substrate/GLints/dict_16_192_64_0p5_0p02_0002_0007.uasset" 4372
"../../../Engine/Content/EngineMaterials/Substrate/GLints/dict_16_192_64_0p5_0p02_0002_0008.uasset" 4373
"../../../Engine/Content/EngineMaterials/Substrate/GLints/dict_16_192_64_0p5_0p02_0002_0009.uasset" 4374
"../../../Engine/Content/EngineMaterials/Substrate/GLints/dict_16_192_64_0p5_0p02_0002_0010.uasset" 4375
"../../../Engine/Content/EngineMaterials/Substrate/GLints/dict_16_192_64_0p5_0p02_0002_0011.uasset" 4376
"../../../Engine/Content/EngineMaterials/Substrate/GLints/dict_16_192_64_0p5_0p02_0002_0012.uasset" 4377
"/Engine/EngineMaterials/Substrate/GLints/dict_16_192_64_0p5_0p02_0002_0012" 4378
"/Engine/EngineMaterials/Substrate/GLints/dict_16_192_64_0p5_0p02_0002_0011" 4379
"/Engine/EngineMaterials/Substrate/GLints/dict_16_192_64_0p5_0p02_0002_0010" 4380
"/Engine/EngineMaterials/Substrate/GLints/dict_16_192_64_0p5_0p02_0002_0009" 4381
"/Engine/EngineMaterials/Substrate/GLints/dict_16_192_64_0p5_0p02_0002_0008" 4382
"/Engine/EngineMaterials/Substrate/GLints/dict_16_192_64_0p5_0p02_0002_0007" 4383
"/Engine/EngineMaterials/Substrate/GLints/dict_16_192_64_0p5_0p02_0002_0006" 4384
"/Engine/EngineMaterials/Substrate/GLints/dict_16_192_64_0p5_0p02_0002_0005" 4385
"/Engine/EngineMaterials/Substrate/GLints/dict_16_192_64_0p5_0p02_0002_0004" 4386
"/Engine/EngineMaterials/Substrate/GLints/dict_16_192_64_0p5_0p02_0002_0003" 4387
"/Engine/EngineMaterials/Substrate/GLints/dict_16_192_64_0p5_0p02_0002_0002" 4388
"/Engine/EngineMaterials/Substrate/GLints/dict_16_192_64_0p5_0p02_0002_0001" 4389
"../../../Engine/Content/EngineMaterials/Substrate/GLints/dict_16_192_64_0p5_0p02_0002_0014.uasset" 4390
"../../../Engine/Content/EngineMaterials/Substrate/GLints/dict_16_192_64_0p5_0p02_0002_0013.uasset" 4391
"/Engine/EngineMaterials/Substrate/GLints/dict_16_192_64_0p5_0p02_0002_0014" 4392
"/Engine/EngineMaterials/Substrate/GLints/dict_16_192_64_0p5_0p02_0002_0013" 4393
"../../../Engine/Content/EngineMaterials/Substrate/GLints/dict_16_192_64_0p5_0p02_0003_0000.uasset" 4394
"../../../Engine/Content/EngineMaterials/Substrate/GLints/dict_16_192_64_0p5_0p02_0002_0015.uasset" 4395
"/Engine/EngineMaterials/Substrate/GLints/dict_16_192_64_0p5_0p02_0003_0000" 4396
"/Engine/EngineMaterials/Substrate/GLints/dict_16_192_64_0p5_0p02_0002_0015" 4397
"../../../Engine/Content/EngineMaterials/Substrate/GLints/dict_16_192_64_0p5_0p02_0003_0001.uasset" 4398
"../../../Engine/Content/EngineMaterials/Substrate/GLints/dict_16_192_64_0p5_0p02_0003_0002.uasset" 4399
"../../../Engine/Content/EngineMaterials/Substrate/GLints/dict_16_192_64_0p5_0p02_0003_0004.uasset" 4400
"../../../Engine/Content/EngineMaterials/Substrate/GLints/dict_16_192_64_0p5_0p02_0003_0003.uasset" 4401
"/Engine/EngineMaterials/Substrate/GLints/dict_16_192_64_0p5_0p02_0003_0004" 4402
"/Engine/EngineMaterials/Substrate/GLints/dict_16_192_64_0p5_0p02_0003_0003" 4403
"/Engine/EngineMaterials/Substrate/GLints/dict_16_192_64_0p5_0p02_0003_0002" 4404
"/Engine/EngineMaterials/Substrate/GLints/dict_16_192_64_0p5_0p02_0003_0001" 4405
"../../../Engine/Content/EngineMaterials/Substrate/GLints/dict_16_192_64_0p5_0p02_0003_0006.uasset" 4406
"../../../Engine/Content/EngineMaterials/Substrate/GLints/dict_16_192_64_0p5_0p02_0003_0005.uasset" 4407
"../../../Engine/Content/EngineMaterials/Substrate/GLints/dict_16_192_64_0p5_0p02_0003_0007.uasset" 4408
"../../../Engine/Content/EngineMaterials/Substrate/GLints/dict_16_192_64_0p5_0p02_0003_0008.uasset" 4409
"../../../Engine/Content/EngineMaterials/Substrate/GLints/dict_16_192_64_0p5_0p02_0003_0009.uasset" 4410
"../../../Engine/Content/EngineMaterials/Substrate/GLints/dict_16_192_64_0p5_0p02_0003_0010.uasset" 4411
"../../../Engine/Content/EngineMaterials/Substrate/GLints/dict_16_192_64_0p5_0p02_0003_0011.uasset" 4412
"../../../Engine/Content/EngineMaterials/Substrate/GLints/dict_16_192_64_0p5_0p02_0003_0012.uasset" 4413
"../../../Engine/Content/EngineMaterials/Substrate/GLints/dict_16_192_64_0p5_0p02_0003_0014.uasset" 4414
"../../../Engine/Content/EngineMaterials/Substrate/GLints/dict_16_192_64_0p5_0p02_0003_0013.uasset" 4415
"../../../Engine/Content/EngineMaterials/Substrate/GLints/dict_16_192_64_0p5_0p02_0003_0015.uasset" 4416
"../../../Engine/Content/EngineMaterials/Substrate/GLints/dict_16_192_64_0p5_0p02_0004_0000.uasset" 4417
"../../../Engine/Content/EngineMaterials/Substrate/GLints/dict_16_192_64_0p5_0p02_0004_0001.uasset" 4418
"../../../Engine/Content/EngineMaterials/Substrate/GLints/dict_16_192_64_0p5_0p02_0004_0002.uasset" 4419
"../../../Engine/Content/EngineMaterials/Substrate/GLints/dict_16_192_64_0p5_0p02_0004_0003.uasset" 4420
"../../../Engine/Content/EngineMaterials/Substrate/GLints/dict_16_192_64_0p5_0p02_0004_0004.uasset" 4421
"../../../Engine/Content/EngineMaterials/Substrate/GLints/dict_16_192_64_0p5_0p02_0004_0005.uasset" 4422
"../../../Engine/Content/EngineMaterials/Substrate/GLints/dict_16_192_64_0p5_0p02_0004_0006.uasset" 4423
"../../../Engine/Content/EngineMaterials/Substrate/GLints/dict_16_192_64_0p5_0p02_0004_0008.uasset" 4424
"../../../Engine/Content/EngineMaterials/Substrate/GLints/dict_16_192_64_0p5_0p02_0004_0007.uasset" 4425
"../../../Engine/Content/EngineMaterials/Substrate/GLints/dict_16_192_64_0p5_0p02_0004_0009.uasset" 4426
"/Engine/EngineMaterials/Substrate/GLints/dict_16_192_64_0p5_0p02_0004_0000" 4427
"/Engine/EngineMaterials/Substrate/GLints/dict_16_192_64_0p5_0p02_0003_0015" 4428
"/Engine/EngineMaterials/Substrate/GLints/dict_16_192_64_0p5_0p02_0003_0014" 4429
"/Engine/EngineMaterials/Substrate/GLints/dict_16_192_64_0p5_0p02_0003_0013" 4430
"/Engine/EngineMaterials/Substrate/GLints/dict_16_192_64_0p5_0p02_0003_0012" 4431
"/Engine/EngineMaterials/Substrate/GLints/dict_16_192_64_0p5_0p02_0003_0011" 4432
"/Engine/EngineMaterials/Substrate/GLints/dict_16_192_64_0p5_0p02_0003_0010" 4433
"/Engine/EngineMaterials/Substrate/GLints/dict_16_192_64_0p5_0p02_0003_0009" 4434
"../../../Engine/Content/EngineMaterials/Substrate/GLints/dict_16_192_64_0p5_0p02_0004_0010.uasset" 4435
"/Engine/EngineMaterials/Substrate/GLints/dict_16_192_64_0p5_0p02_0003_0008" 4436
"/Engine/EngineMaterials/Substrate/GLints/dict_16_192_64_0p5_0p02_0003_0007" 4437
"/Engine/EngineMaterials/Substrate/GLints/dict_16_192_64_0p5_0p02_0003_0006" 4438
"/Engine/EngineMaterials/Substrate/GLints/dict_16_192_64_0p5_0p02_0003_0005" 4439
"/Engine/EngineMaterials/Substrate/GLints/dict_16_192_64_0p5_0p02_0004_0009" 4440
"/Engine/EngineMaterials/Substrate/GLints/dict_16_192_64_0p5_0p02_0004_0008" 4441
"/Engine/EngineMaterials/Substrate/GLints/dict_16_192_64_0p5_0p02_0004_0007" 4442
"../../../Engine/Content/EngineMaterials/Substrate/GLints/dict_16_192_64_0p5_0p02_0004_0011.uasset" 4443
"/Engine/EngineMaterials/Substrate/GLints/dict_16_192_64_0p5_0p02_0004_0006" 4444
"/Engine/EngineMaterials/Substrate/GLints/dict_16_192_64_0p5_0p02_0004_0005" 4445
"/Engine/EngineMaterials/Substrate/GLints/dict_16_192_64_0p5_0p02_0004_0004" 4446
"/Engine/EngineMaterials/Substrate/GLints/dict_16_192_64_0p5_0p02_0004_0003" 4447
"../../../Engine/Content/EngineMaterials/Substrate/GLints/dict_16_192_64_0p5_0p02_0004_0013.uasset" 4448
"/Engine/EngineMaterials/Substrate/GLints/dict_16_192_64_0p5_0p02_0004_0002" 4449
"/Engine/EngineMaterials/Substrate/GLints/dict_16_192_64_0p5_0p02_0004_0001" 4450
"/Engine/EngineMaterials/Substrate/GLints/dict_16_192_64_0p5_0p02_0004_0013" 4451
"/Engine/EngineMaterials/Substrate/GLints/dict_16_192_64_0p5_0p02_0004_0011" 4452
"/Engine/EngineMaterials/Substrate/GLints/dict_16_192_64_0p5_0p02_0004_0010" 4453
"../../../Engine/Content/EngineMaterials/Substrate/GLints/dict_16_192_64_0p5_0p02_0004_0014.uasset" 4454
"/Engine/EngineMaterials/Substrate/GLints/dict_16_192_64_0p5_0p02_0004_0014" 4455
"../../../Engine/Content/EngineMaterials/Substrate/GLints/dict_16_192_64_0p5_0p02_0004_0015.uasset" 4456
"../../../Engine/Content/EngineMaterials/Substrate/GLints/dict_16_192_64_0p5_0p02_0004_0012.uasset" 4457
"../../../Engine/Content/EngineMaterials/Substrate/GLints/dict_16_192_64_0p5_0p02_0005_0000.uasset" 4458
"../../../Engine/Content/EngineMaterials/Substrate/GLints/dict_16_192_64_0p5_0p02_0005_0001.uasset" 4459
"../../../Engine/Content/EngineMaterials/Substrate/GLints/dict_16_192_64_0p5_0p02_0005_0002.uasset" 4460
"../../../Engine/Content/EngineMaterials/Substrate/GLints/dict_16_192_64_0p5_0p02_0005_0004.uasset" 4461
"../../../Engine/Content/EngineMaterials/Substrate/GLints/dict_16_192_64_0p5_0p02_0005_0003.uasset" 4462
"/Engine/EngineMaterials/Substrate/GLints/dict_16_192_64_0p5_0p02_0005_0004" 4463
"/Engine/EngineMaterials/Substrate/GLints/dict_16_192_64_0p5_0p02_0005_0003" 4464
"/Engine/EngineMaterials/Substrate/GLints/dict_16_192_64_0p5_0p02_0005_0002" 4465
"/Engine/EngineMaterials/Substrate/GLints/dict_16_192_64_0p5_0p02_0005_0001" 4466
"/Engine/EngineMaterials/Substrate/GLints/dict_16_192_64_0p5_0p02_0005_0000" 4467
"/Engine/EngineMaterials/Substrate/GLints/dict_16_192_64_0p5_0p02_0004_0015" 4468
"/Engine/EngineMaterials/Substrate/GLints/dict_16_192_64_0p5_0p02_0004_0012" 4469
"../../../Engine/Content/EngineMaterials/Substrate/GLints/dict_16_192_64_0p5_0p02_0005_0006.uasset" 4470
"../../../Engine/Content/EngineMaterials/Substrate/GLints/dict_16_192_64_0p5_0p02_0005_0007.uasset" 4471
"../../../Engine/Content/EngineMaterials/Substrate/GLints/dict_16_192_64_0p5_0p02_0005_0005.uasset" 4472
"../../../Engine/Content/EngineMaterials/Substrate/GLints/dict_16_192_64_0p5_0p02_0005_0009.uasset" 4473
"../../../Engine/Content/EngineMaterials/Substrate/GLints/dict_16_192_64_0p5_0p02_0005_0010.uasset" 4474
"../../../Engine/Content/EngineMaterials/Substrate/GLints/dict_16_192_64_0p5_0p02_0005_0008.uasset" 4475
"../../../Engine/Content/EngineMaterials/Substrate/GLints/dict_16_192_64_0p5_0p02_0005_0012.uasset" 4476
"../../../Engine/Content/EngineMaterials/Substrate/GLints/dict_16_192_64_0p5_0p02_0005_0014.uasset" 4477
"../../../Engine/Content/EngineMaterials/Substrate/GLints/dict_16_192_64_0p5_0p02_0005_0013.uasset" 4478
"../../../Engine/Content/EngineMaterials/Substrate/GLints/dict_16_192_64_0p5_0p02_0005_0011.uasset" 4479
"../../../Engine/Content/EngineMaterials/Substrate/GLints/dict_16_192_64_0p5_0p02_0005_0015.uasset" 4480
"../../../Engine/Content/EngineMaterials/Substrate/GLints/dict_16_192_64_0p5_0p02_0006_0001.uasset" 4481
"../../../Engine/Content/EngineMaterials/Substrate/GLints/dict_16_192_64_0p5_0p02_0006_0003.uasset" 4482
"../../../Engine/Content/EngineMaterials/Substrate/GLints/dict_16_192_64_0p5_0p02_0006_0000.uasset" 4483
"../../../Engine/Content/EngineMaterials/Substrate/GLints/dict_16_192_64_0p5_0p02_0006_0002.uasset" 4484
"../../../Engine/Content/EngineMaterials/Substrate/GLints/dict_16_192_64_0p5_0p02_0006_0006.uasset" 4485
"../../../Engine/Content/EngineMaterials/Substrate/GLints/dict_16_192_64_0p5_0p02_0006_0008.uasset" 4486
"../../../Engine/Content/EngineMaterials/Substrate/GLints/dict_16_192_64_0p5_0p02_0006_0005.uasset" 4487
"../../../Engine/Content/EngineMaterials/Substrate/GLints/dict_16_192_64_0p5_0p02_0006_0004.uasset" 4488
"../../../Engine/Content/EngineMaterials/Substrate/GLints/dict_16_192_64_0p5_0p02_0006_0007.uasset" 4489
"/Engine/EngineMaterials/Substrate/GLints/dict_16_192_64_0p5_0p02_0006_0008" 4490
"/Engine/EngineMaterials/Substrate/GLints/dict_16_192_64_0p5_0p02_0006_0007" 4491
"/Engine/EngineMaterials/Substrate/GLints/dict_16_192_64_0p5_0p02_0006_0006" 4492
"/Engine/EngineMaterials/Substrate/GLints/dict_16_192_64_0p5_0p02_0006_0005" 4493
"/Engine/EngineMaterials/Substrate/GLints/dict_16_192_64_0p5_0p02_0006_0003" 4494
"/Engine/EngineMaterials/Substrate/GLints/dict_16_192_64_0p5_0p02_0006_0002" 4495
"/Engine/EngineMaterials/Substrate/GLints/dict_16_192_64_0p5_0p02_0006_0001" 4496
"/Engine/EngineMaterials/Substrate/GLints/dict_16_192_64_0p5_0p02_0006_0000" 4497
"/Engine/EngineMaterials/Substrate/GLints/dict_16_192_64_0p5_0p02_0005_0015" 4498
"/Engine/EngineMaterials/Substrate/GLints/dict_16_192_64_0p5_0p02_0005_0014" 4499
"/Engine/EngineMaterials/Substrate/GLints/dict_16_192_64_0p5_0p02_0005_0013" 4500
"/Engine/EngineMaterials/Substrate/GLints/dict_16_192_64_0p5_0p02_0005_0012" 4501
"/Engine/EngineMaterials/Substrate/GLints/dict_16_192_64_0p5_0p02_0005_0011" 4502
"/Engine/EngineMaterials/Substrate/GLints/dict_16_192_64_0p5_0p02_0005_0010" 4503
"/Engine/EngineMaterials/Substrate/GLints/dict_16_192_64_0p5_0p02_0005_0009" 4504
"/Engine/EngineMaterials/Substrate/GLints/dict_16_192_64_0p5_0p02_0005_0008" 4505
"/Engine/EngineMaterials/Substrate/GLints/dict_16_192_64_0p5_0p02_0005_0007" 4506
"/Engine/EngineMaterials/Substrate/GLints/dict_16_192_64_0p5_0p02_0005_0006" 4507
"../../../Engine/Content/EngineMaterials/Substrate/GLints/dict_16_192_64_0p5_0p02_0006_0010.uasset" 4508
"/Engine/EngineMaterials/Substrate/GLints/dict_16_192_64_0p5_0p02_0005_0005" 4509
"/Engine/EngineMaterials/Substrate/GLints/dict_16_192_64_0p5_0p02_0006_0004" 4510
"../../../Engine/Content/EngineMaterials/Substrate/GLints/dict_16_192_64_0p5_0p02_0006_0013.uasset" 4511
"../../../Engine/Content/EngineMaterials/Substrate/GLints/dict_16_192_64_0p5_0p02_0006_0009.uasset" 4512
"../../../Engine/Content/EngineMaterials/Substrate/GLints/dict_16_192_64_0p5_0p02_0006_0014.uasset" 4513
"/Engine/EngineMaterials/Substrate/GLints/dict_16_192_64_0p5_0p02_0006_0010" 4514
"/Engine/EngineMaterials/Substrate/GLints/dict_16_192_64_0p5_0p02_0006_0009" 4515
"../../../Engine/Content/EngineMaterials/Substrate/GLints/dict_16_192_64_0p5_0p02_0006_0012.uasset" 4516
"/Engine/EngineMaterials/Substrate/GLints/dict_16_192_64_0p5_0p02_0006_0013" 4517
"/Engine/EngineMaterials/Substrate/GLints/dict_16_192_64_0p5_0p02_0006_0014" 4518
"../../../Engine/Content/EngineMaterials/Substrate/GLints/dict_16_192_64_0p5_0p02_0006_0011.uasset" 4519
"/Engine/EngineMaterials/Substrate/GLints/dict_16_192_64_0p5_0p02_0006_0012" 4520
"/Engine/EngineMaterials/Substrate/GLints/dict_16_192_64_0p5_0p02_0006_0011" 4521
"../../../Engine/Content/EngineMaterials/Substrate/GLints/dict_16_192_64_0p5_0p02_0007_0001.uasset" 4522
"../../../Engine/Content/EngineMaterials/Substrate/GLints/dict_16_192_64_0p5_0p02_0007_0000.uasset" 4523
"../../../Engine/Content/EngineMaterials/Substrate/GLints/dict_16_192_64_0p5_0p02_0007_0002.uasset" 4524
"../../../Engine/Content/EngineMaterials/Substrate/GLints/dict_16_192_64_0p5_0p02_0007_0003.uasset" 4525
"/Engine/EngineMaterials/Substrate/GLints/dict_16_192_64_0p5_0p02_0007_0003" 4526
"/Engine/EngineMaterials/Substrate/GLints/dict_16_192_64_0p5_0p02_0007_0002" 4527
"../../../Engine/Content/EngineMaterials/Substrate/GLints/dict_16_192_64_0p5_0p02_0006_0015.uasset" 4528
"/Engine/EngineMaterials/Substrate/GLints/dict_16_192_64_0p5_0p02_0007_0001" 4529
"/Engine/EngineMaterials/Substrate/GLints/dict_16_192_64_0p5_0p02_0007_0000" 4530
"/Engine/EngineMaterials/Substrate/GLints/dict_16_192_64_0p5_0p02_0006_0015" 4531
"../../../Engine/Content/EngineMaterials/Substrate/GLints/dict_16_192_64_0p5_0p02_0007_0004.uasset" 4532
"../../../Engine/Content/EngineMaterials/Substrate/GLints/dict_16_192_64_0p5_0p02_0007_0005.uasset" 4533
"../../../Engine/Content/EngineMaterials/Substrate/GLints/dict_16_192_64_0p5_0p02_0007_0006.uasset" 4534
"../../../Engine/Content/EngineMaterials/Substrate/GLints/dict_16_192_64_0p5_0p02_0007_0008.uasset" 4535
"../../../Engine/Content/EngineMaterials/Substrate/GLints/dict_16_192_64_0p5_0p02_0007_0009.uasset" 4536
"../../../Engine/Content/EngineMaterials/Substrate/GLints/dict_16_192_64_0p5_0p02_0007_0007.uasset" 4537
"../../../Engine/Content/EngineMaterials/Substrate/GLints/dict_16_192_64_0p5_0p02_0007_0010.uasset" 4538
"/Engine/EngineMaterials/Substrate/GLints/dict_16_192_64_0p5_0p02_0007_0004" 4539
"../../../Engine/Content/EngineMaterials/Substrate/GLints/dict_16_192_64_0p5_0p02_0007_0011.uasset" 4540
"/Engine/EngineMaterials/Substrate/GLints/dict_16_192_64_0p5_0p02_0007_0010" 4541
"/Engine/EngineMaterials/Substrate/GLints/dict_16_192_64_0p5_0p02_0007_0009" 4542
"/Engine/EngineMaterials/Substrate/GLints/dict_16_192_64_0p5_0p02_0007_0008" 4543
"/Engine/EngineMaterials/Substrate/GLints/dict_16_192_64_0p5_0p02_0007_0007" 4544
"/Engine/EngineMaterials/Substrate/GLints/dict_16_192_64_0p5_0p02_0007_0006" 4545
"/Engine/EngineMaterials/Substrate/GLints/dict_16_192_64_0p5_0p02_0007_0005" 4546
"/Engine/EngineMaterials/Substrate/GLints/dict_16_192_64_0p5_0p02_0007_0011" 4547
"../../../Engine/Content/EngineMaterials/Substrate/GLints/dict_16_192_64_0p5_0p02_0007_0014.uasset" 4548
"../../../Engine/Content/EngineMaterials/Substrate/GLints/dict_16_192_64_0p5_0p02_0007_0012.uasset" 4549
"../../../Engine/Content/EngineMaterials/Substrate/GLints/dict_16_192_64_0p5_0p02_0007_0015.uasset" 4550
"../../../Engine/Content/EngineMaterials/Substrate/GLints/dict_16_192_64_0p5_0p02_0007_0013.uasset" 4551
"../../../Engine/Content/EngineMaterials/Substrate/GLints/dict_16_192_64_0p5_0p02_0008_0000.uasset" 4552
"../../../Engine/Content/EngineMaterials/Substrate/GLints/dict_16_192_64_0p5_0p02_0008_0001.uasset" 4553
"../../../Engine/Content/EngineMaterials/Substrate/GLints/dict_16_192_64_0p5_0p02_0008_0004.uasset" 4554
"../../../Engine/Content/EngineMaterials/Substrate/GLints/dict_16_192_64_0p5_0p02_0008_0002.uasset" 4555
"../../../Engine/Content/EngineMaterials/Substrate/GLints/dict_16_192_64_0p5_0p02_0008_0003.uasset" 4556
"/Engine/EngineMaterials/Substrate/GLints/dict_16_192_64_0p5_0p02_0008_0004" 4557
"/Engine/EngineMaterials/Substrate/GLints/dict_16_192_64_0p5_0p02_0008_0003" 4558
"/Engine/EngineMaterials/Substrate/GLints/dict_16_192_64_0p5_0p02_0008_0002" 4559
"/Engine/EngineMaterials/Substrate/GLints/dict_16_192_64_0p5_0p02_0008_0001" 4560
"/Engine/EngineMaterials/Substrate/GLints/dict_16_192_64_0p5_0p02_0008_0000" 4561
"/Engine/EngineMaterials/Substrate/GLints/dict_16_192_64_0p5_0p02_0007_0015" 4562
"/Engine/EngineMaterials/Substrate/GLints/dict_16_192_64_0p5_0p02_0007_0014" 4563
"/Engine/EngineMaterials/Substrate/GLints/dict_16_192_64_0p5_0p02_0007_0013" 4564
"/Engine/EngineMaterials/Substrate/GLints/dict_16_192_64_0p5_0p02_0007_0012" 4565
"../../../Engine/Content/EngineMaterials/Substrate/GLints/dict_16_192_64_0p5_0p02_0008_0005.uasset" 4566
"/Engine/EngineMaterials/Substrate/GLints/dict_16_192_64_0p5_0p02_0008_0005" 4567
"../../../Engine/Content/EngineMaterials/Substrate/GLints/dict_16_192_64_0p5_0p02_0008_0006.uasset" 4568
"../../../Engine/Content/EngineMaterials/Substrate/GLints/dict_16_192_64_0p5_0p02_0008_0009.uasset" 4569
"../../../Engine/Content/EngineMaterials/Substrate/GLints/dict_16_192_64_0p5_0p02_0008_0007.uasset" 4570
"../../../Engine/Content/EngineMaterials/Substrate/GLints/dict_16_192_64_0p5_0p02_0008_0008.uasset" 4571
"../../../Engine/Content/EngineMaterials/Substrate/GLints/dict_16_192_64_0p5_0p02_0008_0010.uasset" 4572
"../../../Engine/Content/EngineMaterials/Substrate/GLints/dict_16_192_64_0p5_0p02_0008_0013.uasset" 4573
"../../../Engine/Content/EngineMaterials/Substrate/GLints/dict_16_192_64_0p5_0p02_0008_0011.uasset" 4574
"../../../Engine/Content/EngineMaterials/Substrate/GLints/dict_16_192_64_0p5_0p02_0008_0012.uasset" 4575
"/Engine/EngineMaterials/Substrate/GLints/dict_16_192_64_0p5_0p02_0008_0012" 4576
"/Engine/EngineMaterials/Substrate/GLints/dict_16_192_64_0p5_0p02_0008_0007" 4577
"/Engine/EngineMaterials/Substrate/GLints/dict_16_192_64_0p5_0p02_0008_0006" 4578
"/Engine/EngineMaterials/Substrate/GLints/dict_16_192_64_0p5_0p02_0008_0009" 4579
"/Engine/EngineMaterials/Substrate/GLints/dict_16_192_64_0p5_0p02_0008_0011" 4580
"/Engine/EngineMaterials/Substrate/GLints/dict_16_192_64_0p5_0p02_0008_0010" 4581
"/Engine/EngineMaterials/Substrate/GLints/dict_16_192_64_0p5_0p02_0008_0013" 4582
"/Engine/EngineMaterials/Substrate/GLints/dict_16_192_64_0p5_0p02_0008_0008" 4583
"../../../Engine/Content/EngineMaterials/Substrate/GLints/dict_16_192_64_0p5_0p02_0008_0015.uasset" 4584
"../../../Engine/Content/EngineMaterials/Substrate/GLints/dict_16_192_64_0p5_0p02_0009_0002.uasset" 4585
"../../../Engine/Content/EngineMaterials/Substrate/GLints/dict_16_192_64_0p5_0p02_0009_0000.uasset" 4586
"../../../Engine/Content/EngineMaterials/Substrate/GLints/dict_16_192_64_0p5_0p02_0009_0001.uasset" 4587
"../../../Engine/Content/EngineMaterials/Substrate/GLints/dict_16_192_64_0p5_0p02_0008_0014.uasset" 4588
"../../../Engine/Content/EngineMaterials/Substrate/GLints/dict_16_192_64_0p5_0p02_0009_0003.uasset" 4589
"/Engine/EngineMaterials/Substrate/GLints/dict_16_192_64_0p5_0p02_0009_0002" 4590
"/Engine/EngineMaterials/Substrate/GLints/dict_16_192_64_0p5_0p02_0009_0001" 4591
"/Engine/EngineMaterials/Substrate/GLints/dict_16_192_64_0p5_0p02_0009_0000" 4592
"/Engine/EngineMaterials/Substrate/GLints/dict_16_192_64_0p5_0p02_0008_0015" 4593
"/Engine/EngineMaterials/Substrate/GLints/dict_16_192_64_0p5_0p02_0009_0003" 4594
"/Engine/EngineMaterials/Substrate/GLints/dict_16_192_64_0p5_0p02_0008_0014" 4595
"../../../Engine/Content/EngineMaterials/Substrate/GLints/dict_16_192_64_0p5_0p02_0009_0005.uasset" 4596
"../../../Engine/Content/EngineMaterials/Substrate/GLints/dict_16_192_64_0p5_0p02_0009_0006.uasset" 4597
"../../../Engine/Content/EngineMaterials/Substrate/GLints/dict_16_192_64_0p5_0p02_0009_0004.uasset" 4598
"../../../Engine/Content/EngineMaterials/Substrate/GLints/dict_16_192_64_0p5_0p02_0009_0007.uasset" 4599
"/Engine/EngineMaterials/Substrate/GLints/dict_16_192_64_0p5_0p02_0009_0007" 4600
"/Engine/EngineMaterials/Substrate/GLints/dict_16_192_64_0p5_0p02_0009_0006" 4601
"/Engine/EngineMaterials/Substrate/GLints/dict_16_192_64_0p5_0p02_0009_0005" 4602
"/Engine/EngineMaterials/Substrate/GLints/dict_16_192_64_0p5_0p02_0009_0004" 4603
"../../../Engine/Content/EngineMaterials/Substrate/GLints/dict_16_192_64_0p5_0p02_0009_0008.uasset" 4604
"../../../Engine/Content/EngineMaterials/Substrate/GLints/dict_16_192_64_0p5_0p02_0009_0012.uasset" 4605
"../../../Engine/Content/EngineMaterials/Substrate/GLints/dict_16_192_64_0p5_0p02_0009_0009.uasset" 4606
"../../../Engine/Content/EngineMaterials/Substrate/GLints/dict_16_192_64_0p5_0p02_0009_0011.uasset" 4607
"../../../Engine/Content/EngineMaterials/Substrate/GLints/dict_16_192_64_0p5_0p02_0009_0010.uasset" 4608
"/Engine/EngineMaterials/Substrate/GLints/dict_16_192_64_0p5_0p02_0009_0010" 4609
"/Engine/EngineMaterials/Substrate/GLints/dict_16_192_64_0p5_0p02_0009_0012" 4610
"/Engine/EngineMaterials/Substrate/GLints/dict_16_192_64_0p5_0p02_0009_0011" 4611
"/Engine/EngineMaterials/Substrate/GLints/dict_16_192_64_0p5_0p02_0009_0009" 4612
"/Engine/EngineMaterials/Substrate/GLints/dict_16_192_64_0p5_0p02_0009_0008" 4613
"../../../Engine/Content/EngineMaterials/Substrate/GLints/dict_16_192_64_0p5_0p02_0009_0013.uasset" 4614
"../../../Engine/Content/EngineMaterials/Substrate/GLints/dict_16_192_64_0p5_0p02_0009_0014.uasset" 4615
"../../../Engine/Content/EngineMaterials/Substrate/GLints/dict_16_192_64_0p5_0p02_0010_0001.uasset" 4616
"../../../Engine/Content/EngineMaterials/Substrate/GLints/dict_16_192_64_0p5_0p02_0009_0015.uasset" 4617
"../../../Engine/Content/EngineMaterials/Substrate/GLints/dict_16_192_64_0p5_0p02_0010_0000.uasset" 4618
"../../../Engine/Content/EngineMaterials/Substrate/GLints/dict_16_192_64_0p5_0p02_0010_0002.uasset" 4619
"../../../Engine/Content/EngineMaterials/Substrate/GLints/dict_16_192_64_0p5_0p02_0010_0005.uasset" 4620
"../../../Engine/Content/EngineMaterials/Substrate/GLints/dict_16_192_64_0p5_0p02_0010_0003.uasset" 4621
"../../../Engine/Content/EngineMaterials/Substrate/GLints/dict_16_192_64_0p5_0p02_0010_0006.uasset" 4622
"../../../Engine/Content/EngineMaterials/Substrate/GLints/dict_16_192_64_0p5_0p02_0010_0004.uasset" 4623
"/Engine/EngineMaterials/Substrate/GLints/dict_16_192_64_0p5_0p02_0010_0005" 4624
"/Engine/EngineMaterials/Substrate/GLints/dict_16_192_64_0p5_0p02_0010_0004" 4625
"/Engine/EngineMaterials/Substrate/GLints/dict_16_192_64_0p5_0p02_0010_0003" 4626
"/Engine/EngineMaterials/Substrate/GLints/dict_16_192_64_0p5_0p02_0010_0002" 4627
"/Engine/EngineMaterials/Substrate/GLints/dict_16_192_64_0p5_0p02_0010_0001" 4628
"/Engine/EngineMaterials/Substrate/GLints/dict_16_192_64_0p5_0p02_0010_0000" 4629
"/Engine/EngineMaterials/Substrate/GLints/dict_16_192_64_0p5_0p02_0009_0015" 4630
"/Engine/EngineMaterials/Substrate/GLints/dict_16_192_64_0p5_0p02_0009_0014" 4631
"../../../Engine/Content/EngineMaterials/Substrate/GLints/dict_16_192_64_0p5_0p02_0010_0008.uasset" 4632
"/Engine/EngineMaterials/Substrate/GLints/dict_16_192_64_0p5_0p02_0010_0006" 4633
"../../../Engine/Content/EngineMaterials/Substrate/GLints/dict_16_192_64_0p5_0p02_0010_0007.uasset" 4634
"/Engine/EngineMaterials/Substrate/GLints/dict_16_192_64_0p5_0p02_0009_0013" 4635
"/Engine/EngineMaterials/Substrate/GLints/dict_16_192_64_0p5_0p02_0010_0008" 4636
"../../../Engine/Content/EngineMaterials/Substrate/GLints/dict_16_192_64_0p5_0p02_0010_0009.uasset" 4637
"../../../Engine/Content/EngineMaterials/Substrate/GLints/dict_16_192_64_0p5_0p02_0010_0010.uasset" 4638
"/Engine/EngineMaterials/Substrate/GLints/dict_16_192_64_0p5_0p02_0010_0007" 4639
"/Engine/EngineMaterials/Substrate/GLints/dict_16_192_64_0p5_0p02_0010_0010" 4640
"/Engine/EngineMaterials/Substrate/GLints/dict_16_192_64_0p5_0p02_0010_0009" 4641
"../../../Engine/Content/EngineMaterials/Substrate/GLints/dict_16_192_64_0p5_0p02_0010_0011.uasset" 4642
"../../../Engine/Content/EngineMaterials/Substrate/GLints/dict_16_192_64_0p5_0p02_0010_0012.uasset" 4643
"../../../Engine/Content/EngineMaterials/Substrate/GLints/dict_16_192_64_0p5_0p02_0010_0013.uasset" 4644
"../../../Engine/Content/EngineMaterials/Substrate/GLints/dict_16_192_64_0p5_0p02_0010_0014.uasset" 4645
"../../../Engine/Content/EngineMaterials/Substrate/GLints/dict_16_192_64_0p5_0p02_0010_0015.uasset" 4646
"/Engine/EngineMaterials/Substrate/GLints/dict_16_192_64_0p5_0p02_0010_0013" 4647
"../../../Engine/Content/EngineMaterials/Substrate/GLints/dict_16_192_64_0p5_0p02_0011_0002.uasset" 4648
"../../../Engine/Content/EngineMaterials/Substrate/GLints/dict_16_192_64_0p5_0p02_0011_0001.uasset" 4649
"/Engine/EngineMaterials/Substrate/GLints/dict_16_192_64_0p5_0p02_0010_0012" 4650
"../../../Engine/Content/EngineMaterials/Substrate/GLints/dict_16_192_64_0p5_0p02_0011_0004.uasset" 4651
"../../../Engine/Content/EngineMaterials/Substrate/GLints/dict_16_192_64_0p5_0p02_0011_0000.uasset" 4652
"/Engine/EngineMaterials/Substrate/GLints/dict_16_192_64_0p5_0p02_0010_0011" 4653
"../../../Engine/Content/EngineMaterials/Substrate/GLints/dict_16_192_64_0p5_0p02_0011_0003.uasset" 4654
"/Engine/EngineMaterials/Substrate/GLints/dict_16_192_64_0p5_0p02_0010_0015" 4655
"/Engine/EngineMaterials/Substrate/GLints/dict_16_192_64_0p5_0p02_0010_0014" 4656
"/Engine/EngineMaterials/Substrate/GLints/dict_16_192_64_0p5_0p02_0011_0003" 4657
"/Engine/EngineMaterials/Substrate/GLints/dict_16_192_64_0p5_0p02_0011_0002" 4658
"/Engine/EngineMaterials/Substrate/GLints/dict_16_192_64_0p5_0p02_0011_0001" 4659
"/Engine/EngineMaterials/Substrate/GLints/dict_16_192_64_0p5_0p02_0011_0000" 4660
"/Engine/EngineMaterials/Substrate/GLints/dict_16_192_64_0p5_0p02_0011_0004" 4661
"../../../Engine/Content/EngineMaterials/Substrate/GLints/dict_16_192_64_0p5_0p02_0011_0006.uasset" 4662
"../../../Engine/Content/EngineMaterials/Substrate/GLints/dict_16_192_64_0p5_0p02_0011_0008.uasset" 4663
"../../../Engine/Content/EngineMaterials/Substrate/GLints/dict_16_192_64_0p5_0p02_0011_0005.uasset" 4664
"../../../Engine/Content/EngineMaterials/Substrate/GLints/dict_16_192_64_0p5_0p02_0011_0009.uasset" 4665
"../../../Engine/Content/EngineMaterials/Substrate/GLints/dict_16_192_64_0p5_0p02_0011_0007.uasset" 4666
"/Engine/EngineMaterials/Substrate/GLints/dict_16_192_64_0p5_0p02_0011_0009" 4667
"/Engine/EngineMaterials/Substrate/GLints/dict_16_192_64_0p5_0p02_0011_0008" 4668
"/Engine/EngineMaterials/Substrate/GLints/dict_16_192_64_0p5_0p02_0011_0007" 4669
"/Engine/EngineMaterials/Substrate/GLints/dict_16_192_64_0p5_0p02_0011_0006" 4670
"../../../Engine/Content/EngineMaterials/Substrate/GLints/dict_16_192_64_0p5_0p02_0011_0010.uasset" 4671
"../../../Engine/Content/EngineMaterials/Substrate/GLints/dict_16_192_64_0p5_0p02_0011_0012.uasset" 4672
"/Engine/EngineMaterials/Substrate/GLints/dict_16_192_64_0p5_0p02_0011_0005" 4673
"../../../Engine/Content/EngineMaterials/Substrate/GLints/dict_16_192_64_0p5_0p02_0011_0014.uasset" 4674
"/Engine/EngineMaterials/Substrate/GLints/dict_16_192_64_0p5_0p02_0011_0012" 4675
"/Engine/EngineMaterials/Substrate/GLints/dict_16_192_64_0p5_0p02_0011_0014" 4676
"/Engine/EngineMaterials/Substrate/GLints/dict_16_192_64_0p5_0p02_0011_0010" 4677
"../../../Engine/Content/EngineMaterials/Substrate/GLints/dict_16_192_64_0p5_0p02_0011_0015.uasset" 4678
"../../../Engine/Content/EngineMaterials/Substrate/GLints/dict_16_192_64_0p5_0p02_0012_0001.uasset" 4679
"../../../Engine/Content/EngineMaterials/Substrate/GLints/dict_16_192_64_0p5_0p02_0011_0011.uasset" 4680
"/Engine/EngineMaterials/Substrate/GLints/dict_16_192_64_0p5_0p02_0012_0001" 4681
"/Engine/EngineMaterials/Substrate/GLints/dict_16_192_64_0p5_0p02_0011_0015" 4682
"/Engine/EngineMaterials/Substrate/GLints/dict_16_192_64_0p5_0p02_0011_0011" 4683
"../../../Engine/Content/EngineMaterials/Substrate/GLints/dict_16_192_64_0p5_0p02_0012_0003.uasset" 4684
"../../../Engine/Content/EngineMaterials/Substrate/GLints/dict_16_192_64_0p5_0p02_0012_0000.uasset" 4685
"../../../Engine/Content/EngineMaterials/Substrate/GLints/dict_16_192_64_0p5_0p02_0012_0002.uasset" 4686
"../../../Engine/Content/EngineMaterials/Substrate/GLints/dict_16_192_64_0p5_0p02_0012_0004.uasset" 4687
"/Engine/EngineMaterials/Substrate/GLints/dict_16_192_64_0p5_0p02_0012_0004" 4688
"/Engine/EngineMaterials/Substrate/GLints/dict_16_192_64_0p5_0p02_0012_0003" 4689
"/Engine/EngineMaterials/Substrate/GLints/dict_16_192_64_0p5_0p02_0012_0002" 4690
"../../../Engine/Content/EngineMaterials/Substrate/GLints/dict_16_192_64_0p5_0p02_0012_0005.uasset" 4691
"/Engine/EngineMaterials/Substrate/GLints/dict_16_192_64_0p5_0p02_0012_0000" 4692
"/Engine/EngineMaterials/Substrate/GLints/dict_16_192_64_0p5_0p02_0012_0005" 4693
"../../../Engine/Content/EngineMaterials/Substrate/GLints/dict_16_192_64_0p5_0p02_0012_0006.uasset" 4694
"../../../Engine/Content/EngineMaterials/Substrate/GLints/dict_16_192_64_0p5_0p02_0011_0013.uasset" 4695
"../../../Engine/Content/EngineMaterials/Substrate/GLints/dict_16_192_64_0p5_0p02_0012_0007.uasset" 4696
"../../../Engine/Content/EngineMaterials/Substrate/GLints/dict_16_192_64_0p5_0p02_0012_0008.uasset" 4697
"../../../Engine/Content/EngineMaterials/Substrate/GLints/dict_16_192_64_0p5_0p02_0012_0009.uasset" 4698
"../../../Engine/Content/EngineMaterials/Substrate/GLints/dict_16_192_64_0p5_0p02_0012_0012.uasset" 4699
"../../../Engine/Content/EngineMaterials/Substrate/GLints/dict_16_192_64_0p5_0p02_0012_0010.uasset" 4700
"/Engine/EngineMaterials/Substrate/GLints/dict_16_192_64_0p5_0p02_0012_0006" 4701
"/Engine/EngineMaterials/Substrate/GLints/dict_16_192_64_0p5_0p02_0012_0010" 4702
"../../../Engine/Content/EngineMaterials/Substrate/GLints/dict_16_192_64_0p5_0p02_0012_0013.uasset" 4703
"/Engine/EngineMaterials/Substrate/GLints/dict_16_192_64_0p5_0p02_0012_0012" 4704
"../../../Engine/Content/EngineMaterials/Substrate/GLints/dict_16_192_64_0p5_0p02_0012_0011.uasset" 4705
"/Engine/EngineMaterials/Substrate/GLints/dict_16_192_64_0p5_0p02_0012_0009" 4706
"/Engine/EngineMaterials/Substrate/GLints/dict_16_192_64_0p5_0p02_0012_0008" 4707
"/Engine/EngineMaterials/Substrate/GLints/dict_16_192_64_0p5_0p02_0012_0007" 4708
"/Engine/EngineMaterials/Substrate/GLints/dict_16_192_64_0p5_0p02_0011_0013" 4709
"../../../Engine/Content/EngineMaterials/Substrate/GLints/dict_16_192_64_0p5_0p02_0013_0000.uasset" 4710
"/Engine/EngineMaterials/Substrate/GLints/dict_16_192_64_0p5_0p02_0012_0013" 4711
"../../../Engine/Content/EngineMaterials/Substrate/GLints/dict_16_192_64_0p5_0p02_0012_0014.uasset" 4712
"../../../Engine/Content/EngineMaterials/Substrate/GLints/dict_16_192_64_0p5_0p02_0012_0015.uasset" 4713
"/Engine/EngineMaterials/Substrate/GLints/dict_16_192_64_0p5_0p02_0012_0011" 4714
"/Engine/EngineMaterials/Substrate/GLints/dict_16_192_64_0p5_0p02_0013_0000" 4715
"/Engine/EngineMaterials/Substrate/GLints/dict_16_192_64_0p5_0p02_0012_0015" 4716
"/Engine/EngineMaterials/Substrate/GLints/dict_16_192_64_0p5_0p02_0012_0014" 4717
"../../../Engine/Content/EngineMaterials/Substrate/GLints/dict_16_192_64_0p5_0p02_0013_0001.uasset" 4718
"../../../Engine/Content/EngineMaterials/Substrate/GLints/dict_16_192_64_0p5_0p02_0013_0002.uasset" 4719
"../../../Engine/Content/EngineMaterials/Substrate/GLints/dict_16_192_64_0p5_0p02_0013_0003.uasset" 4720
"../../../Engine/Content/EngineMaterials/Substrate/GLints/dict_16_192_64_0p5_0p02_0013_0005.uasset" 4721
"../../../Engine/Content/EngineMaterials/Substrate/GLints/dict_16_192_64_0p5_0p02_0013_0004.uasset" 4722
"../../../Engine/Content/EngineMaterials/Substrate/GLints/dict_16_192_64_0p5_0p02_0013_0006.uasset" 4723
"../../../Engine/Content/EngineMaterials/Substrate/GLints/dict_16_192_64_0p5_0p02_0013_0007.uasset" 4724
"/Engine/EngineMaterials/Substrate/GLints/dict_16_192_64_0p5_0p02_0013_0004" 4725
"/Engine/EngineMaterials/Substrate/GLints/dict_16_192_64_0p5_0p02_0013_0003" 4726
"/Engine/EngineMaterials/Substrate/GLints/dict_16_192_64_0p5_0p02_0013_0002" 4727
"/Engine/EngineMaterials/Substrate/GLints/dict_16_192_64_0p5_0p02_0013_0001" 4728
"../../../Engine/Content/EngineMaterials/Substrate/GLints/dict_16_192_64_0p5_0p02_0013_0009.uasset" 4729
"/Engine/EngineMaterials/Substrate/GLints/dict_16_192_64_0p5_0p02_0013_0007" 4730
"../../../Engine/Content/EngineMaterials/Substrate/GLints/dict_16_192_64_0p5_0p02_0013_0008.uasset" 4731
"/Engine/EngineMaterials/Substrate/GLints/dict_16_192_64_0p5_0p02_0013_0006" 4732
"/Engine/EngineMaterials/Substrate/GLints/dict_16_192_64_0p5_0p02_0013_0005" 4733
"/Engine/EngineMaterials/Substrate/GLints/dict_16_192_64_0p5_0p02_0013_0009" 4734
"../../../Engine/Content/EngineMaterials/Substrate/GLints/dict_16_192_64_0p5_0p02_0013_0010.uasset" 4735
"/Engine/EngineMaterials/Substrate/GLints/dict_16_192_64_0p5_0p02_0013_0008" 4736
"/Engine/EngineMaterials/Substrate/GLints/dict_16_192_64_0p5_0p02_0013_0010" 4737
"../../../Engine/Content/EngineMaterials/Substrate/GLints/dict_16_192_64_0p5_0p02_0013_0011.uasset" 4738
"../../../Engine/Content/EngineMaterials/Substrate/GLints/dict_16_192_64_0p5_0p02_0013_0012.uasset" 4739
"../../../Engine/Content/EngineMaterials/Substrate/GLints/dict_16_192_64_0p5_0p02_0013_0013.uasset" 4740
"../../../Engine/Content/EngineMaterials/Substrate/GLints/dict_16_192_64_0p5_0p02_0013_0014.uasset" 4741
"../../../Engine/Content/EngineMaterials/Substrate/GLints/dict_16_192_64_0p5_0p02_0014_0000.uasset" 4742
"../../../Engine/Content/EngineMaterials/Substrate/GLints/dict_16_192_64_0p5_0p02_0013_0015.uasset" 4743
"/Engine/EngineMaterials/Substrate/GLints/dict_16_192_64_0p5_0p02_0013_0015" 4744
"/Engine/EngineMaterials/Substrate/GLints/dict_16_192_64_0p5_0p02_0014_0000" 4745
"/Engine/EngineMaterials/Substrate/GLints/dict_16_192_64_0p5_0p02_0013_0014" 4746
"/Engine/EngineMaterials/Substrate/GLints/dict_16_192_64_0p5_0p02_0013_0012" 4747
"/Engine/EngineMaterials/Substrate/GLints/dict_16_192_64_0p5_0p02_0013_0011" 4748
"../../../Engine/Content/EngineMaterials/Substrate/GLints/dict_16_192_64_0p5_0p02_0014_0001.uasset" 4749
"/Engine/EngineMaterials/Substrate/GLints/dict_16_192_64_0p5_0p02_0013_0013" 4750
"/Engine/EngineMaterials/Substrate/GLints/dict_16_192_64_0p5_0p02_0014_0001" 4751
"../../../Engine/Content/EngineMaterials/Substrate/GLints/dict_16_192_64_0p5_0p02_0014_0003.uasset" 4752
"../../../Engine/Content/EngineMaterials/Substrate/GLints/dict_16_192_64_0p5_0p02_0014_0002.uasset" 4753
"../../../Engine/Content/EngineMaterials/Substrate/GLints/dict_16_192_64_0p5_0p02_0014_0004.uasset" 4754
"../../../Engine/Content/EngineMaterials/Substrate/GLints/dict_16_192_64_0p5_0p02_0014_0005.uasset" 4755
"../../../Engine/Content/EngineMaterials/Substrate/GLints/dict_16_192_64_0p5_0p02_0014_0006.uasset" 4756
"../../../Engine/Content/EngineMaterials/Substrate/GLints/dict_16_192_64_0p5_0p02_0014_0008.uasset" 4757
"../../../Engine/Content/EngineMaterials/Substrate/GLints/dict_16_192_64_0p5_0p02_0014_0007.uasset" 4758
"../../../Engine/Content/EngineMaterials/Substrate/GLints/dict_16_192_64_0p5_0p02_0014_0009.uasset" 4759
"/Engine/EngineMaterials/Substrate/GLints/dict_16_192_64_0p5_0p02_0014_0004" 4760
"/Engine/EngineMaterials/Substrate/GLints/dict_16_192_64_0p5_0p02_0014_0003" 4761
"/Engine/EngineMaterials/Substrate/GLints/dict_16_192_64_0p5_0p02_0014_0002" 4762
"../../../Engine/Content/EngineMaterials/Substrate/GLints/dict_16_192_64_0p5_0p02_0014_0011.uasset" 4763
"/Engine/EngineMaterials/Substrate/GLints/dict_16_192_64_0p5_0p02_0014_0009" 4764
"/Engine/EngineMaterials/Substrate/GLints/dict_16_192_64_0p5_0p02_0014_0008" 4765
"/Engine/EngineMaterials/Substrate/GLints/dict_16_192_64_0p5_0p02_0014_0007" 4766
"/Engine/EngineMaterials/Substrate/GLints/dict_16_192_64_0p5_0p02_0014_0006" 4767
"../../../Engine/Content/EngineMaterials/Substrate/GLints/dict_16_192_64_0p5_0p02_0014_0013.uasset" 4768
"../../../Engine/Content/EngineMaterials/Substrate/GLints/dict_16_192_64_0p5_0p02_0014_0012.uasset" 4769
"/Engine/EngineMaterials/Substrate/GLints/dict_16_192_64_0p5_0p02_0014_0005" 4770
"/Engine/EngineMaterials/Substrate/GLints/dict_16_192_64_0p5_0p02_0014_0011" 4771
"../../../Engine/Content/EngineMaterials/Substrate/GLints/dict_16_192_64_0p5_0p02_0014_0014.uasset" 4772
"/Engine/EngineMaterials/Substrate/GLints/dict_16_192_64_0p5_0p02_0014_0013" 4773
"/Engine/EngineMaterials/Substrate/GLints/dict_16_192_64_0p5_0p02_0014_0012" 4774
"/Engine/EngineMaterials/Substrate/GLints/dict_16_192_64_0p5_0p02_0014_0014" 4775
"../../../Engine/Content/EngineMaterials/Substrate/GLints/dict_16_192_64_0p5_0p02_0014_0010.uasset" 4776
"../../../Engine/Content/EngineMaterials/Substrate/GLints/dict_16_192_64_0p5_0p02_0015_0000.uasset" 4777
"../../../Engine/Content/EngineMaterials/Substrate/GLints/dict_16_192_64_0p5_0p02_0015_0001.uasset" 4778
"../../../Engine/Content/EngineMaterials/Substrate/GLints/dict_16_192_64_0p5_0p02_0014_0015.uasset" 4779
"/Engine/EngineMaterials/Substrate/GLints/dict_16_192_64_0p5_0p02_0015_0000" 4780
"/Engine/EngineMaterials/Substrate/GLints/dict_16_192_64_0p5_0p02_0014_0015" 4781
"../../../Engine/Content/EngineMaterials/Substrate/GLints/dict_16_192_64_0p5_0p02_0015_0002.uasset" 4782
"/Engine/EngineMaterials/Substrate/GLints/dict_16_192_64_0p5_0p02_0014_0010" 4783
"/Engine/EngineMaterials/Substrate/GLints/dict_16_192_64_0p5_0p02_0015_0001" 4784
"/Engine/EngineMaterials/Substrate/GLints/dict_16_192_64_0p5_0p02_0015_0002" 4785
"../../../Engine/Content/EngineMaterials/Substrate/GLints/dict_16_192_64_0p5_0p02_0015_0004.uasset" 4786
"../../../Engine/Content/EngineMaterials/Substrate/GLints/dict_16_192_64_0p5_0p02_0015_0006.uasset" 4787
"../../../Engine/Content/EngineMaterials/Substrate/GLints/dict_16_192_64_0p5_0p02_0015_0005.uasset" 4788
"../../../Engine/Content/EngineMaterials/Substrate/GLints/dict_16_192_64_0p5_0p02_0015_0007.uasset" 4789
"../../../Engine/Content/EngineMaterials/Substrate/GLints/dict_16_192_64_0p5_0p02_0015_0003.uasset" 4790
"/Engine/EngineMaterials/Substrate/GLints/dict_16_192_64_0p5_0p02_0015_0007" 4791
"/Engine/EngineMaterials/Substrate/GLints/dict_16_192_64_0p5_0p02_0015_0006" 4792
"/Engine/EngineMaterials/Substrate/GLints/dict_16_192_64_0p5_0p02_0015_0005" 4793
"../../../Engine/Content/EngineMaterials/Substrate/GLints/dict_16_192_64_0p5_0p02_0015_0008.uasset" 4794
"../../../Engine/Content/EngineMaterials/Substrate/GLints/dict_16_192_64_0p5_0p02_0015_0009.uasset" 4795
"../../../Engine/Content/EngineMaterials/Substrate/GLints/dict_16_192_64_0p5_0p02_0015_0010.uasset" 4796
"/Engine/EngineMaterials/Substrate/GLints/dict_16_192_64_0p5_0p02_0015_0004" 4797
"/Engine/EngineMaterials/Substrate/GLints/dict_16_192_64_0p5_0p02_0015_0003" 4798
"/Engine/EngineMaterials/Substrate/GLints/dict_16_192_64_0p5_0p02_0015_0010" 4799
"../../../Engine/Content/EngineMaterials/Substrate/GLints/dict_16_192_64_0p5_0p02_0015_0011.uasset" 4800
"/Engine/EngineMaterials/Substrate/GLints/dict_16_192_64_0p5_0p02_0015_0009" 4801
"/Engine/EngineMaterials/Substrate/GLints/dict_16_192_64_0p5_0p02_0015_0008" 4802
"/Engine/EngineMaterials/Substrate/GLints/dict_16_192_64_0p5_0p02_0015_0011" 4803
"../../../Engine/Content/EngineMaterials/Substrate/GLints/dict_16_192_64_0p5_0p02_0015_0012.uasset" 4804
"/Engine/EngineMaterials/Substrate/GLints/dict_16_192_64_0p5_0p02_0015_0012" 4805
"../../../Engine/Content/EngineMaterials/Substrate/GLints/dict_16_192_64_0p5_0p02_0015_0014.uasset" 4806
"../../../Engine/Content/EngineMaterials/Substrate/GLints/dict_16_192_64_0p5_0p02_0015_0013.uasset" 4807
"../../../Engine/Content/EngineMaterials/Substrate/GLints/dict_16_192_64_0p5_0p02_0015_0015.uasset" 4808
"../../../Engine/Content/EngineMaterials/Substrate/GLints/dict_16_192_64_0p5_0p02_0016_0001.uasset" 4809
"../../../Engine/Content/EngineMaterials/Substrate/GLints/dict_16_192_64_0p5_0p02_0016_0000.uasset" 4810
"/Engine/EngineMaterials/Substrate/GLints/dict_16_192_64_0p5_0p02_0016_0001" 4811
"/Engine/EngineMaterials/Substrate/GLints/dict_16_192_64_0p5_0p02_0016_0000" 4812
"/Engine/EngineMaterials/Substrate/GLints/dict_16_192_64_0p5_0p02_0015_0015" 4813
"/Engine/EngineMaterials/Substrate/GLints/dict_16_192_64_0p5_0p02_0015_0014" 4814
"/Engine/EngineMaterials/Substrate/GLints/dict_16_192_64_0p5_0p02_0015_0013" 4815
"../../../Engine/Content/EngineMaterials/Substrate/GLints/dict_16_192_64_0p5_0p02_0016_0003.uasset" 4816
"../../../Engine/Content/EngineMaterials/Substrate/GLints/dict_16_192_64_0p5_0p02_0016_0004.uasset" 4817
"../../../Engine/Content/EngineMaterials/Substrate/GLints/dict_16_192_64_0p5_0p02_0016_0002.uasset" 4818
"../../../Engine/Content/EngineMaterials/Substrate/GLints/dict_16_192_64_0p5_0p02_0016_0005.uasset" 4819
"../../../Engine/Content/EngineMaterials/Substrate/GLints/dict_16_192_64_0p5_0p02_0016_0006.uasset" 4820
"/Engine/EngineMaterials/Substrate/GLints/dict_16_192_64_0p5_0p02_0016_0006" 4821
"../../../Engine/Content/EngineMaterials/Substrate/GLints/dict_16_192_64_0p5_0p02_0016_0008.uasset" 4822
"../../../Engine/Content/EngineMaterials/Substrate/GLints/dict_16_192_64_0p5_0p02_0016_0009.uasset" 4823
"/Engine/EngineMaterials/Substrate/GLints/dict_16_192_64_0p5_0p02_0016_0005" 4824
"/Engine/EngineMaterials/Substrate/GLints/dict_16_192_64_0p5_0p02_0016_0004" 4825
"../../../Engine/Content/EngineMaterials/Substrate/GLints/dict_16_192_64_0p5_0p02_0016_0007.uasset" 4826
"/Engine/EngineMaterials/Substrate/GLints/dict_16_192_64_0p5_0p02_0016_0003" 4827
"/Engine/EngineMaterials/Substrate/GLints/dict_16_192_64_0p5_0p02_0016_0002" 4828
"../../../Engine/Content/EngineMaterials/Substrate/GLints/dict_16_192_64_0p5_0p02_0016_0011.uasset" 4829
"../../../Engine/Content/EngineMaterials/Substrate/GLints/dict_16_192_64_0p5_0p02_0016_0010.uasset" 4830
"/Engine/EngineMaterials/Substrate/GLints/dict_16_192_64_0p5_0p02_0016_0009" 4831
"/Engine/EngineMaterials/Substrate/GLints/dict_16_192_64_0p5_0p02_0016_0008" 4832
"/Engine/EngineMaterials/Substrate/GLints/dict_16_192_64_0p5_0p02_0016_0007" 4833
"/Engine/EngineMaterials/Substrate/GLints/dict_16_192_64_0p5_0p02_0016_0011" 4834
"/Engine/EngineMaterials/Substrate/GLints/dict_16_192_64_0p5_0p02_0016_0010" 4835
"../../../Engine/Content/EngineMaterials/Substrate/GLints/dict_16_192_64_0p5_0p02_0016_0014.uasset" 4836
"../../../Engine/Content/EngineMaterials/Substrate/GLints/dict_16_192_64_0p5_0p02_0016_0012.uasset" 4837
"../../../Engine/Content/EngineMaterials/Substrate/GLints/dict_16_192_64_0p5_0p02_0016_0013.uasset" 4838
"../../../Engine/Content/EngineMaterials/Substrate/GLints/dict_16_192_64_0p5_0p02_0017_0000.uasset" 4839
"../../../Engine/Content/EngineMaterials/Substrate/GLints/dict_16_192_64_0p5_0p02_0016_0015.uasset" 4840
"/Engine/EngineMaterials/Substrate/GLints/dict_16_192_64_0p5_0p02_0017_0000" 4841
"/Engine/EngineMaterials/Substrate/GLints/dict_16_192_64_0p5_0p02_0016_0013" 4842
"/Engine/EngineMaterials/Substrate/GLints/dict_16_192_64_0p5_0p02_0016_0012" 4843
"/Engine/EngineMaterials/Substrate/GLints/dict_16_192_64_0p5_0p02_0016_0015" 4844
"/Engine/EngineMaterials/Substrate/GLints/dict_16_192_64_0p5_0p02_0016_0014" 4845
"../../../Engine/Content/EngineMaterials/Substrate/GLints/dict_16_192_64_0p5_0p02_0017_0003.uasset" 4846
"../../../Engine/Content/EngineMaterials/Substrate/GLints/dict_16_192_64_0p5_0p02_0017_0001.uasset" 4847
"/Engine/EngineMaterials/Substrate/GLints/dict_16_192_64_0p5_0p02_0017_0001" 4848
"../../../Engine/Content/EngineMaterials/Substrate/GLints/dict_16_192_64_0p5_0p02_0017_0002.uasset" 4849
"/Engine/EngineMaterials/Substrate/GLints/dict_16_192_64_0p5_0p02_0017_0003" 4850
"../../../Engine/Content/EngineMaterials/Substrate/GLints/dict_16_192_64_0p5_0p02_0017_0004.uasset" 4851
"/Engine/EngineMaterials/Substrate/GLints/dict_16_192_64_0p5_0p02_0017_0004" 4852
"/Engine/EngineMaterials/Substrate/GLints/dict_16_192_64_0p5_0p02_0017_0002" 4853
"../../../Engine/Content/EngineMaterials/Substrate/GLints/dict_16_192_64_0p5_0p02_0017_0005.uasset" 4854
"/Engine/EngineMaterials/Substrate/GLints/dict_16_192_64_0p5_0p02_0017_0005" 4855
"../../../Engine/Content/EngineMaterials/Substrate/GLints/dict_16_192_64_0p5_0p02_0017_0006.uasset" 4856
"../../../Engine/Content/EngineMaterials/Substrate/GLints/dict_16_192_64_0p5_0p02_0017_0007.uasset" 4857
"../../../Engine/Content/EngineMaterials/Substrate/GLints/dict_16_192_64_0p5_0p02_0017_0009.uasset" 4858
"../../../Engine/Content/EngineMaterials/Substrate/GLints/dict_16_192_64_0p5_0p02_0017_0010.uasset" 4859
"../../../Engine/Content/EngineMaterials/Substrate/GLints/dict_16_192_64_0p5_0p02_0017_0008.uasset" 4860
"/Engine/EngineMaterials/Substrate/GLints/dict_16_192_64_0p5_0p02_0017_0007" 4861
"../../../Engine/Content/EngineMaterials/Substrate/GLints/dict_16_192_64_0p5_0p02_0017_0014.uasset" 4862
"../../../Engine/Content/EngineMaterials/Substrate/GLints/dict_16_192_64_0p5_0p02_0017_0011.uasset" 4863
"../../../Engine/Content/EngineMaterials/Substrate/GLints/dict_16_192_64_0p5_0p02_0017_0012.uasset" 4864
"../../../Engine/Content/EngineMaterials/Substrate/GLints/dict_16_192_64_0p5_0p02_0017_0013.uasset" 4865
"/Engine/EngineMaterials/Substrate/GLints/dict_16_192_64_0p5_0p02_0017_0006" 4866
"/Engine/EngineMaterials/Substrate/GLints/dict_16_192_64_0p5_0p02_0017_0010" 4867
"/Engine/EngineMaterials/Substrate/GLints/dict_16_192_64_0p5_0p02_0017_0009" 4868
"/Engine/EngineMaterials/Substrate/GLints/dict_16_192_64_0p5_0p02_0017_0008" 4869
"/Engine/EngineMaterials/Substrate/GLints/dict_16_192_64_0p5_0p02_0017_0014" 4870
"/Engine/EngineMaterials/Substrate/GLints/dict_16_192_64_0p5_0p02_0017_0013" 4871
"/Engine/EngineMaterials/Substrate/GLints/dict_16_192_64_0p5_0p02_0017_0012" 4872
"/Engine/EngineMaterials/Substrate/GLints/dict_16_192_64_0p5_0p02_0017_0011" 4873
"../../../Engine/Content/EngineMaterials/Substrate/GLints/dict_16_192_64_0p5_0p02_0017_0015.uasset" 4874
"../../../Engine/Content/EngineMaterials/Substrate/GLints/dict_16_192_64_0p5_0p02_0018_0002.uasset" 4875
"../../../Engine/Content/EngineMaterials/Substrate/GLints/dict_16_192_64_0p5_0p02_0018_0000.uasset" 4876
"../../../Engine/Content/EngineMaterials/Substrate/GLints/dict_16_192_64_0p5_0p02_0018_0001.uasset" 4877
"../../../Engine/Content/EngineMaterials/Substrate/GLints/dict_16_192_64_0p5_0p02_0018_0003.uasset" 4878
"/Engine/EngineMaterials/Substrate/GLints/dict_16_192_64_0p5_0p02_0018_0001" 4879
"/Engine/EngineMaterials/Substrate/GLints/dict_16_192_64_0p5_0p02_0018_0000" 4880
"/Engine/EngineMaterials/Substrate/GLints/dict_16_192_64_0p5_0p02_0017_0015" 4881
"/Engine/EngineMaterials/Substrate/GLints/dict_16_192_64_0p5_0p02_0018_0003" 4882
"/Engine/EngineMaterials/Substrate/GLints/dict_16_192_64_0p5_0p02_0018_0002" 4883
"../../../Engine/Content/EngineMaterials/Substrate/GLints/dict_16_192_64_0p5_0p02_0018_0005.uasset" 4884
"../../../Engine/Content/EngineMaterials/Substrate/GLints/dict_16_192_64_0p5_0p02_0018_0004.uasset" 4885
"../../../Engine/Content/EngineMaterials/Substrate/GLints/dict_16_192_64_0p5_0p02_0018_0008.uasset" 4886
"../../../Engine/Content/EngineMaterials/Substrate/GLints/dict_16_192_64_0p5_0p02_0018_0006.uasset" 4887
"../../../Engine/Content/EngineMaterials/Substrate/GLints/dict_16_192_64_0p5_0p02_0018_0007.uasset" 4888
"../../../Engine/Content/EngineMaterials/Substrate/GLints/dict_16_192_64_0p5_0p02_0018_0010.uasset" 4889
"/Engine/EngineMaterials/Substrate/GLints/dict_16_192_64_0p5_0p02_0018_0006" 4890
"/Engine/EngineMaterials/Substrate/GLints/dict_16_192_64_0p5_0p02_0018_0005" 4891
"/Engine/EngineMaterials/Substrate/GLints/dict_16_192_64_0p5_0p02_0018_0008" 4892
"/Engine/EngineMaterials/Substrate/GLints/dict_16_192_64_0p5_0p02_0018_0004" 4893
"/Engine/EngineMaterials/Substrate/GLints/dict_16_192_64_0p5_0p02_0018_0007" 4894
"/Engine/EngineMaterials/Substrate/GLints/dict_16_192_64_0p5_0p02_0018_0010" 4895
"../../../Engine/Content/EngineMaterials/Substrate/GLints/dict_16_192_64_0p5_0p02_0018_0011.uasset" 4896
"../../../Engine/Content/EngineMaterials/Substrate/GLints/dict_16_192_64_0p5_0p02_0018_0014.uasset" 4897
"../../../Engine/Content/EngineMaterials/Substrate/GLints/dict_16_192_64_0p5_0p02_0018_0012.uasset" 4898
"../../../Engine/Content/EngineMaterials/Substrate/GLints/dict_16_192_64_0p5_0p02_0018_0009.uasset" 4899
"../../../Engine/Content/EngineMaterials/Substrate/GLints/dict_16_192_64_0p5_0p02_0018_0013.uasset" 4900
"../../../Engine/Content/EngineMaterials/Substrate/GLints/dict_16_192_64_0p5_0p02_0018_0015.uasset" 4901
"/Engine/EngineMaterials/Substrate/GLints/dict_16_192_64_0p5_0p02_0018_0015" 4902
"/Engine/EngineMaterials/Substrate/GLints/dict_16_192_64_0p5_0p02_0018_0014" 4903
"/Engine/EngineMaterials/Substrate/GLints/dict_16_192_64_0p5_0p02_0018_0011" 4904
"/Engine/EngineMaterials/Substrate/GLints/dict_16_192_64_0p5_0p02_0018_0013" 4905
"/Engine/EngineMaterials/Substrate/GLints/dict_16_192_64_0p5_0p02_0018_0009" 4906
"/Engine/EngineMaterials/Substrate/GLints/dict_16_192_64_0p5_0p02_0018_0012" 4907
"../../../Engine/Content/EngineMaterials/Substrate/GLints/dict_16_192_64_0p5_0p02_0019_0000.uasset" 4908
"../../../Engine/Content/EngineMaterials/Substrate/GLints/dict_16_192_64_0p5_0p02_0019_0001.uasset" 4909
"../../../Engine/Content/EngineMaterials/Substrate/GLints/dict_16_192_64_0p5_0p02_0019_0002.uasset" 4910
"../../../Engine/Content/EngineMaterials/Substrate/GLints/dict_16_192_64_0p5_0p02_0019_0003.uasset" 4911
"../../../Engine/Content/EngineMaterials/Substrate/GLints/dict_16_192_64_0p5_0p02_0019_0004.uasset" 4912
"../../../Engine/Content/EngineMaterials/Substrate/GLints/dict_16_192_64_0p5_0p02_0019_0008.uasset" 4913
"../../../Engine/Content/EngineMaterials/Substrate/GLints/dict_16_192_64_0p5_0p02_0019_0006.uasset" 4914
"../../../Engine/Content/EngineMaterials/Substrate/GLints/dict_16_192_64_0p5_0p02_0019_0005.uasset" 4915
"../../../Engine/Content/EngineMaterials/Substrate/GLints/dict_16_192_64_0p5_0p02_0019_0007.uasset" 4916
"/Engine/EngineMaterials/Substrate/GLints/dict_16_192_64_0p5_0p02_0019_0002" 4917
"../../../Engine/Content/EngineMaterials/Substrate/GLints/dict_16_192_64_0p5_0p02_0019_0009.uasset" 4918
"/Engine/EngineMaterials/Substrate/GLints/dict_16_192_64_0p5_0p02_0019_0000" 4919
"/Engine/EngineMaterials/Substrate/GLints/dict_16_192_64_0p5_0p02_0019_0005" 4920
"/Engine/EngineMaterials/Substrate/GLints/dict_16_192_64_0p5_0p02_0019_0004" 4921
"/Engine/EngineMaterials/Substrate/GLints/dict_16_192_64_0p5_0p02_0019_0008" 4922
"/Engine/EngineMaterials/Substrate/GLints/dict_16_192_64_0p5_0p02_0019_0007" 4923
"/Engine/EngineMaterials/Substrate/GLints/dict_16_192_64_0p5_0p02_0019_0006" 4924
"/Engine/EngineMaterials/Substrate/GLints/dict_16_192_64_0p5_0p02_0019_0001" 4925
"/Engine/EngineMaterials/Substrate/GLints/dict_16_192_64_0p5_0p02_0019_0003" 4926
"../../../Engine/Content/EngineMaterials/Substrate/GLints/dict_16_192_64_0p5_0p02_0019_0013.uasset" 4927
"../../../Engine/Content/EngineMaterials/Substrate/GLints/dict_16_192_64_0p5_0p02_0019_0011.uasset" 4928
"../../../Engine/Content/EngineMaterials/Substrate/GLints/dict_16_192_64_0p5_0p02_0019_0010.uasset" 4929
"/Engine/EngineMaterials/Substrate/GLints/dict_16_192_64_0p5_0p02_0019_0013" 4930
"/Engine/EngineMaterials/Substrate/GLints/dict_16_192_64_0p5_0p02_0019_0010" 4931
"/Engine/EngineMaterials/Substrate/GLints/dict_16_192_64_0p5_0p02_0019_0009" 4932
"/Engine/EngineMaterials/Substrate/GLints/dict_16_192_64_0p5_0p02_0019_0011" 4933
"../../../Engine/Content/EngineMaterials/Substrate/GLints/dict_16_192_64_0p5_0p02_0019_0012.uasset" 4934
"../../../Engine/Content/EngineMaterials/Substrate/GLints/dict_16_192_64_0p5_0p02_0019_0014.uasset" 4935
"../../../Engine/Content/EngineMaterials/Substrate/GLints/dict_16_192_64_0p5_0p02_0020_0001.uasset" 4936
"../../../Engine/Content/EngineMaterials/Substrate/GLints/dict_16_192_64_0p5_0p02_0020_0000.uasset" 4937
"../../../Engine/Content/EngineMaterials/Substrate/GLints/dict_16_192_64_0p5_0p02_0019_0015.uasset" 4938
"../../../Engine/Content/EngineMaterials/Substrate/GLints/dict_16_192_64_0p5_0p02_0020_0002.uasset" 4939
"../../../Engine/Content/EngineMaterials/Substrate/GLints/dict_16_192_64_0p5_0p02_0020_0003.uasset" 4940
"/Engine/EngineMaterials/Substrate/GLints/dict_16_192_64_0p5_0p02_0020_0003" 4941
"/Engine/EngineMaterials/Substrate/GLints/dict_16_192_64_0p5_0p02_0020_0002" 4942
"/Engine/EngineMaterials/Substrate/GLints/dict_16_192_64_0p5_0p02_0020_0001" 4943
"/Engine/EngineMaterials/Substrate/GLints/dict_16_192_64_0p5_0p02_0019_0014" 4944
"/Engine/EngineMaterials/Substrate/GLints/dict_16_192_64_0p5_0p02_0020_0000" 4945
"/Engine/EngineMaterials/Substrate/GLints/dict_16_192_64_0p5_0p02_0019_0012" 4946
"../../../Engine/Content/EngineMaterials/Substrate/GLints/dict_16_192_64_0p5_0p02_0020_0006.uasset" 4947
"../../../Engine/Content/EngineMaterials/Substrate/GLints/dict_16_192_64_0p5_0p02_0020_0005.uasset" 4948
"../../../Engine/Content/EngineMaterials/Substrate/GLints/dict_16_192_64_0p5_0p02_0020_0004.uasset" 4949
"/Engine/EngineMaterials/Substrate/GLints/dict_16_192_64_0p5_0p02_0019_0015" 4950
"/Engine/EngineMaterials/Substrate/GLints/dict_16_192_64_0p5_0p02_0020_0006" 4951
"/Engine/EngineMaterials/Substrate/GLints/dict_16_192_64_0p5_0p02_0020_0005" 4952
"/Engine/EngineMaterials/Substrate/GLints/dict_16_192_64_0p5_0p02_0020_0004" 4953
"../../../Engine/Content/EngineMaterials/Substrate/GLints/dict_16_192_64_0p5_0p02_0020_0011.uasset" 4954
"../../../Engine/Content/EngineMaterials/Substrate/GLints/dict_16_192_64_0p5_0p02_0020_0010.uasset" 4955
"../../../Engine/Content/EngineMaterials/Substrate/GLints/dict_16_192_64_0p5_0p02_0020_0007.uasset" 4956
"../../../Engine/Content/EngineMaterials/Substrate/GLints/dict_16_192_64_0p5_0p02_0020_0008.uasset" 4957
"../../../Engine/Content/EngineMaterials/Substrate/GLints/dict_16_192_64_0p5_0p02_0020_0009.uasset" 4958
"../../../Engine/Content/EngineMaterials/Substrate/GLints/dict_16_192_64_0p5_0p02_0020_0012.uasset" 4959
"../../../Engine/Content/EngineMaterials/Substrate/GLints/dict_16_192_64_0p5_0p02_0020_0013.uasset" 4960
"../../../Engine/Content/EngineMaterials/Substrate/GLints/dict_16_192_64_0p5_0p02_0020_0015.uasset" 4961
"/Engine/EngineMaterials/Substrate/GLints/dict_16_192_64_0p5_0p02_0020_0015" 4962
"../../../Engine/Content/EngineMaterials/Substrate/GLints/dict_16_192_64_0p5_0p02_0020_0014.uasset" 4963
"/Engine/EngineMaterials/Substrate/GLints/dict_16_192_64_0p5_0p02_0020_0013" 4964
"/Engine/EngineMaterials/Substrate/GLints/dict_16_192_64_0p5_0p02_0020_0012" 4965
"/Engine/EngineMaterials/Substrate/GLints/dict_16_192_64_0p5_0p02_0020_0009" 4966
"/Engine/EngineMaterials/Substrate/GLints/dict_16_192_64_0p5_0p02_0020_0011" 4967
"/Engine/EngineMaterials/Substrate/GLints/dict_16_192_64_0p5_0p02_0020_0008" 4968
"/Engine/EngineMaterials/Substrate/GLints/dict_16_192_64_0p5_0p02_0020_0007" 4969
"/Engine/EngineMaterials/Substrate/GLints/dict_16_192_64_0p5_0p02_0020_0010" 4970
"/Engine/EngineMaterials/Substrate/GLints/dict_16_192_64_0p5_0p02_0020_0014" 4971
"../../../Engine/Content/EngineMaterials/Substrate/GLints/dict_16_192_64_0p5_0p02_0021_0002.uasset" 4972
"../../../Engine/Content/EngineMaterials/Substrate/GLints/dict_16_192_64_0p5_0p02_0021_0000.uasset" 4973
"../../../Engine/Content/EngineMaterials/Substrate/GLints/dict_16_192_64_0p5_0p02_0021_0003.uasset" 4974
"../../../Engine/Content/EngineMaterials/Substrate/GLints/dict_16_192_64_0p5_0p02_0021_0004.uasset" 4975
"../../../Engine/Content/EngineMaterials/Substrate/GLints/dict_16_192_64_0p5_0p02_0021_0001.uasset" 4976
"../../../Engine/Content/EngineMaterials/Substrate/GLints/dict_16_192_64_0p5_0p02_0021_0005.uasset" 4977
"/Engine/EngineMaterials/Substrate/GLints/dict_16_192_64_0p5_0p02_0021_0005" 4978
"../../../Engine/Content/EngineMaterials/Substrate/GLints/dict_16_192_64_0p5_0p02_0021_0006.uasset" 4979
"../../../Engine/Content/EngineMaterials/Substrate/GLints/dict_16_192_64_0p5_0p02_0021_0007.uasset" 4980
"../../../Engine/Content/EngineMaterials/Substrate/GLints/dict_16_192_64_0p5_0p02_0021_0008.uasset" 4981
"../../../Engine/Content/EngineMaterials/Substrate/GLints/dict_16_192_64_0p5_0p02_0021_0009.uasset" 4982
"/Engine/EngineMaterials/Substrate/GLints/dict_16_192_64_0p5_0p02_0021_0004" 4983
"/Engine/EngineMaterials/Substrate/GLints/dict_16_192_64_0p5_0p02_0021_0003" 4984
"/Engine/EngineMaterials/Substrate/GLints/dict_16_192_64_0p5_0p02_0021_0002" 4985
"/Engine/EngineMaterials/Substrate/GLints/dict_16_192_64_0p5_0p02_0021_0001" 4986
"/Engine/EngineMaterials/Substrate/GLints/dict_16_192_64_0p5_0p02_0021_0000" 4987
"/Engine/EngineMaterials/Substrate/GLints/dict_16_192_64_0p5_0p02_0021_0008" 4988
"/Engine/EngineMaterials/Substrate/GLints/dict_16_192_64_0p5_0p02_0021_0007" 4989
"/Engine/EngineMaterials/Substrate/GLints/dict_16_192_64_0p5_0p02_0021_0006" 4990
"/Engine/EngineMaterials/Substrate/GLints/dict_16_192_64_0p5_0p02_0021_0009" 4991
"../../../Engine/Content/EngineMaterials/Substrate/GLints/dict_16_192_64_0p5_0p02_0021_0011.uasset" 4992
"../../../Engine/Content/EngineMaterials/Substrate/GLints/dict_16_192_64_0p5_0p02_0021_0010.uasset" 4993
"../../../Engine/Content/EngineMaterials/Substrate/GLints/dict_16_192_64_0p5_0p02_0021_0012.uasset" 4994
"../../../Engine/Content/EngineMaterials/Substrate/GLints/dict_16_192_64_0p5_0p02_0021_0013.uasset" 4995
"../../../Engine/Content/EngineMaterials/Substrate/GLints/dict_16_192_64_0p5_0p02_0021_0014.uasset" 4996
"/Engine/EngineMaterials/Substrate/GLints/dict_16_192_64_0p5_0p02_0021_0012" 4997
"/Engine/EngineMaterials/Substrate/GLints/dict_16_192_64_0p5_0p02_0021_0011" 4998
"../../../Engine/Content/EngineMaterials/Substrate/GLints/dict_16_192_64_0p5_0p02_0021_0015.uasset" 4999
"../../../Engine/Content/EngineMaterials/Substrate/GLints/dict_16_192_64_0p5_0p02_0022_0000.uasset" 5000
"../../../Engine/Content/EngineMaterials/Substrate/GLints/dict_16_192_64_0p5_0p02_0022_0001.uasset" 5001
"/Engine/EngineMaterials/Substrate/GLints/dict_16_192_64_0p5_0p02_0021_0010" 5002
"../../../Engine/Content/EngineMaterials/Substrate/GLints/dict_16_192_64_0p5_0p02_0022_0002.uasset" 5003
"/Engine/EngineMaterials/Substrate/GLints/dict_16_192_64_0p5_0p02_0021_0014" 5004
"/Engine/EngineMaterials/Substrate/GLints/dict_16_192_64_0p5_0p02_0021_0013" 5005
"/Engine/EngineMaterials/Substrate/GLints/dict_16_192_64_0p5_0p02_0022_0002" 5006
"/Engine/EngineMaterials/Substrate/GLints/dict_16_192_64_0p5_0p02_0022_0001" 5007
"/Engine/EngineMaterials/Substrate/GLints/dict_16_192_64_0p5_0p02_0022_0000" 5008
"/Engine/EngineMaterials/Substrate/GLints/dict_16_192_64_0p5_0p02_0021_0015" 5009
"../../../Engine/Content/EngineMaterials/Substrate/GLints/dict_16_192_64_0p5_0p02_0022_0003.uasset" 5010
"../../../Engine/Content/EngineMaterials/Substrate/GLints/dict_16_192_64_0p5_0p02_0022_0006.uasset" 5011
"../../../Engine/Content/EngineMaterials/Substrate/GLints/dict_16_192_64_0p5_0p02_0022_0007.uasset" 5012
"../../../Engine/Content/EngineMaterials/Substrate/GLints/dict_16_192_64_0p5_0p02_0022_0005.uasset" 5013
"../../../Engine/Content/EngineMaterials/Substrate/GLints/dict_16_192_64_0p5_0p02_0022_0004.uasset" 5014
"../../../Engine/Content/EngineMaterials/Substrate/GLints/dict_16_192_64_0p5_0p02_0022_0008.uasset" 5015
"/Engine/EngineMaterials/Substrate/GLints/dict_16_192_64_0p5_0p02_0022_0003" 5016
"/Engine/EngineMaterials/Substrate/GLints/dict_16_192_64_0p5_0p02_0022_0008" 5017
"/Engine/EngineMaterials/Substrate/GLints/dict_16_192_64_0p5_0p02_0022_0006" 5018
"/Engine/EngineMaterials/Substrate/GLints/dict_16_192_64_0p5_0p02_0022_0005" 5019
"/Engine/EngineMaterials/Substrate/GLints/dict_16_192_64_0p5_0p02_0022_0007" 5020
"../../../Engine/Content/EngineMaterials/Substrate/GLints/dict_16_192_64_0p5_0p02_0022_0011.uasset" 5021
"/Engine/EngineMaterials/Substrate/GLints/dict_16_192_64_0p5_0p02_0022_0004" 5022
"../../../Engine/Content/EngineMaterials/Substrate/GLints/dict_16_192_64_0p5_0p02_0022_0010.uasset" 5023
"../../../Engine/Content/EngineMaterials/Substrate/GLints/dict_16_192_64_0p5_0p02_0022_0009.uasset" 5024
"../../../Engine/Content/EngineMaterials/Substrate/GLints/dict_16_192_64_0p5_0p02_0022_0012.uasset" 5025
"/Engine/EngineMaterials/Substrate/GLints/dict_16_192_64_0p5_0p02_0022_0012" 5026
"/Engine/EngineMaterials/Substrate/GLints/dict_16_192_64_0p5_0p02_0022_0011" 5027
"/Engine/EngineMaterials/Substrate/GLints/dict_16_192_64_0p5_0p02_0022_0010" 5028
"/Engine/EngineMaterials/Substrate/GLints/dict_16_192_64_0p5_0p02_0022_0009" 5029
"../../../Engine/Content/EngineMaterials/Substrate/GLints/dict_16_192_64_0p5_0p02_0022_0013.uasset" 5030
"../../../Engine/Content/EngineMaterials/Substrate/GLints/dict_16_192_64_0p5_0p02_0022_0015.uasset" 5031
"../../../Engine/Content/EngineMaterials/Substrate/GLints/dict_16_192_64_0p5_0p02_0023_0000.uasset" 5032
"../../../Engine/Content/EngineMaterials/Substrate/GLints/dict_16_192_64_0p5_0p02_0023_0001.uasset" 5033
"../../../Engine/Content/EngineMaterials/Substrate/GLints/dict_16_192_64_0p5_0p02_0022_0014.uasset" 5034
"../../../Engine/Content/EngineMaterials/Substrate/GLints/dict_16_192_64_0p5_0p02_0023_0002.uasset" 5035
"/Engine/EngineMaterials/Substrate/GLints/dict_16_192_64_0p5_0p02_0022_0014" 5036
"/Engine/EngineMaterials/Substrate/GLints/dict_16_192_64_0p5_0p02_0022_0015" 5037
"/Engine/EngineMaterials/Substrate/GLints/dict_16_192_64_0p5_0p02_0022_0013" 5038
"/Engine/EngineMaterials/Substrate/GLints/dict_16_192_64_0p5_0p02_0023_0002" 5039
"/Engine/EngineMaterials/Substrate/GLints/dict_16_192_64_0p5_0p02_0023_0001" 5040
"/Engine/EngineMaterials/Substrate/GLints/dict_16_192_64_0p5_0p02_0023_0000" 5041
"../../../Engine/Content/EngineMaterials/Substrate/GLints/dict_16_192_64_0p5_0p02_0023_0003.uasset" 5042
"../../../Engine/Content/EngineMaterials/Substrate/GLints/dict_16_192_64_0p5_0p02_0023_0005.uasset" 5043
"../../../Engine/Content/EngineMaterials/Substrate/GLints/dict_16_192_64_0p5_0p02_0023_0006.uasset" 5044
"/Engine/EngineMaterials/Substrate/GLints/dict_16_192_64_0p5_0p02_0023_0003" 5045
"/Engine/EngineMaterials/Substrate/GLints/dict_16_192_64_0p5_0p02_0023_0005" 5046
"/Engine/EngineMaterials/Substrate/GLints/dict_16_192_64_0p5_0p02_0023_0006" 5047
"../../../Engine/Content/EngineMaterials/Substrate/GLints/dict_16_192_64_0p5_0p02_0023_0004.uasset" 5048
"../../../Engine/Content/EngineMaterials/Substrate/GLints/dict_16_192_64_0p5_0p02_0023_0008.uasset" 5049
"../../../Engine/Content/EngineMaterials/Substrate/GLints/dict_16_192_64_0p5_0p02_0023_0010.uasset" 5050
"../../../Engine/Content/EngineMaterials/Substrate/GLints/dict_16_192_64_0p5_0p02_0023_0009.uasset" 5051
"../../../Engine/Content/EngineMaterials/Substrate/GLints/dict_16_192_64_0p5_0p02_0023_0007.uasset" 5052
"../../../Engine/Content/EngineMaterials/Substrate/GLints/dict_16_192_64_0p5_0p02_0023_0011.uasset" 5053
"/Engine/EngineMaterials/Substrate/GLints/dict_16_192_64_0p5_0p02_0023_0009" 5054
"/Engine/EngineMaterials/Substrate/GLints/dict_16_192_64_0p5_0p02_0023_0008" 5055
"/Engine/EngineMaterials/Substrate/GLints/dict_16_192_64_0p5_0p02_0023_0007" 5056
"/Engine/EngineMaterials/Substrate/GLints/dict_16_192_64_0p5_0p02_0023_0011" 5057
"/Engine/EngineMaterials/Substrate/GLints/dict_16_192_64_0p5_0p02_0023_0010" 5058
"/Engine/EngineMaterials/Substrate/GLints/dict_16_192_64_0p5_0p02_0023_0004" 5059
"../../../Engine/Content/EngineMaterials/Substrate/GLints/dict_16_192_64_0p5_0p02_0023_0015.uasset" 5060
"../../../Engine/Content/EngineMaterials/Substrate/GLints/dict_16_192_64_0p5_0p02_0023_0013.uasset" 5061
"../../../Engine/Content/EngineMaterials/Substrate/GLints/dict_16_192_64_0p5_0p02_0023_0014.uasset" 5062
"../../../Engine/Content/EngineMaterials/Substrate/GLints/dict_16_192_64_0p5_0p02_0023_0012.uasset" 5063
"../../../Engine/Content/EngineMaterials/Substrate/GLints/dict_16_192_64_0p5_0p02_0024_0000.uasset" 5064
"../../../Engine/Content/EngineMaterials/Substrate/GLints/dict_16_192_64_0p5_0p02_0024_0004.uasset" 5065
"../../../Engine/Content/EngineMaterials/Substrate/GLints/dict_16_192_64_0p5_0p02_0024_0001.uasset" 5066
"../../../Engine/Content/EngineMaterials/Substrate/GLints/dict_16_192_64_0p5_0p02_0024_0002.uasset" 5067
"../../../Engine/Content/EngineMaterials/Substrate/GLints/dict_16_192_64_0p5_0p02_0024_0003.uasset" 5068
"/Engine/EngineMaterials/Substrate/GLints/dict_16_192_64_0p5_0p02_0024_0002" 5069
"/Engine/EngineMaterials/Substrate/GLints/dict_16_192_64_0p5_0p02_0024_0001" 5070
"/Engine/EngineMaterials/Substrate/GLints/dict_16_192_64_0p5_0p02_0024_0000" 5071
"/Engine/EngineMaterials/Substrate/GLints/dict_16_192_64_0p5_0p02_0023_0014" 5072
"/Engine/EngineMaterials/Substrate/GLints/dict_16_192_64_0p5_0p02_0023_0013" 5073
"../../../Engine/Content/EngineMaterials/Substrate/GLints/dict_16_192_64_0p5_0p02_0024_0005.uasset" 5074
"/Engine/EngineMaterials/Substrate/GLints/dict_16_192_64_0p5_0p02_0023_0012" 5075
"/Engine/EngineMaterials/Substrate/GLints/dict_16_192_64_0p5_0p02_0023_0015" 5076
"/Engine/EngineMaterials/Substrate/GLints/dict_16_192_64_0p5_0p02_0024_0004" 5077
"/Engine/EngineMaterials/Substrate/GLints/dict_16_192_64_0p5_0p02_0024_0003" 5078
"/Engine/EngineMaterials/Substrate/GLints/dict_16_192_64_0p5_0p02_0024_0005" 5079
"../../../Engine/Content/EngineMaterials/Substrate/GLints/dict_16_192_64_0p5_0p02_0024_0006.uasset" 5080
"../../../Engine/Content/EngineMaterials/Substrate/GLints/dict_16_192_64_0p5_0p02_0024_0009.uasset" 5081
"../../../Engine/Content/EngineMaterials/Substrate/GLints/dict_16_192_64_0p5_0p02_0024_0007.uasset" 5082
"../../../Engine/Content/EngineMaterials/Substrate/GLints/dict_16_192_64_0p5_0p02_0024_0008.uasset" 5083
"../../../Engine/Content/EngineMaterials/Substrate/GLints/dict_16_192_64_0p5_0p02_0024_0010.uasset" 5084
"../../../Engine/Content/EngineMaterials/Substrate/GLints/dict_16_192_64_0p5_0p02_0024_0011.uasset" 5085
"../../../Engine/Content/EngineMaterials/Substrate/GLints/dict_16_192_64_0p5_0p02_0024_0012.uasset" 5086
"../../../Engine/Content/EngineMaterials/Substrate/GLints/dict_16_192_64_0p5_0p02_0024_0014.uasset" 5087
"../../../Engine/Content/EngineMaterials/Substrate/GLints/dict_16_192_64_0p5_0p02_0024_0013.uasset" 5088
"/Engine/EngineMaterials/Substrate/GLints/dict_16_192_64_0p5_0p02_0024_0012" 5089
"/Engine/EngineMaterials/Substrate/GLints/dict_16_192_64_0p5_0p02_0024_0011" 5090
"/Engine/EngineMaterials/Substrate/GLints/dict_16_192_64_0p5_0p02_0024_0010" 5091
"/Engine/EngineMaterials/Substrate/GLints/dict_16_192_64_0p5_0p02_0024_0008" 5092
"/Engine/EngineMaterials/Substrate/GLints/dict_16_192_64_0p5_0p02_0024_0009" 5093
"/Engine/EngineMaterials/Substrate/GLints/dict_16_192_64_0p5_0p02_0024_0007" 5094
"/Engine/EngineMaterials/Substrate/GLints/dict_16_192_64_0p5_0p02_0024_0006" 5095
"/Engine/EngineMaterials/Substrate/GLints/dict_16_192_64_0p5_0p02_0024_0014" 5096
"/Engine/EngineMaterials/Substrate/GLints/dict_16_192_64_0p5_0p02_0024_0013" 5097
"../../../Engine/Content/EngineMaterials/Substrate/GLints/dict_16_192_64_0p5_0p02_0025_0002.uasset" 5098
"../../../Engine/Content/EngineMaterials/Substrate/GLints/dict_16_192_64_0p5_0p02_0025_0001.uasset" 5099
"../../../Engine/Content/EngineMaterials/Substrate/GLints/dict_16_192_64_0p5_0p02_0025_0000.uasset" 5100
"../../../Engine/Content/EngineMaterials/Substrate/GLints/dict_16_192_64_0p5_0p02_0024_0015.uasset" 5101
"../../../Engine/Content/EngineMaterials/Substrate/GLints/dict_16_192_64_0p5_0p02_0025_0003.uasset" 5102
"/Engine/EngineMaterials/Substrate/GLints/dict_16_192_64_0p5_0p02_0025_0002" 5103
"/Engine/EngineMaterials/Substrate/GLints/dict_16_192_64_0p5_0p02_0025_0001" 5104
"/Engine/EngineMaterials/Substrate/GLints/dict_16_192_64_0p5_0p02_0025_0000" 5105
"../../../Engine/Content/EngineMaterials/Substrate/GLints/dict_16_192_64_0p5_0p02_0025_0007.uasset" 5106
"/Engine/EngineMaterials/Substrate/GLints/dict_16_192_64_0p5_0p02_0025_0003" 5107
"../../../Engine/Content/EngineMaterials/Substrate/GLints/dict_16_192_64_0p5_0p02_0025_0004.uasset" 5108
"../../../Engine/Content/EngineMaterials/Substrate/GLints/dict_16_192_64_0p5_0p02_0025_0006.uasset" 5109
"/Engine/EngineMaterials/Substrate/GLints/dict_16_192_64_0p5_0p02_0024_0015" 5110
"/Engine/EngineMaterials/Substrate/GLints/dict_16_192_64_0p5_0p02_0025_0007" 5111
"/Engine/EngineMaterials/Substrate/GLints/dict_16_192_64_0p5_0p02_0025_0004" 5112
"/Engine/EngineMaterials/Substrate/GLints/dict_16_192_64_0p5_0p02_0025_0006" 5113
"../../../Engine/Content/EngineMaterials/Substrate/GLints/dict_16_192_64_0p5_0p02_0025_0005.uasset" 5114
"../../../Engine/Content/EngineMaterials/Substrate/GLints/dict_16_192_64_0p5_0p02_0025_0008.uasset" 5115
"../../../Engine/Content/EngineMaterials/Substrate/GLints/dict_16_192_64_0p5_0p02_0025_0010.uasset" 5116
"../../../Engine/Content/EngineMaterials/Substrate/GLints/dict_16_192_64_0p5_0p02_0025_0009.uasset" 5117
"../../../Engine/Content/EngineMaterials/Substrate/GLints/dict_16_192_64_0p5_0p02_0025_0011.uasset" 5118
"../../../Engine/Content/EngineMaterials/Substrate/GLints/dict_16_192_64_0p5_0p02_0025_0012.uasset" 5119
"../../../Engine/Content/EngineMaterials/Substrate/GLints/dict_16_192_64_0p5_0p02_0025_0013.uasset" 5120
"/Engine/EngineMaterials/Substrate/GLints/dict_16_192_64_0p5_0p02_0025_0011" 5121
"/Engine/EngineMaterials/Substrate/GLints/dict_16_192_64_0p5_0p02_0025_0010" 5122
"/Engine/EngineMaterials/Substrate/GLints/dict_16_192_64_0p5_0p02_0025_0009" 5123
"/Engine/EngineMaterials/Substrate/GLints/dict_16_192_64_0p5_0p02_0025_0005" 5124
"/Engine/EngineMaterials/Substrate/GLints/dict_16_192_64_0p5_0p02_0025_0008" 5125
"/Engine/EngineMaterials/Substrate/GLints/dict_16_192_64_0p5_0p02_0025_0013" 5126
"/Engine/EngineMaterials/Substrate/GLints/dict_16_192_64_0p5_0p02_0025_0012" 5127
"../../../Engine/Content/EngineMaterials/Substrate/GLints/dict_16_192_64_0p5_0p02_0026_0000.uasset" 5128
"/Engine/EngineMaterials/Substrate/GLints/dict_16_192_64_0p5_0p02_0026_0000" 5129
"../../../Engine/Content/EngineMaterials/Substrate/GLints/dict_16_192_64_0p5_0p02_0025_0014.uasset" 5130
"/Engine/EngineMaterials/Substrate/GLints/dict_16_192_64_0p5_0p02_0025_0014" 5131
"../../../Engine/Content/EngineMaterials/Substrate/GLints/dict_16_192_64_0p5_0p02_0026_0001.uasset" 5132
"../../../Engine/Content/EngineMaterials/Substrate/GLints/dict_16_192_64_0p5_0p02_0026_0002.uasset" 5133
"../../../Engine/Content/EngineMaterials/Substrate/GLints/dict_16_192_64_0p5_0p02_0025_0015.uasset" 5134
"../../../Engine/Content/EngineMaterials/Substrate/GLints/dict_16_192_64_0p5_0p02_0026_0004.uasset" 5135
"../../../Engine/Content/EngineMaterials/Substrate/GLints/dict_16_192_64_0p5_0p02_0026_0003.uasset" 5136
"../../../Engine/Content/EngineMaterials/Substrate/GLints/dict_16_192_64_0p5_0p02_0026_0007.uasset" 5137
"../../../Engine/Content/EngineMaterials/Substrate/GLints/dict_16_192_64_0p5_0p02_0026_0005.uasset" 5138
"../../../Engine/Content/EngineMaterials/Substrate/GLints/dict_16_192_64_0p5_0p02_0026_0006.uasset" 5139
"/Engine/EngineMaterials/Substrate/GLints/dict_16_192_64_0p5_0p02_0026_0004" 5140
"/Engine/EngineMaterials/Substrate/GLints/dict_16_192_64_0p5_0p02_0026_0003" 5141
"/Engine/EngineMaterials/Substrate/GLints/dict_16_192_64_0p5_0p02_0026_0002" 5142
"/Engine/EngineMaterials/Substrate/GLints/dict_16_192_64_0p5_0p02_0026_0001" 5143
"/Engine/EngineMaterials/Substrate/GLints/dict_16_192_64_0p5_0p02_0025_0015" 5144
"/Engine/EngineMaterials/Substrate/GLints/dict_16_192_64_0p5_0p02_0026_0005" 5145
"/Engine/EngineMaterials/Substrate/GLints/dict_16_192_64_0p5_0p02_0026_0007" 5146
"/Engine/EngineMaterials/Substrate/GLints/dict_16_192_64_0p5_0p02_0026_0006" 5147
"../../../Engine/Content/EngineMaterials/Substrate/GLints/dict_16_192_64_0p5_0p02_0026_0008.uasset" 5148
"../../../Engine/Content/EngineMaterials/Substrate/GLints/dict_16_192_64_0p5_0p02_0026_0009.uasset" 5149
"../../../Engine/Content/EngineMaterials/Substrate/GLints/dict_16_192_64_0p5_0p02_0026_0012.uasset" 5150
"../../../Engine/Content/EngineMaterials/Substrate/GLints/dict_16_192_64_0p5_0p02_0026_0011.uasset" 5151
"../../../Engine/Content/EngineMaterials/Substrate/GLints/dict_16_192_64_0p5_0p02_0026_0010.uasset" 5152
"../../../Engine/Content/EngineMaterials/Substrate/GLints/dict_16_192_64_0p5_0p02_0026_0014.uasset" 5153
"../../../Engine/Content/EngineMaterials/Substrate/GLints/dict_16_192_64_0p5_0p02_0026_0013.uasset" 5154
"/Engine/EngineMaterials/Substrate/GLints/dict_16_192_64_0p5_0p02_0026_0014" 5155
"/Engine/EngineMaterials/Substrate/GLints/dict_16_192_64_0p5_0p02_0026_0013" 5156
"/Engine/EngineMaterials/Substrate/GLints/dict_16_192_64_0p5_0p02_0026_0012" 5157
"/Engine/EngineMaterials/Substrate/GLints/dict_16_192_64_0p5_0p02_0026_0011" 5158
"../../../Engine/Content/EngineMaterials/Substrate/GLints/dict_16_192_64_0p5_0p02_0026_0015.uasset" 5159
"../../../Engine/Content/EngineMaterials/Substrate/GLints/dict_16_192_64_0p5_0p02_0027_0001.uasset" 5160
"../../../Engine/Content/EngineMaterials/Substrate/GLints/dict_16_192_64_0p5_0p02_0027_0000.uasset" 5161
"/Engine/EngineMaterials/Substrate/GLints/dict_16_192_64_0p5_0p02_0026_0010" 5162
"/Engine/EngineMaterials/Substrate/GLints/dict_16_192_64_0p5_0p02_0026_0009" 5163
"/Engine/EngineMaterials/Substrate/GLints/dict_16_192_64_0p5_0p02_0026_0008" 5164
"/Engine/EngineMaterials/Substrate/GLints/dict_16_192_64_0p5_0p02_0027_0001" 5165
"/Engine/EngineMaterials/Substrate/GLints/dict_16_192_64_0p5_0p02_0027_0000" 5166
"/Engine/EngineMaterials/Substrate/GLints/dict_16_192_64_0p5_0p02_0026_0015" 5167
"../../../Engine/Content/EngineMaterials/Substrate/GLints/dict_16_192_64_0p5_0p02_0027_0002.uasset" 5168
"../../../Engine/Content/EngineMaterials/Substrate/GLints/dict_16_192_64_0p5_0p02_0027_0003.uasset" 5169
"../../../Engine/Content/EngineMaterials/Substrate/GLints/dict_16_192_64_0p5_0p02_0027_0006.uasset" 5170
"../../../Engine/Content/EngineMaterials/Substrate/GLints/dict_16_192_64_0p5_0p02_0027_0005.uasset" 5171
"../../../Engine/Content/EngineMaterials/Substrate/GLints/dict_16_192_64_0p5_0p02_0027_0004.uasset" 5172
"/Engine/EngineMaterials/Substrate/GLints/dict_16_192_64_0p5_0p02_0027_0003" 5173
"/Engine/EngineMaterials/Substrate/GLints/dict_16_192_64_0p5_0p02_0027_0002" 5174
"../../../Engine/Content/EngineMaterials/Substrate/GLints/dict_16_192_64_0p5_0p02_0027_0007.uasset" 5175
"../../../Engine/Content/EngineMaterials/Substrate/GLints/dict_16_192_64_0p5_0p02_0027_0008.uasset" 5176
"/Engine/EngineMaterials/Substrate/GLints/dict_16_192_64_0p5_0p02_0027_0006" 5177
"/Engine/EngineMaterials/Substrate/GLints/dict_16_192_64_0p5_0p02_0027_0005" 5178
"/Engine/EngineMaterials/Substrate/GLints/dict_16_192_64_0p5_0p02_0027_0004" 5179
"/Engine/EngineMaterials/Substrate/GLints/dict_16_192_64_0p5_0p02_0027_0008" 5180
"/Engine/EngineMaterials/Substrate/GLints/dict_16_192_64_0p5_0p02_0027_0007" 5181
"../../../Engine/Content/EngineMaterials/Substrate/GLints/dict_16_192_64_0p5_0p02_0027_0009.uasset" 5182
"../../../Engine/Content/EngineMaterials/Substrate/GLints/dict_16_192_64_0p5_0p02_0027_0011.uasset" 5183
"/Engine/EngineMaterials/Substrate/GLints/dict_16_192_64_0p5_0p02_0027_0009" 5184
"/Engine/EngineMaterials/Substrate/GLints/dict_16_192_64_0p5_0p02_0027_0011" 5185
"../../../Engine/Content/EngineMaterials/Substrate/GLints/dict_16_192_64_0p5_0p02_0027_0010.uasset" 5186
"../../../Engine/Content/EngineMaterials/Substrate/GLints/dict_16_192_64_0p5_0p02_0027_0012.uasset" 5187
"../../../Engine/Content/EngineMaterials/Substrate/GLints/dict_16_192_64_0p5_0p02_0027_0013.uasset" 5188
"../../../Engine/Content/EngineMaterials/Substrate/GLints/dict_16_192_64_0p5_0p02_0027_0014.uasset" 5189
"../../../Engine/Content/EngineMaterials/Substrate/GLints/dict_16_192_64_0p5_0p02_0027_0015.uasset" 5190
"/Engine/EngineMaterials/Substrate/GLints/dict_16_192_64_0p5_0p02_0027_0013" 5191
"../../../Engine/Content/EngineMaterials/Substrate/GLints/dict_16_192_64_0p5_0p02_0028_0000.uasset" 5192
"/Engine/EngineMaterials/Substrate/GLints/dict_16_192_64_0p5_0p02_0027_0012" 5193
"/Engine/EngineMaterials/Substrate/GLints/dict_16_192_64_0p5_0p02_0027_0014" 5194
"/Engine/EngineMaterials/Substrate/GLints/dict_16_192_64_0p5_0p02_0027_0010" 5195
"/Engine/EngineMaterials/Substrate/GLints/dict_16_192_64_0p5_0p02_0027_0015" 5196
"../../../Engine/Content/EngineMaterials/Substrate/GLints/dict_16_192_64_0p5_0p02_0028_0002.uasset" 5197
"/Engine/EngineMaterials/Substrate/GLints/dict_16_192_64_0p5_0p02_0028_0002" 5198
"../../../Engine/Content/EngineMaterials/Substrate/GLints/dict_16_192_64_0p5_0p02_0028_0001.uasset" 5199
"/Engine/EngineMaterials/Substrate/GLints/dict_16_192_64_0p5_0p02_0028_0000" 5200
"/Engine/EngineMaterials/Substrate/GLints/dict_16_192_64_0p5_0p02_0028_0001" 5201
"../../../Engine/Content/EngineMaterials/Substrate/GLints/dict_16_192_64_0p5_0p02_0028_0004.uasset" 5202
"../../../Engine/Content/EngineMaterials/Substrate/GLints/dict_16_192_64_0p5_0p02_0028_0003.uasset" 5203
"../../../Engine/Content/EngineMaterials/Substrate/GLints/dict_16_192_64_0p5_0p02_0028_0005.uasset" 5204
"../../../Engine/Content/EngineMaterials/Substrate/GLints/dict_16_192_64_0p5_0p02_0028_0006.uasset" 5205
"../../../Engine/Content/EngineMaterials/Substrate/GLints/dict_16_192_64_0p5_0p02_0028_0007.uasset" 5206
"../../../Engine/Content/EngineMaterials/Substrate/GLints/dict_16_192_64_0p5_0p02_0028_0008.uasset" 5207
"/Engine/EngineMaterials/Substrate/GLints/dict_16_192_64_0p5_0p02_0028_0007" 5208
"/Engine/EngineMaterials/Substrate/GLints/dict_16_192_64_0p5_0p02_0028_0006" 5209
"/Engine/EngineMaterials/Substrate/GLints/dict_16_192_64_0p5_0p02_0028_0005" 5210
"/Engine/EngineMaterials/Substrate/GLints/dict_16_192_64_0p5_0p02_0028_0004" 5211
"/Engine/EngineMaterials/Substrate/GLints/dict_16_192_64_0p5_0p02_0028_0003" 5212
"/Engine/EngineMaterials/Substrate/GLints/dict_16_192_64_0p5_0p02_0028_0008" 5213
"../../../Engine/Content/EngineMaterials/Substrate/GLints/dict_16_192_64_0p5_0p02_0028_0010.uasset" 5214
"../../../Engine/Content/EngineMaterials/Substrate/GLints/dict_16_192_64_0p5_0p02_0028_0009.uasset" 5215
"../../../Engine/Content/EngineMaterials/Substrate/GLints/dict_16_192_64_0p5_0p02_0028_0012.uasset" 5216
"../../../Engine/Content/EngineMaterials/Substrate/GLints/dict_16_192_64_0p5_0p02_0028_0011.uasset" 5217
"../../../Engine/Content/EngineMaterials/Substrate/GLints/dict_16_192_64_0p5_0p02_0028_0013.uasset" 5218
"../../../Engine/Content/EngineMaterials/Substrate/GLints/dict_16_192_64_0p5_0p02_0028_0014.uasset" 5219
"../../../Engine/Content/EngineMaterials/Substrate/GLints/dict_16_192_64_0p5_0p02_0028_0015.uasset" 5220
"/Engine/EngineMaterials/Substrate/GLints/dict_16_192_64_0p5_0p02_0028_0014" 5221
"../../../Engine/Content/EngineMaterials/Substrate/GLints/dict_16_192_64_0p5_0p02_0029_0000.uasset" 5222
"../../../Engine/Content/EngineMaterials/Substrate/GLints/dict_16_192_64_0p5_0p02_0029_0001.uasset" 5223
"/Engine/EngineMaterials/Substrate/GLints/dict_16_192_64_0p5_0p02_0028_0013" 5224
"/Engine/EngineMaterials/Substrate/GLints/dict_16_192_64_0p5_0p02_0028_0012" 5225
"/Engine/EngineMaterials/Substrate/GLints/dict_16_192_64_0p5_0p02_0028_0011" 5226
"../../../Engine/Content/EngineMaterials/Substrate/GLints/dict_16_192_64_0p5_0p02_0029_0002.uasset" 5227
"/Engine/EngineMaterials/Substrate/GLints/dict_16_192_64_0p5_0p02_0028_0010" 5228
"/Engine/EngineMaterials/Substrate/GLints/dict_16_192_64_0p5_0p02_0028_0009" 5229
"/Engine/EngineMaterials/Substrate/GLints/dict_16_192_64_0p5_0p02_0028_0015" 5230
"/Engine/EngineMaterials/Substrate/GLints/dict_16_192_64_0p5_0p02_0029_0001" 5231
"/Engine/EngineMaterials/Substrate/GLints/dict_16_192_64_0p5_0p02_0029_0002" 5232
"/Engine/EngineMaterials/Substrate/GLints/dict_16_192_64_0p5_0p02_0029_0000" 5233
"../../../Engine/Content/EngineMaterials/Substrate/GLints/dict_16_192_64_0p5_0p02_0029_0003.uasset" 5234
"../../../Engine/Content/EngineMaterials/Substrate/GLints/dict_16_192_64_0p5_0p02_0029_0004.uasset" 5235
"../../../Engine/Content/EngineMaterials/Substrate/GLints/dict_16_192_64_0p5_0p02_0029_0005.uasset" 5236
"../../../Engine/Content/EngineMaterials/Substrate/GLints/dict_16_192_64_0p5_0p02_0029_0006.uasset" 5237
"../../../Engine/Content/EngineMaterials/Substrate/GLints/dict_16_192_64_0p5_0p02_0029_0007.uasset" 5238
"../../../Engine/Content/EngineMaterials/Substrate/GLints/dict_16_192_64_0p5_0p02_0029_0008.uasset" 5239
"/Engine/EngineMaterials/Substrate/GLints/dict_16_192_64_0p5_0p02_0029_0006" 5240
"/Engine/EngineMaterials/Substrate/GLints/dict_16_192_64_0p5_0p02_0029_0005" 5241
"/Engine/EngineMaterials/Substrate/GLints/dict_16_192_64_0p5_0p02_0029_0004" 5242
"/Engine/EngineMaterials/Substrate/GLints/dict_16_192_64_0p5_0p02_0029_0003" 5243
"/Engine/EngineMaterials/Substrate/GLints/dict_16_192_64_0p5_0p02_0029_0008" 5244
"../../../Engine/Content/EngineMaterials/Substrate/GLints/dict_16_192_64_0p5_0p02_0029_0011.uasset" 5245
"/Engine/EngineMaterials/Substrate/GLints/dict_16_192_64_0p5_0p02_0029_0007" 5246
"../../../Engine/Content/EngineMaterials/Substrate/GLints/dict_16_192_64_0p5_0p02_0029_0009.uasset" 5247
"../../../Engine/Content/EngineMaterials/Substrate/GLints/dict_16_192_64_0p5_0p02_0029_0010.uasset" 5248
"/Engine/EngineMaterials/Substrate/GLints/dict_16_192_64_0p5_0p02_0029_0010" 5249
"/Engine/EngineMaterials/Substrate/GLints/dict_16_192_64_0p5_0p02_0029_0011" 5250
"/Engine/EngineMaterials/Substrate/GLints/dict_16_192_64_0p5_0p02_0029_0009" 5251
"../../../Engine/Content/EngineMaterials/Substrate/GLints/dict_16_192_64_0p5_0p02_0029_0012.uasset" 5252
"../../../Engine/Content/EngineMaterials/Substrate/GLints/dict_16_192_64_0p5_0p02_0029_0013.uasset" 5253
"../../../Engine/Content/EngineMaterials/Substrate/GLints/dict_16_192_64_0p5_0p02_0029_0014.uasset" 5254
"../../../Engine/Content/EngineMaterials/Substrate/GLints/dict_16_192_64_0p5_0p02_0030_0000.uasset" 5255
"../../../Engine/Content/EngineMaterials/Substrate/GLints/dict_16_192_64_0p5_0p02_0029_0015.uasset" 5256
"../../../Engine/Content/EngineMaterials/Substrate/GLints/dict_16_192_64_0p5_0p02_0030_0001.uasset" 5257
"../../../Engine/Content/EngineMaterials/Substrate/GLints/dict_16_192_64_0p5_0p02_0030_0002.uasset" 5258
"../../../Engine/Content/EngineMaterials/Substrate/GLints/dict_16_192_64_0p5_0p02_0030_0005.uasset" 5259
"/Engine/EngineMaterials/Substrate/GLints/dict_16_192_64_0p5_0p02_0029_0015" 5260
"/Engine/EngineMaterials/Substrate/GLints/dict_16_192_64_0p5_0p02_0029_0014" 5261
"../../../Engine/Content/EngineMaterials/Substrate/GLints/dict_16_192_64_0p5_0p02_0030_0004.uasset" 5262
"/Engine/EngineMaterials/Substrate/GLints/dict_16_192_64_0p5_0p02_0029_0013" 5263
"../../../Engine/Content/EngineMaterials/Substrate/GLints/dict_16_192_64_0p5_0p02_0030_0003.uasset" 5264
"../../../Engine/Content/EngineMaterials/Substrate/GLints/dict_16_192_64_0p5_0p02_0030_0007.uasset" 5265
"/Engine/EngineMaterials/Substrate/GLints/dict_16_192_64_0p5_0p02_0029_0012" 5266
"/Engine/EngineMaterials/Substrate/GLints/dict_16_192_64_0p5_0p02_0030_0001" 5267
"/Engine/EngineMaterials/Substrate/GLints/dict_16_192_64_0p5_0p02_0030_0002" 5268
"/Engine/EngineMaterials/Substrate/GLints/dict_16_192_64_0p5_0p02_0030_0000" 5269
"/Engine/EngineMaterials/Substrate/GLints/dict_16_192_64_0p5_0p02_0030_0007" 5270
"/Engine/EngineMaterials/Substrate/GLints/dict_16_192_64_0p5_0p02_0030_0005" 5271
"/Engine/EngineMaterials/Substrate/GLints/dict_16_192_64_0p5_0p02_0030_0004" 5272
"/Engine/EngineMaterials/Substrate/GLints/dict_16_192_64_0p5_0p02_0030_0003" 5273
"../../../Engine/Content/EngineMaterials/Substrate/GLints/dict_16_192_64_0p5_0p02_0030_0006.uasset" 5274
"../../../Engine/Content/EngineMaterials/Substrate/GLints/dict_16_192_64_0p5_0p02_0030_0008.uasset" 5275
"../../../Engine/Content/EngineMaterials/Substrate/GLints/dict_16_192_64_0p5_0p02_0030_0011.uasset" 5276
"../../../Engine/Content/EngineMaterials/Substrate/GLints/dict_16_192_64_0p5_0p02_0030_0012.uasset" 5277
"../../../Engine/Content/EngineMaterials/Substrate/GLints/dict_16_192_64_0p5_0p02_0030_0010.uasset" 5278
"/Engine/EngineMaterials/Substrate/GLints/dict_16_192_64_0p5_0p02_0030_0012" 5279
"/Engine/EngineMaterials/Substrate/GLints/dict_16_192_64_0p5_0p02_0030_0008" 5280
"/Engine/EngineMaterials/Substrate/GLints/dict_16_192_64_0p5_0p02_0030_0006" 5281
"../../../Engine/Content/EngineMaterials/Substrate/GLints/dict_16_192_64_0p5_0p02_0030_0014.uasset" 5282
"../../../Engine/Content/EngineMaterials/Substrate/GLints/dict_16_192_64_0p5_0p02_0030_0013.uasset" 5283
"/Engine/EngineMaterials/Substrate/GLints/dict_16_192_64_0p5_0p02_0030_0011" 5284
"/Engine/EngineMaterials/Substrate/GLints/dict_16_192_64_0p5_0p02_0030_0010" 5285
"/Engine/EngineMaterials/Substrate/GLints/dict_16_192_64_0p5_0p02_0030_0014" 5286
"/Engine/EngineMaterials/Substrate/GLints/dict_16_192_64_0p5_0p02_0030_0013" 5287
"../../../Engine/Content/EngineMaterials/Substrate/GLints/dict_16_192_64_0p5_0p02_0030_0009.uasset" 5288
"../../../Engine/Content/EngineMaterials/Substrate/GLints/dict_16_192_64_0p5_0p02_0030_0015.uasset" 5289
"../../../Engine/Content/EngineMaterials/Substrate/GLints/dict_16_192_64_0p5_0p02_0031_0000.uasset" 5290
"../../../Engine/Content/EngineMaterials/Substrate/GLints/dict_16_192_64_0p5_0p02_0031_0002.uasset" 5291
"../../../Engine/Content/EngineMaterials/Substrate/GLints/dict_16_192_64_0p5_0p02_0031_0001.uasset" 5292
"../../../Engine/Content/EngineMaterials/Substrate/GLints/dict_16_192_64_0p5_0p02_0031_0004.uasset" 5293
"../../../Engine/Content/EngineMaterials/Substrate/GLints/dict_16_192_64_0p5_0p02_0031_0003.uasset" 5294
"/Engine/EngineMaterials/Substrate/GLints/dict_16_192_64_0p5_0p02_0031_0002" 5295
"/Engine/EngineMaterials/Substrate/GLints/dict_16_192_64_0p5_0p02_0030_0015" 5296
"/Engine/EngineMaterials/Substrate/GLints/dict_16_192_64_0p5_0p02_0031_0001" 5297
"/Engine/EngineMaterials/Substrate/GLints/dict_16_192_64_0p5_0p02_0031_0000" 5298
"/Engine/EngineMaterials/Substrate/GLints/dict_16_192_64_0p5_0p02_0030_0009" 5299
"/Engine/EngineMaterials/Substrate/GLints/dict_16_192_64_0p5_0p02_0031_0004" 5300
"../../../Engine/Content/EngineMaterials/Substrate/GLints/dict_16_192_64_0p5_0p02_0031_0007.uasset" 5301
"../../../Engine/Content/EngineMaterials/Substrate/GLints/dict_16_192_64_0p5_0p02_0031_0006.uasset" 5302
"/Engine/EngineMaterials/Substrate/GLints/dict_16_192_64_0p5_0p02_0031_0003" 5303
"../../../Engine/Content/EngineMaterials/Substrate/GLints/dict_16_192_64_0p5_0p02_0031_0005.uasset" 5304
"/Engine/EngineMaterials/Substrate/GLints/dict_16_192_64_0p5_0p02_0031_0007" 5305
"/Engine/EngineMaterials/Substrate/GLints/dict_16_192_64_0p5_0p02_0031_0006" 5306
"/Engine/EngineMaterials/Substrate/GLints/dict_16_192_64_0p5_0p02_0031_0005" 5307
"../../../Engine/Content/EngineMaterials/Substrate/GLints/dict_16_192_64_0p5_0p02_0031_0008.uasset" 5308
"../../../Engine/Content/EngineMaterials/Substrate/GLints/dict_16_192_64_0p5_0p02_0031_0009.uasset" 5309
"../../../Engine/Content/EngineMaterials/Substrate/GLints/dict_16_192_64_0p5_0p02_0031_0010.uasset" 5310
"../../../Engine/Content/EngineMaterials/Substrate/GLints/dict_16_192_64_0p5_0p02_0031_0011.uasset" 5311
"../../../Engine/Content/EngineMaterials/Substrate/GLints/dict_16_192_64_0p5_0p02_0031_0013.uasset" 5312
"../../../Engine/Content/EngineMaterials/Substrate/GLints/dict_16_192_64_0p5_0p02_0031_0012.uasset" 5313
"../../../Engine/Content/EngineMaterials/Substrate/GLints/dict_16_192_64_0p5_0p02_0031_0014.uasset" 5314
"/Engine/EngineMaterials/Substrate/GLints/dict_16_192_64_0p5_0p02_0031_0008" 5315
"/Engine/EngineMaterials/Substrate/GLints/dict_16_192_64_0p5_0p02_0031_0011" 5316
"/Engine/EngineMaterials/Substrate/GLints/dict_16_192_64_0p5_0p02_0031_0014" 5317
"/Engine/EngineMaterials/Substrate/GLints/dict_16_192_64_0p5_0p02_0031_0010" 5318
"/Engine/EngineMaterials/Substrate/GLints/dict_16_192_64_0p5_0p02_0031_0009" 5319
"/Engine/EngineMaterials/Substrate/GLints/dict_16_192_64_0p5_0p02_0031_0013" 5320
"/Engine/EngineMaterials/Substrate/GLints/dict_16_192_64_0p5_0p02_0031_0012" 5321
"../../../Engine/Content/EngineMaterials/Substrate/GLints/dict_16_192_64_0p5_0p02_0031_0015.uasset" 5322
"/Engine/EngineMaterials/Substrate/GLints/dict_16_192_64_0p5_0p02_0031_0015" 5323
"../../../Engine/Content/EngineMaterials/Substrate/GLints/dict_16_192_64_0p5_0p02_0032_0000.uasset" 5324
"../../../Engine/Content/EngineMaterials/Substrate/GLints/dict_16_192_64_0p5_0p02_0032_0003.uasset" 5325
"../../../Engine/Content/EngineMaterials/Substrate/GLints/dict_16_192_64_0p5_0p02_0032_0001.uasset" 5326
"../../../Engine/Content/EngineMaterials/Substrate/GLints/dict_16_192_64_0p5_0p02_0032_0002.uasset" 5327
"../../../Engine/Content/EngineMaterials/Substrate/GLints/dict_16_192_64_0p5_0p02_0032_0004.uasset" 5328
"/Engine/EngineMaterials/Substrate/GLints/dict_16_192_64_0p5_0p02_0032_0002" 5329
"/Engine/EngineMaterials/Substrate/GLints/dict_16_192_64_0p5_0p02_0032_0001" 5330
"../../../Engine/Content/EngineMaterials/Substrate/GLints/dict_16_192_64_0p5_0p02_0032_0006.uasset" 5331
"/Engine/EngineMaterials/Substrate/GLints/dict_16_192_64_0p5_0p02_0032_0000" 5332
"../../../Engine/Content/EngineMaterials/Substrate/GLints/dict_16_192_64_0p5_0p02_0032_0007.uasset" 5333
"../../../Engine/Content/EngineMaterials/Substrate/GLints/dict_16_192_64_0p5_0p02_0032_0008.uasset" 5334
"/Engine/EngineMaterials/Substrate/GLints/dict_16_192_64_0p5_0p02_0032_0004" 5335
"/Engine/EngineMaterials/Substrate/GLints/dict_16_192_64_0p5_0p02_0032_0003" 5336
"/Engine/EngineMaterials/Substrate/GLints/dict_16_192_64_0p5_0p02_0032_0006" 5337
"/Engine/EngineMaterials/Substrate/GLints/dict_16_192_64_0p5_0p02_0032_0008" 5338
"/Engine/EngineMaterials/Substrate/GLints/dict_16_192_64_0p5_0p02_0032_0007" 5339
"../../../Engine/Content/EngineMaterials/Substrate/GLints/dict_16_192_64_0p5_0p02_0032_0009.uasset" 5340
"../../../Engine/Content/EngineMaterials/Substrate/GLints/dict_16_192_64_0p5_0p02_0032_0011.uasset" 5341
"../../../Engine/Content/EngineMaterials/Substrate/GLints/dict_16_192_64_0p5_0p02_0032_0012.uasset" 5342
"../../../Engine/Content/EngineMaterials/Substrate/GLints/dict_16_192_64_0p5_0p02_0032_0010.uasset" 5343
"/Engine/EngineMaterials/Substrate/GLints/dict_16_192_64_0p5_0p02_0032_0012" 5344
"/Engine/EngineMaterials/Substrate/GLints/dict_16_192_64_0p5_0p02_0032_0011" 5345
"../../../Engine/Content/EngineMaterials/Substrate/GLints/dict_16_192_64_0p5_0p02_0032_0013.uasset" 5346
"/Engine/EngineMaterials/Substrate/GLints/dict_16_192_64_0p5_0p02_0032_0010" 5347
"/Engine/EngineMaterials/Substrate/GLints/dict_16_192_64_0p5_0p02_0032_0009" 5348
"/Engine/EngineMaterials/Substrate/GLints/dict_16_192_64_0p5_0p02_0032_0013" 5349
"../../../Engine/Content/EngineMaterials/Substrate/GLints/dict_16_192_64_0p5_0p02_0032_0015.uasset" 5350
"../../../Engine/Content/EngineMaterials/Substrate/GLints/dict_16_192_64_0p5_0p02_0033_0000.uasset" 5351
"../../../Engine/Content/EngineMaterials/Substrate/GLints/dict_16_192_64_0p5_0p02_0032_0014.uasset" 5352
"/Engine/EngineMaterials/Substrate/GLints/dict_16_192_64_0p5_0p02_0033_0000" 5353
"/Engine/EngineMaterials/Substrate/GLints/dict_16_192_64_0p5_0p02_0032_0015" 5354
"/Engine/EngineMaterials/Substrate/GLints/dict_16_192_64_0p5_0p02_0032_0014" 5355
"../../../Engine/Content/EngineMaterials/Substrate/GLints/dict_16_192_64_0p5_0p02_0033_0003.uasset" 5356
"../../../Engine/Content/EngineMaterials/Substrate/GLints/dict_16_192_64_0p5_0p02_0033_0001.uasset" 5357
"../../../Engine/Content/EngineMaterials/Substrate/GLints/dict_16_192_64_0p5_0p02_0033_0002.uasset" 5358
"../../../Engine/Content/EngineMaterials/Substrate/GLints/dict_16_192_64_0p5_0p02_0033_0004.uasset" 5359
"/Engine/EngineMaterials/Substrate/GLints/dict_16_192_64_0p5_0p02_0033_0002" 5360
"/Engine/EngineMaterials/Substrate/GLints/dict_16_192_64_0p5_0p02_0033_0001" 5361
"/Engine/EngineMaterials/Substrate/GLints/dict_16_192_64_0p5_0p02_0033_0004" 5362
"/Engine/EngineMaterials/Substrate/GLints/dict_16_192_64_0p5_0p02_0033_0003" 5363
"../../../Engine/Content/EngineMaterials/Substrate/GLints/dict_16_192_64_0p5_0p02_0033_0005.uasset" 5364
"../../../Engine/Content/EngineMaterials/Substrate/GLints/dict_16_192_64_0p5_0p02_0033_0008.uasset" 5365
"../../../Engine/Content/EngineMaterials/Substrate/GLints/dict_16_192_64_0p5_0p02_0033_0006.uasset" 5366
"../../../Engine/Content/EngineMaterials/Substrate/GLints/dict_16_192_64_0p5_0p02_0033_0007.uasset" 5367
"../../../Engine/Content/EngineMaterials/Substrate/GLints/dict_16_192_64_0p5_0p02_0033_0009.uasset" 5368
"/Engine/EngineMaterials/Substrate/GLints/dict_16_192_64_0p5_0p02_0033_0007" 5369
"/Engine/EngineMaterials/Substrate/GLints/dict_16_192_64_0p5_0p02_0033_0006" 5370
"/Engine/EngineMaterials/Substrate/GLints/dict_16_192_64_0p5_0p02_0033_0005" 5371
"../../../Engine/Content/EngineMaterials/Substrate/GLints/dict_16_192_64_0p5_0p02_0033_0011.uasset" 5372
"../../../Engine/Content/EngineMaterials/Substrate/GLints/dict_16_192_64_0p5_0p02_0033_0012.uasset" 5373
"/Engine/EngineMaterials/Substrate/GLints/dict_16_192_64_0p5_0p02_0033_0009" 5374
"/Engine/EngineMaterials/Substrate/GLints/dict_16_192_64_0p5_0p02_0033_0008" 5375
"/Engine/EngineMaterials/Substrate/GLints/dict_16_192_64_0p5_0p02_0033_0012" 5376
"/Engine/EngineMaterials/Substrate/GLints/dict_16_192_64_0p5_0p02_0033_0011" 5377
"../../../Engine/Content/EngineMaterials/Substrate/GLints/dict_16_192_64_0p5_0p02_0033_0010.uasset" 5378
"/Engine/EngineMaterials/Substrate/GLints/dict_16_192_64_0p5_0p02_0033_0010" 5379
"../../../Engine/Content/EngineMaterials/Substrate/GLints/dict_16_192_64_0p5_0p02_0033_0013.uasset" 5380
"../../../Engine/Content/EngineMaterials/Substrate/GLints/dict_16_192_64_0p5_0p02_0033_0014.uasset" 5381
"../../../Engine/Content/EngineMaterials/Substrate/GLints/dict_16_192_64_0p5_0p02_0033_0015.uasset" 5382
"../../../Engine/Content/EngineMaterials/Substrate/GLints/dict_16_192_64_0p5_0p02_0034_0000.uasset" 5383
"/Engine/EngineMaterials/Substrate/GLints/dict_16_192_64_0p5_0p02_0033_0014" 5384
"/Engine/EngineMaterials/Substrate/GLints/dict_16_192_64_0p5_0p02_0033_0013" 5385
"/Engine/EngineMaterials/Substrate/GLints/dict_16_192_64_0p5_0p02_0033_0015" 5386
"/Engine/EngineMaterials/Substrate/GLints/dict_16_192_64_0p5_0p02_0034_0000" 5387
"../../../Engine/Content/EngineMaterials/Substrate/GLints/dict_16_192_64_0p5_0p02_0034_0001.uasset" 5388
"../../../Engine/Content/EngineMaterials/Substrate/GLints/dict_16_192_64_0p5_0p02_0034_0002.uasset" 5389
"../../../Engine/Content/EngineMaterials/Substrate/GLints/dict_16_192_64_0p5_0p02_0034_0003.uasset" 5390
"../../../Engine/Content/EngineMaterials/Substrate/GLints/dict_16_192_64_0p5_0p02_0034_0004.uasset" 5391
"../../../Engine/Content/EngineMaterials/Substrate/GLints/dict_16_192_64_0p5_0p02_0034_0005.uasset" 5392
"../../../Engine/Content/EngineMaterials/Substrate/GLints/dict_16_192_64_0p5_0p02_0034_0006.uasset" 5393
"../../../Engine/Content/EngineMaterials/Substrate/GLints/dict_16_192_64_0p5_0p02_0034_0007.uasset" 5394
"/Engine/EngineMaterials/Substrate/GLints/dict_16_192_64_0p5_0p02_0034_0004" 5395
"/Engine/EngineMaterials/Substrate/GLints/dict_16_192_64_0p5_0p02_0034_0003" 5396
"/Engine/EngineMaterials/Substrate/GLints/dict_16_192_64_0p5_0p02_0034_0007" 5397
"/Engine/EngineMaterials/Substrate/GLints/dict_16_192_64_0p5_0p02_0034_0002" 5398
"/Engine/EngineMaterials/Substrate/GLints/dict_16_192_64_0p5_0p02_0034_0001" 5399
"/Engine/EngineMaterials/Substrate/GLints/dict_16_192_64_0p5_0p02_0034_0006" 5400
"/Engine/EngineMaterials/Substrate/GLints/dict_16_192_64_0p5_0p02_0034_0005" 5401
"../../../Engine/Content/EngineMaterials/Substrate/GLints/dict_16_192_64_0p5_0p02_0034_0008.uasset" 5402
"/Engine/EngineMaterials/Substrate/GLints/dict_16_192_64_0p5_0p02_0034_0008" 5403
"../../../Engine/Content/EngineMaterials/Substrate/GLints/dict_16_192_64_0p5_0p02_0034_0010.uasset" 5404
"../../../Engine/Content/EngineMaterials/Substrate/GLints/dict_16_192_64_0p5_0p02_0034_0011.uasset" 5405
"../../../Engine/Content/EngineMaterials/Substrate/GLints/dict_16_192_64_0p5_0p02_0034_0009.uasset" 5406
"../../../Engine/Content/EngineMaterials/Substrate/GLints/dict_16_192_64_0p5_0p02_0034_0012.uasset" 5407
"../../../Engine/Content/EngineMaterials/Substrate/GLints/dict_16_192_64_0p5_0p02_0032_0005.uasset" 5408
"/Engine/EngineMaterials/Substrate/GLints/dict_16_192_64_0p5_0p02_0034_0012" 5409
"../../../Engine/Content/EngineMaterials/Substrate/GLints/dict_16_192_64_0p5_0p02_0034_0013.uasset" 5410
"../../../Engine/Content/EngineMaterials/Substrate/GLints/dict_16_192_64_0p5_0p02_0034_0014.uasset" 5411
"../../../Engine/Content/EngineMaterials/Substrate/GLints/dict_16_192_64_0p5_0p02_0034_0015.uasset" 5412
"/Engine/EngineMaterials/Substrate/GLints/dict_16_192_64_0p5_0p02_0034_0011" 5413
"/Engine/EngineMaterials/Substrate/GLints/dict_16_192_64_0p5_0p02_0034_0010" 5414
"/Engine/EngineMaterials/Substrate/GLints/dict_16_192_64_0p5_0p02_0034_0009" 5415
"/Engine/EngineMaterials/Substrate/GLints/dict_16_192_64_0p5_0p02_0032_0005" 5416
"/Engine/EngineMaterials/Substrate/GLints/dict_16_192_64_0p5_0p02_0034_0015" 5417
"/Engine/EngineMaterials/Substrate/GLints/dict_16_192_64_0p5_0p02_0034_0014" 5418
"/Engine/EngineMaterials/Substrate/GLints/dict_16_192_64_0p5_0p02_0034_0013" 5419
"../../../Engine/Content/EngineMaterials/Substrate/GLints/dict_16_192_64_0p5_0p02_0035_0000.uasset" 5420
"../../../Engine/Content/EngineMaterials/Substrate/GLints/dict_16_192_64_0p5_0p02_0035_0003.uasset" 5421
"../../../Engine/Content/EngineMaterials/Substrate/GLints/dict_16_192_64_0p5_0p02_0035_0002.uasset" 5422
"../../../Engine/Content/EngineMaterials/Substrate/GLints/dict_16_192_64_0p5_0p02_0035_0004.uasset" 5423
"../../../Engine/Content/EngineMaterials/Substrate/GLints/dict_16_192_64_0p5_0p02_0035_0005.uasset" 5424
"/Engine/EngineMaterials/Substrate/GLints/dict_16_192_64_0p5_0p02_0035_0003" 5425
"/Engine/EngineMaterials/Substrate/GLints/dict_16_192_64_0p5_0p02_0035_0002" 5426
"/Engine/EngineMaterials/Substrate/GLints/dict_16_192_64_0p5_0p02_0035_0005" 5427
"/Engine/EngineMaterials/Substrate/GLints/dict_16_192_64_0p5_0p02_0035_0004" 5428
"/Engine/EngineMaterials/Substrate/GLints/dict_16_192_64_0p5_0p02_0035_0000" 5429
"../../../Engine/Content/EngineMaterials/Substrate/GLints/dict_16_192_64_0p5_0p02_0035_0007.uasset" 5430
"../../../Engine/Content/EngineMaterials/Substrate/GLints/dict_16_192_64_0p5_0p02_0035_0006.uasset" 5431
"/Engine/EngineMaterials/Substrate/GLints/dict_16_192_64_0p5_0p02_0035_0007" 5432
"/Engine/EngineMaterials/Substrate/GLints/dict_16_192_64_0p5_0p02_0035_0006" 5433
"../../../Engine/Content/EngineMaterials/Substrate/GLints/dict_16_192_64_0p5_0p02_0035_0008.uasset" 5434
"../../../Engine/Content/EngineMaterials/Substrate/GLints/dict_16_192_64_0p5_0p02_0035_0010.uasset" 5435
"../../../Engine/Content/EngineMaterials/Substrate/GLints/dict_16_192_64_0p5_0p02_0035_0011.uasset" 5436
"/Engine/EngineMaterials/Substrate/GLints/dict_16_192_64_0p5_0p02_0035_0008" 5437
"/Engine/EngineMaterials/Substrate/GLints/dict_16_192_64_0p5_0p02_0035_0010" 5438
"/Engine/EngineMaterials/Substrate/GLints/dict_16_192_64_0p5_0p02_0035_0011" 5439
"../../../Engine/Content/EngineMaterials/Substrate/GLints/dict_16_192_64_0p5_0p02_0035_0012.uasset" 5440
"../../../Engine/Content/EngineMaterials/Substrate/GLints/dict_16_192_64_0p5_0p02_0035_0013.uasset" 5441
"../../../Engine/Content/EngineMaterials/Substrate/GLints/dict_16_192_64_0p5_0p02_0035_0014.uasset" 5442
"/Engine/EngineMaterials/Substrate/GLints/dict_16_192_64_0p5_0p02_0035_0014" 5443
"../../../Engine/Content/EngineMaterials/Substrate/GLints/dict_16_192_64_0p5_0p02_0035_0015.uasset" 5444
"/Engine/EngineMaterials/Substrate/GLints/dict_16_192_64_0p5_0p02_0035_0013" 5445
"/Engine/EngineMaterials/Substrate/GLints/dict_16_192_64_0p5_0p02_0035_0012" 5446
"/Engine/EngineMaterials/Substrate/GLints/dict_16_192_64_0p5_0p02_0035_0015" 5447
"../../../Engine/Content/EngineMaterials/Substrate/GLints/dict_16_192_64_0p5_0p02_0036_0001.uasset" 5448
"../../../Engine/Content/EngineMaterials/Substrate/GLints/dict_16_192_64_0p5_0p02_0036_0000.uasset" 5449
"../../../Engine/Content/EngineMaterials/Substrate/GLints/dict_16_192_64_0p5_0p02_0036_0002.uasset" 5450
"../../../Engine/Content/EngineMaterials/Substrate/GLints/dict_16_192_64_0p5_0p02_0036_0004.uasset" 5451
"../../../Engine/Content/EngineMaterials/Substrate/GLints/dict_16_192_64_0p5_0p02_0036_0003.uasset" 5452
"/Engine/EngineMaterials/Substrate/GLints/dict_16_192_64_0p5_0p02_0036_0004" 5453
"/Engine/EngineMaterials/Substrate/GLints/dict_16_192_64_0p5_0p02_0036_0003" 5454
"/Engine/EngineMaterials/Substrate/GLints/dict_16_192_64_0p5_0p02_0036_0002" 5455
"/Engine/EngineMaterials/Substrate/GLints/dict_16_192_64_0p5_0p02_0036_0001" 5456
"/Engine/EngineMaterials/Substrate/GLints/dict_16_192_64_0p5_0p02_0036_0000" 5457
"../../../Engine/Content/EngineMaterials/Substrate/GLints/dict_16_192_64_0p5_0p02_0035_0001.uasset" 5458
"../../../Engine/Content/EngineMaterials/Substrate/GLints/dict_16_192_64_0p5_0p02_0036_0005.uasset" 5459
"../../../Engine/Content/EngineMaterials/Substrate/GLints/dict_16_192_64_0p5_0p02_0035_0009.uasset" 5460
"../../../Engine/Content/EngineMaterials/Substrate/GLints/dict_16_192_64_0p5_0p02_0036_0007.uasset" 5461
"../../../Engine/Content/EngineMaterials/Substrate/GLints/dict_16_192_64_0p5_0p02_0036_0006.uasset" 5462
"/Engine/EngineMaterials/Substrate/GLints/dict_16_192_64_0p5_0p02_0036_0006" 5463
"../../../Engine/Content/EngineMaterials/Substrate/GLints/dict_16_192_64_0p5_0p02_0036_0008.uasset" 5464
"../../../Engine/Content/EngineMaterials/Substrate/GLints/dict_16_192_64_0p5_0p02_0036_0009.uasset" 5465
"/Engine/EngineMaterials/Substrate/GLints/dict_16_192_64_0p5_0p02_0036_0005" 5466
"/Engine/EngineMaterials/Substrate/GLints/dict_16_192_64_0p5_0p02_0036_0007" 5467
"/Engine/EngineMaterials/Substrate/GLints/dict_16_192_64_0p5_0p02_0035_0009" 5468
"/Engine/EngineMaterials/Substrate/GLints/dict_16_192_64_0p5_0p02_0035_0001" 5469
"../../../Engine/Content/EngineMaterials/Substrate/GLints/dict_16_192_64_0p5_0p02_0036_0011.uasset" 5470
"/Engine/EngineMaterials/Substrate/GLints/dict_16_192_64_0p5_0p02_0036_0011" 5471
"/Engine/EngineMaterials/Substrate/GLints/dict_16_192_64_0p5_0p02_0036_0009" 5472
"/Engine/EngineMaterials/Substrate/GLints/dict_16_192_64_0p5_0p02_0036_0008" 5473
"../../../Engine/Content/EngineMaterials/Substrate/GLints/dict_16_192_64_0p5_0p02_0036_0012.uasset" 5474
"../../../Engine/Content/EngineMaterials/Substrate/GLints/dict_16_192_64_0p5_0p02_0036_0010.uasset" 5475
"../../../Engine/Content/EngineMaterials/Substrate/GLints/dict_16_192_64_0p5_0p02_0036_0013.uasset" 5476
"../../../Engine/Content/EngineMaterials/Substrate/GLints/dict_16_192_64_0p5_0p02_0036_0014.uasset" 5477
"../../../Engine/Content/EngineMaterials/Substrate/GLints/dict_16_192_64_0p5_0p02_0036_0015.uasset" 5478
"/Engine/EngineMaterials/Substrate/GLints/dict_16_192_64_0p5_0p02_0036_0012" 5479
"/Engine/EngineMaterials/Substrate/GLints/dict_16_192_64_0p5_0p02_0036_0010" 5480
"../../../Engine/Content/EngineMaterials/Substrate/GLints/dict_16_192_64_0p5_0p02_0037_0003.uasset" 5481
"../../../Engine/Content/EngineMaterials/Substrate/GLints/dict_16_192_64_0p5_0p02_0037_0002.uasset" 5482
"../../../Engine/Content/EngineMaterials/Substrate/GLints/dict_16_192_64_0p5_0p02_0037_0000.uasset" 5483
"../../../Engine/Content/EngineMaterials/Substrate/GLints/dict_16_192_64_0p5_0p02_0037_0001.uasset" 5484
"/Engine/EngineMaterials/Substrate/GLints/dict_16_192_64_0p5_0p02_0036_0014" 5485
"/Engine/EngineMaterials/Substrate/GLints/dict_16_192_64_0p5_0p02_0036_0013" 5486
"/Engine/EngineMaterials/Substrate/GLints/dict_16_192_64_0p5_0p02_0037_0003" 5487
"/Engine/EngineMaterials/Substrate/GLints/dict_16_192_64_0p5_0p02_0036_0015" 5488
"/Engine/EngineMaterials/Substrate/GLints/dict_16_192_64_0p5_0p02_0037_0002" 5489
"/Engine/EngineMaterials/Substrate/GLints/dict_16_192_64_0p5_0p02_0037_0001" 5490
"/Engine/EngineMaterials/Substrate/GLints/dict_16_192_64_0p5_0p02_0037_0000" 5491
"../../../Engine/Content/EngineMaterials/Substrate/GLints/dict_16_192_64_0p5_0p02_0037_0006.uasset" 5492
"../../../Engine/Content/EngineMaterials/Substrate/GLints/dict_16_192_64_0p5_0p02_0037_0007.uasset" 5493
"../../../Engine/Content/EngineMaterials/Substrate/GLints/dict_16_192_64_0p5_0p02_0037_0004.uasset" 5494
"../../../Engine/Content/EngineMaterials/Substrate/GLints/dict_16_192_64_0p5_0p02_0037_0008.uasset" 5495
"../../../Engine/Content/EngineMaterials/Substrate/GLints/dict_16_192_64_0p5_0p02_0037_0005.uasset" 5496
"/Engine/EngineMaterials/Substrate/GLints/dict_16_192_64_0p5_0p02_0037_0004" 5497
"/Engine/EngineMaterials/Substrate/GLints/dict_16_192_64_0p5_0p02_0037_0008" 5498
"/Engine/EngineMaterials/Substrate/GLints/dict_16_192_64_0p5_0p02_0037_0007" 5499
"/Engine/EngineMaterials/Substrate/GLints/dict_16_192_64_0p5_0p02_0037_0006" 5500
"/Engine/EngineMaterials/Substrate/GLints/dict_16_192_64_0p5_0p02_0037_0005" 5501
"../../../Engine/Content/EngineMaterials/Substrate/GLints/dict_16_192_64_0p5_0p02_0037_0009.uasset" 5502
"../../../Engine/Content/EngineMaterials/Substrate/GLints/dict_16_192_64_0p5_0p02_0037_0010.uasset" 5503
"../../../Engine/Content/EngineMaterials/Substrate/GLints/dict_16_192_64_0p5_0p02_0037_0012.uasset" 5504
"../../../Engine/Content/EngineMaterials/Substrate/GLints/dict_16_192_64_0p5_0p02_0037_0014.uasset" 5505
"../../../Engine/Content/EngineMaterials/Substrate/GLints/dict_16_192_64_0p5_0p02_0037_0011.uasset" 5506
"/Engine/EngineMaterials/Substrate/GLints/dict_16_192_64_0p5_0p02_0037_0009" 5507
"/Engine/EngineMaterials/Substrate/GLints/dict_16_192_64_0p5_0p02_0037_0012" 5508
"../../../Engine/Content/EngineMaterials/Substrate/GLints/dict_16_192_64_0p5_0p02_0038_0000.uasset" 5509
"/Engine/EngineMaterials/Substrate/GLints/dict_16_192_64_0p5_0p02_0037_0011" 5510
"/Engine/EngineMaterials/Substrate/GLints/dict_16_192_64_0p5_0p02_0037_0014" 5511
"/Engine/EngineMaterials/Substrate/GLints/dict_16_192_64_0p5_0p02_0037_0010" 5512
"/Engine/EngineMaterials/Substrate/GLints/dict_16_192_64_0p5_0p02_0038_0000" 5513
"../../../Engine/Content/EngineMaterials/Substrate/GLints/dict_16_192_64_0p5_0p02_0038_0001.uasset" 5514
"../../../Engine/Content/EngineMaterials/Substrate/GLints/dict_16_192_64_0p5_0p02_0037_0015.uasset" 5515
"../../../Engine/Content/EngineMaterials/Substrate/GLints/dict_16_192_64_0p5_0p02_0038_0003.uasset" 5516
"../../../Engine/Content/EngineMaterials/Substrate/GLints/dict_16_192_64_0p5_0p02_0037_0013.uasset" 5517
"/Engine/EngineMaterials/Substrate/GLints/dict_16_192_64_0p5_0p02_0037_0013" 5518
"/Engine/EngineMaterials/Substrate/GLints/dict_16_192_64_0p5_0p02_0038_0001" 5519
"/Engine/EngineMaterials/Substrate/GLints/dict_16_192_64_0p5_0p02_0037_0015" 5520
"/Engine/EngineMaterials/Substrate/GLints/dict_16_192_64_0p5_0p02_0038_0003" 5521
"../../../Engine/Content/EngineMaterials/Substrate/GLints/dict_16_192_64_0p5_0p02_0038_0004.uasset" 5522
"../../../Engine/Content/EngineMaterials/Substrate/GLints/dict_16_192_64_0p5_0p02_0038_0002.uasset" 5523
"../../../Engine/Content/EngineMaterials/Substrate/GLints/dict_16_192_64_0p5_0p02_0038_0006.uasset" 5524
"../../../Engine/Content/EngineMaterials/Substrate/GLints/dict_16_192_64_0p5_0p02_0038_0008.uasset" 5525
"../../../Engine/Content/EngineMaterials/Substrate/GLints/dict_16_192_64_0p5_0p02_0038_0007.uasset" 5526
"../../../Engine/Content/EngineMaterials/Substrate/GLints/dict_16_192_64_0p5_0p02_0038_0005.uasset" 5527
"/Engine/EngineMaterials/Substrate/GLints/dict_16_192_64_0p5_0p02_0038_0007" 5528
"/Engine/EngineMaterials/Substrate/GLints/dict_16_192_64_0p5_0p02_0038_0006" 5529
"/Engine/EngineMaterials/Substrate/GLints/dict_16_192_64_0p5_0p02_0038_0002" 5530
"/Engine/EngineMaterials/Substrate/GLints/dict_16_192_64_0p5_0p02_0038_0005" 5531
"/Engine/EngineMaterials/Substrate/GLints/dict_16_192_64_0p5_0p02_0038_0008" 5532
"/Engine/EngineMaterials/Substrate/GLints/dict_16_192_64_0p5_0p02_0038_0004" 5533
"../../../Engine/Content/EngineMaterials/Substrate/GLints/dict_16_192_64_0p5_0p02_0038_0010.uasset" 5534
"../../../Engine/Content/EngineMaterials/Substrate/GLints/dict_16_192_64_0p5_0p02_0038_0011.uasset" 5535
"../../../Engine/Content/EngineMaterials/Substrate/GLints/dict_16_192_64_0p5_0p02_0038_0013.uasset" 5536
"../../../Engine/Content/EngineMaterials/Substrate/GLints/dict_16_192_64_0p5_0p02_0038_0009.uasset" 5537
"../../../Engine/Content/EngineMaterials/Substrate/GLints/dict_16_192_64_0p5_0p02_0038_0014.uasset" 5538
"../../../Engine/Content/EngineMaterials/Substrate/GLints/dict_16_192_64_0p5_0p02_0038_0012.uasset" 5539
"/Engine/EngineMaterials/Substrate/GLints/dict_16_192_64_0p5_0p02_0038_0014" 5540
"../../../Engine/Content/EngineMaterials/Substrate/GLints/dict_16_192_64_0p5_0p02_0038_0015.uasset" 5541
"/Engine/EngineMaterials/Substrate/GLints/dict_16_192_64_0p5_0p02_0038_0010" 5542
"/Engine/EngineMaterials/Substrate/GLints/dict_16_192_64_0p5_0p02_0038_0013" 5543
"/Engine/EngineMaterials/Substrate/GLints/dict_16_192_64_0p5_0p02_0038_0009" 5544
"/Engine/EngineMaterials/Substrate/GLints/dict_16_192_64_0p5_0p02_0038_0012" 5545
"../../../Engine/Content/EngineMaterials/Substrate/GLints/dict_16_192_64_0p5_0p02_0039_0000.uasset" 5546
"../../../Engine/Content/EngineMaterials/Substrate/GLints/dict_16_192_64_0p5_0p02_0039_0001.uasset" 5547
"/Engine/EngineMaterials/Substrate/GLints/dict_16_192_64_0p5_0p02_0038_0011" 5548
"/Engine/EngineMaterials/Substrate/GLints/dict_16_192_64_0p5_0p02_0039_0001" 5549
"/Engine/EngineMaterials/Substrate/GLints/dict_16_192_64_0p5_0p02_0039_0000" 5550
"/Engine/EngineMaterials/Substrate/GLints/dict_16_192_64_0p5_0p02_0038_0015" 5551
"../../../Engine/Content/EngineMaterials/Substrate/GLints/dict_16_192_64_0p5_0p02_0039_0002.uasset" 5552
"../../../Engine/Content/EngineMaterials/Substrate/GLints/dict_16_192_64_0p5_0p02_0039_0004.uasset" 5553
"../../../Engine/Content/EngineMaterials/Substrate/GLints/dict_16_192_64_0p5_0p02_0039_0003.uasset" 5554
"../../../Engine/Content/EngineMaterials/Substrate/GLints/dict_16_192_64_0p5_0p02_0039_0006.uasset" 5555
"../../../Engine/Content/EngineMaterials/Substrate/GLints/dict_16_192_64_0p5_0p02_0039_0007.uasset" 5556
"../../../Engine/Content/EngineMaterials/Substrate/GLints/dict_16_192_64_0p5_0p02_0039_0008.uasset" 5557
"/Engine/EngineMaterials/Substrate/GLints/dict_16_192_64_0p5_0p02_0039_0008" 5558
"/Engine/EngineMaterials/Substrate/GLints/dict_16_192_64_0p5_0p02_0039_0003" 5559
"/Engine/EngineMaterials/Substrate/GLints/dict_16_192_64_0p5_0p02_0039_0007" 5560
"/Engine/EngineMaterials/Substrate/GLints/dict_16_192_64_0p5_0p02_0039_0006" 5561
"/Engine/EngineMaterials/Substrate/GLints/dict_16_192_64_0p5_0p02_0039_0004" 5562
"/Engine/EngineMaterials/Substrate/GLints/dict_16_192_64_0p5_0p02_0039_0002" 5563
"../../../Engine/Content/EngineMaterials/Substrate/GLints/dict_16_192_64_0p5_0p02_0039_0005.uasset" 5564
"/Engine/EngineMaterials/Substrate/GLints/dict_16_192_64_0p5_0p02_0039_0005" 5565
"../../../Engine/Content/EngineMaterials/Substrate/GLints/dict_16_192_64_0p5_0p02_0039_0010.uasset" 5566
"../../../Engine/Content/EngineMaterials/Substrate/GLints/dict_16_192_64_0p5_0p02_0039_0009.uasset" 5567
"../../../Engine/Content/EngineMaterials/Substrate/GLints/dict_16_192_64_0p5_0p02_0039_0011.uasset" 5568
"../../../Engine/Content/EngineMaterials/Substrate/GLints/dict_16_192_64_0p5_0p02_0039_0012.uasset" 5569
"../../../Engine/Content/EngineMaterials/Substrate/GLints/dict_16_192_64_0p5_0p02_0040_0000.uasset" 5570
"../../../Engine/Content/EngineMaterials/Substrate/GLints/dict_16_192_64_0p5_0p02_0039_0013.uasset" 5571
"../../../Engine/Content/EngineMaterials/Substrate/GLints/dict_16_192_64_0p5_0p02_0039_0015.uasset" 5572
"/Engine/EngineMaterials/Substrate/GLints/dict_16_192_64_0p5_0p02_0039_0013" 5573
"/Engine/EngineMaterials/Substrate/GLints/dict_16_192_64_0p5_0p02_0039_0012" 5574
"/Engine/EngineMaterials/Substrate/GLints/dict_16_192_64_0p5_0p02_0039_0011" 5575
"/Engine/EngineMaterials/Substrate/GLints/dict_16_192_64_0p5_0p02_0040_0000" 5576
"/Engine/EngineMaterials/Substrate/GLints/dict_16_192_64_0p5_0p02_0039_0010" 5577
"/Engine/EngineMaterials/Substrate/GLints/dict_16_192_64_0p5_0p02_0039_0009" 5578
"/Engine/EngineMaterials/Substrate/GLints/dict_16_192_64_0p5_0p02_0039_0015" 5579
"../../../Engine/Content/EngineMaterials/Substrate/GLints/dict_16_192_64_0p5_0p02_0039_0014.uasset" 5580
"../../../Engine/Content/EngineMaterials/Substrate/GLints/dict_16_192_64_0p5_0p02_0040_0001.uasset" 5581
"/Engine/EngineMaterials/Substrate/GLints/dict_16_192_64_0p5_0p02_0040_0001" 5582
"/Engine/EngineMaterials/Substrate/GLints/dict_16_192_64_0p5_0p02_0039_0014" 5583
"../../../Engine/Content/EngineMaterials/Substrate/GLints/dict_16_192_64_0p5_0p02_0040_0003.uasset" 5584
"../../../Engine/Content/EngineMaterials/Substrate/GLints/dict_16_192_64_0p5_0p02_0040_0004.uasset" 5585
"../../../Engine/Content/EngineMaterials/Substrate/GLints/dict_16_192_64_0p5_0p02_0040_0006.uasset" 5586
"../../../Engine/Content/EngineMaterials/Substrate/GLints/dict_16_192_64_0p5_0p02_0040_0002.uasset" 5587
"../../../Engine/Content/EngineMaterials/Substrate/GLints/dict_16_192_64_0p5_0p02_0040_0007.uasset" 5588
"../../../Engine/Content/EngineMaterials/Substrate/GLints/dict_16_192_64_0p5_0p02_0040_0005.uasset" 5589
"/Engine/EngineMaterials/Substrate/GLints/dict_16_192_64_0p5_0p02_0040_0007" 5590
"/Engine/EngineMaterials/Substrate/GLints/dict_16_192_64_0p5_0p02_0040_0002" 5591
"/Engine/EngineMaterials/Substrate/GLints/dict_16_192_64_0p5_0p02_0040_0006" 5592
"/Engine/EngineMaterials/Substrate/GLints/dict_16_192_64_0p5_0p02_0040_0005" 5593
"/Engine/EngineMaterials/Substrate/GLints/dict_16_192_64_0p5_0p02_0040_0004" 5594
"../../../Engine/Content/EngineMaterials/Substrate/GLints/dict_16_192_64_0p5_0p02_0040_0008.uasset" 5595
"../../../Engine/Content/EngineMaterials/Substrate/GLints/dict_16_192_64_0p5_0p02_0040_0010.uasset" 5596
"../../../Engine/Content/EngineMaterials/Substrate/GLints/dict_16_192_64_0p5_0p02_0040_0009.uasset" 5597
"../../../Engine/Content/EngineMaterials/Substrate/GLints/dict_16_192_64_0p5_0p02_0040_0011.uasset" 5598
"/Engine/EngineMaterials/Substrate/GLints/dict_16_192_64_0p5_0p02_0040_0003" 5599
"/Engine/EngineMaterials/Substrate/GLints/dict_16_192_64_0p5_0p02_0040_0008" 5600
"/Engine/EngineMaterials/Substrate/GLints/dict_16_192_64_0p5_0p02_0040_0011" 5601
"/Engine/EngineMaterials/Substrate/GLints/dict_16_192_64_0p5_0p02_0040_0010" 5602
"/Engine/EngineMaterials/Substrate/GLints/dict_16_192_64_0p5_0p02_0040_0009" 5603
"../../../Engine/Content/EngineMaterials/Substrate/GLints/dict_16_192_64_0p5_0p02_0040_0013.uasset" 5604
"../../../Engine/Content/EngineMaterials/Substrate/GLints/dict_16_192_64_0p5_0p02_0040_0012.uasset" 5605
"../../../Engine/Content/EngineMaterials/Substrate/GLints/dict_16_192_64_0p5_0p02_0040_0015.uasset" 5606
"../../../Engine/Content/EngineMaterials/Substrate/GLints/dict_16_192_64_0p5_0p02_0040_0014.uasset" 5607
"/Engine/EngineMaterials/Substrate/GLints/dict_16_192_64_0p5_0p02_0040_0014" 5608
"/Engine/EngineMaterials/Substrate/GLints/dict_16_192_64_0p5_0p02_0040_0013" 5609
"/Engine/EngineMaterials/Substrate/GLints/dict_16_192_64_0p5_0p02_0040_0012" 5610
"/Engine/EngineMaterials/Substrate/GLints/dict_16_192_64_0p5_0p02_0040_0015" 5611
"../../../Engine/Content/EngineMaterials/Substrate/GLints/dict_16_192_64_0p5_0p02_0041_0001.uasset" 5612
"../../../Engine/Content/EngineMaterials/Substrate/GLints/dict_16_192_64_0p5_0p02_0041_0003.uasset" 5613
"../../../Engine/Content/EngineMaterials/Substrate/GLints/dict_16_192_64_0p5_0p02_0041_0000.uasset" 5614
"/Engine/EngineMaterials/Substrate/GLints/dict_16_192_64_0p5_0p02_0041_0003" 5615
"/Engine/EngineMaterials/Substrate/GLints/dict_16_192_64_0p5_0p02_0041_0001" 5616
"/Engine/EngineMaterials/Substrate/GLints/dict_16_192_64_0p5_0p02_0041_0000" 5617
"../../../Engine/Content/EngineMaterials/Substrate/GLints/dict_16_192_64_0p5_0p02_0041_0002.uasset" 5618
"../../../Engine/Content/EngineMaterials/Substrate/GLints/dict_16_192_64_0p5_0p02_0041_0006.uasset" 5619
"../../../Engine/Content/EngineMaterials/Substrate/GLints/dict_16_192_64_0p5_0p02_0041_0004.uasset" 5620
"../../../Engine/Content/EngineMaterials/Substrate/GLints/dict_16_192_64_0p5_0p02_0041_0005.uasset" 5621
"/Engine/EngineMaterials/Substrate/GLints/dict_16_192_64_0p5_0p02_0041_0006" 5622
"/Engine/EngineMaterials/Substrate/GLints/dict_16_192_64_0p5_0p02_0041_0005" 5623
"/Engine/EngineMaterials/Substrate/GLints/dict_16_192_64_0p5_0p02_0041_0004" 5624
"/Engine/EngineMaterials/Substrate/GLints/dict_16_192_64_0p5_0p02_0041_0002" 5625
"../../../Engine/Content/EngineMaterials/Substrate/GLints/dict_16_192_64_0p5_0p02_0041_0007.uasset" 5626
"../../../Engine/Content/EngineMaterials/Substrate/GLints/dict_16_192_64_0p5_0p02_0041_0010.uasset" 5627
"../../../Engine/Content/EngineMaterials/Substrate/GLints/dict_16_192_64_0p5_0p02_0041_0009.uasset" 5628
"../../../Engine/Content/EngineMaterials/Substrate/GLints/dict_16_192_64_0p5_0p02_0041_0011.uasset" 5629
"../../../Engine/Content/EngineMaterials/Substrate/GLints/dict_16_192_64_0p5_0p02_0041_0008.uasset" 5630
"../../../Engine/Content/EngineMaterials/Substrate/GLints/dict_16_192_64_0p5_0p02_0041_0012.uasset" 5631
"../../../Engine/Content/EngineMaterials/Substrate/GLints/dict_16_192_64_0p5_0p02_0041_0013.uasset" 5632
"../../../Engine/Content/EngineMaterials/Substrate/GLints/dict_16_192_64_0p5_0p02_0041_0015.uasset" 5633
"/Engine/EngineMaterials/Substrate/GLints/dict_16_192_64_0p5_0p02_0041_0015" 5634
"/Engine/EngineMaterials/Substrate/GLints/dict_16_192_64_0p5_0p02_0041_0007" 5635
"/Engine/EngineMaterials/Substrate/GLints/dict_16_192_64_0p5_0p02_0041_0013" 5636
"/Engine/EngineMaterials/Substrate/GLints/dict_16_192_64_0p5_0p02_0041_0012" 5637
"/Engine/EngineMaterials/Substrate/GLints/dict_16_192_64_0p5_0p02_0041_0011" 5638
"/Engine/EngineMaterials/Substrate/GLints/dict_16_192_64_0p5_0p02_0041_0010" 5639
"/Engine/EngineMaterials/Substrate/GLints/dict_16_192_64_0p5_0p02_0041_0008" 5640
"/Engine/EngineMaterials/Substrate/GLints/dict_16_192_64_0p5_0p02_0041_0009" 5641
"../../../Engine/Content/EngineMaterials/Substrate/GLints/dict_16_192_64_0p5_0p02_0041_0014.uasset" 5642
"../../../Engine/Content/EngineMaterials/Substrate/GLints/dict_16_192_64_0p5_0p02_0042_0001.uasset" 5643
"../../../Engine/Content/EngineMaterials/Substrate/GLints/dict_16_192_64_0p5_0p02_0042_0000.uasset" 5644
"../../../Engine/Content/EngineMaterials/Substrate/GLints/dict_16_192_64_0p5_0p02_0042_0003.uasset" 5645
"../../../Engine/Content/EngineMaterials/Substrate/GLints/dict_16_192_64_0p5_0p02_0042_0002.uasset" 5646
"../../../Engine/Content/EngineMaterials/Substrate/GLints/dict_16_192_64_0p5_0p02_0042_0004.uasset" 5647
"/Engine/EngineMaterials/Substrate/GLints/dict_16_192_64_0p5_0p02_0042_0004" 5648
"../../../Engine/Content/EngineMaterials/Substrate/GLints/dict_16_192_64_0p5_0p02_0042_0006.uasset" 5649
"/Engine/EngineMaterials/Substrate/GLints/dict_16_192_64_0p5_0p02_0042_0003" 5650
"/Engine/EngineMaterials/Substrate/GLints/dict_16_192_64_0p5_0p02_0042_0001" 5651
"/Engine/EngineMaterials/Substrate/GLints/dict_16_192_64_0p5_0p02_0042_0000" 5652
"/Engine/EngineMaterials/Substrate/GLints/dict_16_192_64_0p5_0p02_0041_0014" 5653
"/Engine/EngineMaterials/Substrate/GLints/dict_16_192_64_0p5_0p02_0042_0002" 5654
"/Engine/EngineMaterials/Substrate/GLints/dict_16_192_64_0p5_0p02_0042_0006" 5655
"../../../Engine/Content/EngineMaterials/Substrate/GLints/dict_16_192_64_0p5_0p02_0042_0007.uasset" 5656
"../../../Engine/Content/EngineMaterials/Substrate/GLints/dict_16_192_64_0p5_0p02_0042_0005.uasset" 5657
"../../../Engine/Content/EngineMaterials/Substrate/GLints/dict_16_192_64_0p5_0p02_0042_0009.uasset" 5658
"../../../Engine/Content/EngineMaterials/Substrate/GLints/dict_16_192_64_0p5_0p02_0042_0010.uasset" 5659
"../../../Engine/Content/EngineMaterials/Substrate/GLints/dict_16_192_64_0p5_0p02_0042_0008.uasset" 5660
"../../../Engine/Content/EngineMaterials/Substrate/GLints/dict_16_192_64_0p5_0p02_0042_0013.uasset" 5661
"../../../Engine/Content/EngineMaterials/Substrate/GLints/dict_16_192_64_0p5_0p02_0042_0011.uasset" 5662
"/Engine/EngineMaterials/Substrate/GLints/dict_16_192_64_0p5_0p02_0042_0011" 5663
"../../../Engine/Content/EngineMaterials/Substrate/GLints/dict_16_192_64_0p5_0p02_0042_0012.uasset" 5664
"../../../Engine/Content/EngineMaterials/Substrate/GLints/dict_16_192_64_0p5_0p02_0042_0014.uasset" 5665
"/Engine/EngineMaterials/Substrate/GLints/dict_16_192_64_0p5_0p02_0042_0007" 5666
"/Engine/EngineMaterials/Substrate/GLints/dict_16_192_64_0p5_0p02_0042_0013" 5667
"/Engine/EngineMaterials/Substrate/GLints/dict_16_192_64_0p5_0p02_0042_0010" 5668
"/Engine/EngineMaterials/Substrate/GLints/dict_16_192_64_0p5_0p02_0042_0005" 5669
"/Engine/EngineMaterials/Substrate/GLints/dict_16_192_64_0p5_0p02_0042_0009" 5670
"/Engine/EngineMaterials/Substrate/GLints/dict_16_192_64_0p5_0p02_0042_0008" 5671
"/Engine/EngineMaterials/Substrate/GLints/dict_16_192_64_0p5_0p02_0042_0014" 5672
"/Engine/EngineMaterials/Substrate/GLints/dict_16_192_64_0p5_0p02_0042_0012" 5673
"../../../Engine/Content/EngineMaterials/Substrate/GLints/dict_16_192_64_0p5_0p02_0043_0000.uasset" 5674
"../../../Engine/Content/EngineMaterials/Substrate/GLints/dict_16_192_64_0p5_0p02_0042_0015.uasset" 5675
"../../../Engine/Content/EngineMaterials/Substrate/GLints/dict_16_192_64_0p5_0p02_0043_0001.uasset" 5676
"../../../Engine/Content/EngineMaterials/Substrate/GLints/dict_16_192_64_0p5_0p02_0043_0003.uasset" 5677
"../../../Engine/Content/EngineMaterials/Substrate/GLints/dict_16_192_64_0p5_0p02_0043_0004.uasset" 5678
"/Engine/EngineMaterials/Substrate/GLints/dict_16_192_64_0p5_0p02_0042_0015" 5679
"../../../Engine/Content/EngineMaterials/Substrate/GLints/dict_16_192_64_0p5_0p02_0043_0002.uasset" 5680
"/Engine/EngineMaterials/Substrate/GLints/dict_16_192_64_0p5_0p02_0043_0004" 5681
"/Engine/EngineMaterials/Substrate/GLints/dict_16_192_64_0p5_0p02_0043_0003" 5682
"../../../Engine/Content/EngineMaterials/Substrate/GLints/dict_16_192_64_0p5_0p02_0043_0007.uasset" 5683
"/Engine/EngineMaterials/Substrate/GLints/dict_16_192_64_0p5_0p02_0043_0001" 5684
"/Engine/EngineMaterials/Substrate/GLints/dict_16_192_64_0p5_0p02_0043_0000" 5685
"../../../Engine/Content/EngineMaterials/Substrate/GLints/dict_16_192_64_0p5_0p02_0043_0005.uasset" 5686
"/Engine/EngineMaterials/Substrate/GLints/dict_16_192_64_0p5_0p02_0043_0005" 5687
"/Engine/EngineMaterials/Substrate/GLints/dict_16_192_64_0p5_0p02_0043_0002" 5688
"/Engine/EngineMaterials/Substrate/GLints/dict_16_192_64_0p5_0p02_0043_0007" 5689
"../../../Engine/Content/EngineMaterials/Substrate/GLints/dict_16_192_64_0p5_0p02_0043_0006.uasset" 5690
"../../../Engine/Content/EngineMaterials/Substrate/GLints/dict_16_192_64_0p5_0p02_0043_0008.uasset" 5691
"../../../Engine/Content/EngineMaterials/Substrate/GLints/dict_16_192_64_0p5_0p02_0043_0010.uasset" 5692
"../../../Engine/Content/EngineMaterials/Substrate/GLints/dict_16_192_64_0p5_0p02_0043_0012.uasset" 5693
"../../../Engine/Content/EngineMaterials/Substrate/GLints/dict_16_192_64_0p5_0p02_0043_0009.uasset" 5694
"../../../Engine/Content/EngineMaterials/Substrate/GLints/dict_16_192_64_0p5_0p02_0043_0011.uasset" 5695
"/Engine/EngineMaterials/Substrate/GLints/dict_16_192_64_0p5_0p02_0043_0006" 5696
"../../../Engine/Content/EngineMaterials/Substrate/GLints/dict_16_192_64_0p5_0p02_0043_0013.uasset" 5697
"/Engine/EngineMaterials/Substrate/GLints/dict_16_192_64_0p5_0p02_0043_0012" 5698
"/Engine/EngineMaterials/Substrate/GLints/dict_16_192_64_0p5_0p02_0043_0011" 5699
"/Engine/EngineMaterials/Substrate/GLints/dict_16_192_64_0p5_0p02_0043_0010" 5700
"/Engine/EngineMaterials/Substrate/GLints/dict_16_192_64_0p5_0p02_0043_0009" 5701
"/Engine/EngineMaterials/Substrate/GLints/dict_16_192_64_0p5_0p02_0043_0008" 5702
"/Engine/EngineMaterials/Substrate/GLints/dict_16_192_64_0p5_0p02_0043_0013" 5703
"../../../Engine/Content/EngineMaterials/Substrate/GLints/dict_16_192_64_0p5_0p02_0043_0014.uasset" 5704
"../../../Engine/Content/EngineMaterials/Substrate/GLints/dict_16_192_64_0p5_0p02_0044_0001.uasset" 5705
"../../../Engine/Content/EngineMaterials/Substrate/GLints/dict_16_192_64_0p5_0p02_0043_0015.uasset" 5706
"../../../Engine/Content/EngineMaterials/Substrate/GLints/dict_16_192_64_0p5_0p02_0044_0002.uasset" 5707
"../../../Engine/Content/EngineMaterials/Substrate/GLints/dict_16_192_64_0p5_0p02_0044_0005.uasset" 5708
"../../../Engine/Content/EngineMaterials/Substrate/GLints/dict_16_192_64_0p5_0p02_0044_0003.uasset" 5709
"../../../Engine/Content/EngineMaterials/Substrate/GLints/dict_16_192_64_0p5_0p02_0044_0000.uasset" 5710
"/Engine/EngineMaterials/Substrate/GLints/dict_16_192_64_0p5_0p02_0044_0005" 5711
"/Engine/EngineMaterials/Substrate/GLints/dict_16_192_64_0p5_0p02_0043_0014" 5712
"/Engine/EngineMaterials/Substrate/GLints/dict_16_192_64_0p5_0p02_0044_0003" 5713
"/Engine/EngineMaterials/Substrate/GLints/dict_16_192_64_0p5_0p02_0044_0002" 5714
"/Engine/EngineMaterials/Substrate/GLints/dict_16_192_64_0p5_0p02_0044_0001" 5715
"../../../Engine/Content/EngineMaterials/Substrate/GLints/dict_16_192_64_0p5_0p02_0044_0006.uasset" 5716
"/Engine/EngineMaterials/Substrate/GLints/dict_16_192_64_0p5_0p02_0044_0000" 5717
"/Engine/EngineMaterials/Substrate/GLints/dict_16_192_64_0p5_0p02_0043_0015" 5718
"/Engine/EngineMaterials/Substrate/GLints/dict_16_192_64_0p5_0p02_0044_0006" 5719
"../../../Engine/Content/EngineMaterials/Substrate/GLints/dict_16_192_64_0p5_0p02_0044_0004.uasset" 5720
"../../../Engine/Content/EngineMaterials/Substrate/GLints/dict_16_192_64_0p5_0p02_0044_0009.uasset" 5721
"../../../Engine/Content/EngineMaterials/Substrate/GLints/dict_16_192_64_0p5_0p02_0044_0007.uasset" 5722
"../../../Engine/Content/EngineMaterials/Substrate/GLints/dict_16_192_64_0p5_0p02_0044_0008.uasset" 5723
"/Engine/EngineMaterials/Substrate/GLints/dict_16_192_64_0p5_0p02_0044_0009" 5724
"/Engine/EngineMaterials/Substrate/GLints/dict_16_192_64_0p5_0p02_0044_0008" 5725
"/Engine/EngineMaterials/Substrate/GLints/dict_16_192_64_0p5_0p02_0044_0004" 5726
"../../../Engine/Content/EngineMaterials/Substrate/GLints/dict_16_192_64_0p5_0p02_0044_0010.uasset" 5727
"/Engine/EngineMaterials/Substrate/GLints/dict_16_192_64_0p5_0p02_0044_0007" 5728
"/Engine/EngineMaterials/Substrate/GLints/dict_16_192_64_0p5_0p02_0044_0010" 5729
"../../../Engine/Content/EngineMaterials/Substrate/GLints/dict_16_192_64_0p5_0p02_0044_0014.uasset" 5730
"../../../Engine/Content/EngineMaterials/Substrate/GLints/dict_16_192_64_0p5_0p02_0044_0012.uasset" 5731
"../../../Engine/Content/EngineMaterials/Substrate/GLints/dict_16_192_64_0p5_0p02_0044_0015.uasset" 5732
"/Engine/EngineMaterials/Substrate/GLints/dict_16_192_64_0p5_0p02_0044_0012" 5733
"../../../Engine/Content/EngineMaterials/Substrate/GLints/dict_16_192_64_0p5_0p02_0045_0001.uasset" 5734
"../../../Engine/Content/EngineMaterials/Substrate/GLints/dict_16_192_64_0p5_0p02_0044_0013.uasset" 5735
"/Engine/EngineMaterials/Substrate/GLints/dict_16_192_64_0p5_0p02_0044_0014" 5736
"/Engine/EngineMaterials/Substrate/GLints/dict_16_192_64_0p5_0p02_0044_0015" 5737
"../../../Engine/Content/EngineMaterials/Substrate/GLints/dict_16_192_64_0p5_0p02_0045_0000.uasset" 5738
"/Engine/EngineMaterials/Substrate/GLints/dict_16_192_64_0p5_0p02_0045_0001" 5739
"/Engine/EngineMaterials/Substrate/GLints/dict_16_192_64_0p5_0p02_0045_0000" 5740
"/Engine/EngineMaterials/Substrate/GLints/dict_16_192_64_0p5_0p02_0044_0013" 5741
"../../../Engine/Content/EngineMaterials/Substrate/GLints/dict_16_192_64_0p5_0p02_0044_0011.uasset" 5742
"../../../Engine/Content/EngineMaterials/Substrate/GLints/dict_16_192_64_0p5_0p02_0045_0002.uasset" 5743
"../../../Engine/Content/EngineMaterials/Substrate/GLints/dict_16_192_64_0p5_0p02_0045_0003.uasset" 5744
"../../../Engine/Content/EngineMaterials/Substrate/GLints/dict_16_192_64_0p5_0p02_0045_0004.uasset" 5745
"../../../Engine/Content/EngineMaterials/Substrate/GLints/dict_16_192_64_0p5_0p02_0045_0005.uasset" 5746
"/Engine/EngineMaterials/Substrate/GLints/dict_16_192_64_0p5_0p02_0044_0011" 5747
"/Engine/EngineMaterials/Substrate/GLints/dict_16_192_64_0p5_0p02_0045_0003" 5748
"/Engine/EngineMaterials/Substrate/GLints/dict_16_192_64_0p5_0p02_0045_0002" 5749
"/Engine/EngineMaterials/Substrate/GLints/dict_16_192_64_0p5_0p02_0045_0005" 5750
"/Engine/EngineMaterials/Substrate/GLints/dict_16_192_64_0p5_0p02_0045_0004" 5751
"../../../Engine/Content/EngineMaterials/Substrate/GLints/dict_16_192_64_0p5_0p02_0045_0006.uasset" 5752
"../../../Engine/Content/EngineMaterials/Substrate/GLints/dict_16_192_64_0p5_0p02_0045_0008.uasset" 5753
"../../../Engine/Content/EngineMaterials/Substrate/GLints/dict_16_192_64_0p5_0p02_0045_0010.uasset" 5754
"../../../Engine/Content/EngineMaterials/Substrate/GLints/dict_16_192_64_0p5_0p02_0045_0009.uasset" 5755
"../../../Engine/Content/EngineMaterials/Substrate/GLints/dict_16_192_64_0p5_0p02_0045_0007.uasset" 5756
"../../../Engine/Content/EngineMaterials/Substrate/GLints/dict_16_192_64_0p5_0p02_0045_0012.uasset" 5757
"/Engine/EngineMaterials/Substrate/GLints/dict_16_192_64_0p5_0p02_0045_0010" 5758
"/Engine/EngineMaterials/Substrate/GLints/dict_16_192_64_0p5_0p02_0045_0009" 5759
"/Engine/EngineMaterials/Substrate/GLints/dict_16_192_64_0p5_0p02_0045_0008" 5760
"/Engine/EngineMaterials/Substrate/GLints/dict_16_192_64_0p5_0p02_0045_0006" 5761
"/Engine/EngineMaterials/Substrate/GLints/dict_16_192_64_0p5_0p02_0045_0012" 5762
"/Engine/EngineMaterials/Substrate/GLints/dict_16_192_64_0p5_0p02_0045_0007" 5763
"../../../Engine/Content/EngineMaterials/Substrate/GLints/dict_16_192_64_0p5_0p02_0045_0011.uasset" 5764
"../../../Engine/Content/EngineMaterials/Substrate/GLints/dict_16_192_64_0p5_0p02_0045_0013.uasset" 5765
"../../../Engine/Content/EngineMaterials/Substrate/GLints/dict_16_192_64_0p5_0p02_0046_0000.uasset" 5766
"../../../Engine/Content/EngineMaterials/Substrate/GLints/dict_16_192_64_0p5_0p02_0045_0015.uasset" 5767
"../../../Engine/Content/EngineMaterials/Substrate/GLints/dict_16_192_64_0p5_0p02_0045_0014.uasset" 5768
"/Engine/EngineMaterials/Substrate/GLints/dict_16_192_64_0p5_0p02_0045_0013" 5769
"/Engine/EngineMaterials/Substrate/GLints/dict_16_192_64_0p5_0p02_0046_0000" 5770
"/Engine/EngineMaterials/Substrate/GLints/dict_16_192_64_0p5_0p02_0045_0015" 5771
"/Engine/EngineMaterials/Substrate/GLints/dict_16_192_64_0p5_0p02_0045_0011" 5772
"/Engine/EngineMaterials/Substrate/GLints/dict_16_192_64_0p5_0p02_0045_0014" 5773
"../../../Engine/Content/EngineMaterials/Substrate/GLints/dict_16_192_64_0p5_0p02_0046_0002.uasset" 5774
"../../../Engine/Content/EngineMaterials/Substrate/GLints/dict_16_192_64_0p5_0p02_0046_0003.uasset" 5775
"../../../Engine/Content/EngineMaterials/Substrate/GLints/dict_16_192_64_0p5_0p02_0046_0005.uasset" 5776
"../../../Engine/Content/EngineMaterials/Substrate/GLints/dict_16_192_64_0p5_0p02_0046_0004.uasset" 5777
"../../../Engine/Content/EngineMaterials/Substrate/GLints/dict_16_192_64_0p5_0p02_0046_0007.uasset" 5778
"../../../Engine/Content/EngineMaterials/Substrate/GLints/dict_16_192_64_0p5_0p02_0046_0009.uasset" 5779
"../../../Engine/Content/EngineMaterials/Substrate/GLints/dict_16_192_64_0p5_0p02_0046_0008.uasset" 5780
"../../../Engine/Content/EngineMaterials/Substrate/GLints/dict_16_192_64_0p5_0p02_0046_0006.uasset" 5781
"/Engine/EngineMaterials/Substrate/GLints/dict_16_192_64_0p5_0p02_0046_0004" 5782
"/Engine/EngineMaterials/Substrate/GLints/dict_16_192_64_0p5_0p02_0046_0003" 5783
"/Engine/EngineMaterials/Substrate/GLints/dict_16_192_64_0p5_0p02_0046_0009" 5784
"/Engine/EngineMaterials/Substrate/GLints/dict_16_192_64_0p5_0p02_0046_0008" 5785
"/Engine/EngineMaterials/Substrate/GLints/dict_16_192_64_0p5_0p02_0046_0007" 5786
"/Engine/EngineMaterials/Substrate/GLints/dict_16_192_64_0p5_0p02_0046_0002" 5787
"/Engine/EngineMaterials/Substrate/GLints/dict_16_192_64_0p5_0p02_0046_0006" 5788
"/Engine/EngineMaterials/Substrate/GLints/dict_16_192_64_0p5_0p02_0046_0005" 5789
"../../../Engine/Content/EngineMaterials/Substrate/GLints/dict_16_192_64_0p5_0p02_0046_0011.uasset" 5790
"../../../Engine/Content/EngineMaterials/Substrate/GLints/dict_16_192_64_0p5_0p02_0046_0012.uasset" 5791
"../../../Engine/Content/EngineMaterials/Substrate/GLints/dict_16_192_64_0p5_0p02_0046_0013.uasset" 5792
"../../../Engine/Content/EngineMaterials/Substrate/GLints/dict_16_192_64_0p5_0p02_0046_0010.uasset" 5793
"/Engine/EngineMaterials/Substrate/GLints/dict_16_192_64_0p5_0p02_0046_0013" 5794
"/Engine/EngineMaterials/Substrate/GLints/dict_16_192_64_0p5_0p02_0046_0012" 5795
"/Engine/EngineMaterials/Substrate/GLints/dict_16_192_64_0p5_0p02_0046_0010" 5796
"/Engine/EngineMaterials/Substrate/GLints/dict_16_192_64_0p5_0p02_0046_0011" 5797
"../../../Engine/Content/EngineMaterials/Substrate/GLints/dict_16_192_64_0p5_0p02_0047_0000.uasset" 5798
"../../../Engine/Content/EngineMaterials/Substrate/GLints/dict_16_192_64_0p5_0p02_0046_0015.uasset" 5799
"../../../Engine/Content/EngineMaterials/Substrate/GLints/dict_16_192_64_0p5_0p02_0047_0001.uasset" 5800
"/Engine/EngineMaterials/Substrate/GLints/dict_16_192_64_0p5_0p02_0047_0000" 5801
"../../../Engine/Content/EngineMaterials/Substrate/GLints/dict_16_192_64_0p5_0p02_0046_0014.uasset" 5802
"/Engine/EngineMaterials/Substrate/GLints/dict_16_192_64_0p5_0p02_0046_0015" 5803
"/Engine/EngineMaterials/Substrate/GLints/dict_16_192_64_0p5_0p02_0047_0001" 5804
"/Engine/EngineMaterials/Substrate/GLints/dict_16_192_64_0p5_0p02_0046_0014" 5805
"../../../Engine/Content/EngineMaterials/Substrate/GLints/dict_16_192_64_0p5_0p02_0047_0002.uasset" 5806
"../../../Engine/Content/EngineMaterials/Substrate/GLints/dict_16_192_64_0p5_0p02_0047_0005.uasset" 5807
"../../../Engine/Content/EngineMaterials/Substrate/GLints/dict_16_192_64_0p5_0p02_0047_0004.uasset" 5808
"/Engine/EngineMaterials/Substrate/GLints/dict_16_192_64_0p5_0p02_0047_0005" 5809
"/Engine/EngineMaterials/Substrate/GLints/dict_16_192_64_0p5_0p02_0047_0004" 5810
"/Engine/EngineMaterials/Substrate/GLints/dict_16_192_64_0p5_0p02_0047_0002" 5811
"../../../Engine/Content/EngineMaterials/Substrate/GLints/dict_16_192_64_0p5_0p02_0047_0006.uasset" 5812
"../../../Engine/Content/EngineMaterials/Substrate/GLints/dict_16_192_64_0p5_0p02_0047_0003.uasset" 5813
"../../../Engine/Content/EngineMaterials/Substrate/GLints/dict_16_192_64_0p5_0p02_0047_0008.uasset" 5814
"../../../Engine/Content/EngineMaterials/Substrate/GLints/dict_16_192_64_0p5_0p02_0047_0007.uasset" 5815
"/Engine/EngineMaterials/Substrate/GLints/dict_16_192_64_0p5_0p02_0047_0008" 5816
"../../../Engine/Content/EngineMaterials/Substrate/GLints/dict_16_192_64_0p5_0p02_0047_0009.uasset" 5817
"../../../Engine/Content/EngineMaterials/Substrate/GLints/dict_16_192_64_0p5_0p02_0047_0010.uasset" 5818
"../../../Engine/Content/EngineMaterials/Substrate/GLints/dict_16_192_64_0p5_0p02_0047_0012.uasset" 5819
"../../../Engine/Content/EngineMaterials/Substrate/GLints/dict_16_192_64_0p5_0p02_0047_0011.uasset" 5820
"/Engine/EngineMaterials/Substrate/GLints/dict_16_192_64_0p5_0p02_0047_0007" 5821
"/Engine/EngineMaterials/Substrate/GLints/dict_16_192_64_0p5_0p02_0047_0006" 5822
"/Engine/EngineMaterials/Substrate/GLints/dict_16_192_64_0p5_0p02_0047_0003" 5823
"/Engine/EngineMaterials/Substrate/GLints/dict_16_192_64_0p5_0p02_0047_0011" 5824
"/Engine/EngineMaterials/Substrate/GLints/dict_16_192_64_0p5_0p02_0047_0009" 5825
"/Engine/EngineMaterials/Substrate/GLints/dict_16_192_64_0p5_0p02_0047_0012" 5826
"/Engine/EngineMaterials/Substrate/GLints/dict_16_192_64_0p5_0p02_0047_0010" 5827
"../../../Engine/Content/EngineMaterials/Substrate/GLints/dict_16_192_64_0p5_0p02_0047_0013.uasset" 5828
"../../../Engine/Content/EngineMaterials/Substrate/GLints/dict_16_192_64_0p5_0p02_0047_0015.uasset" 5829
"../../../Engine/Content/EngineMaterials/Substrate/GLints/dict_16_192_64_0p5_0p02_0047_0014.uasset" 5830
"../../../Engine/Content/EngineMaterials/Substrate/GLints/dict_16_192_64_0p5_0p02_0048_0000.uasset" 5831
"/Engine/EngineMaterials/Substrate/GLints/dict_16_192_64_0p5_0p02_0048_0000" 5832
"/Engine/EngineMaterials/Substrate/GLints/dict_16_192_64_0p5_0p02_0047_0015" 5833
"/Engine/EngineMaterials/Substrate/GLints/dict_16_192_64_0p5_0p02_0047_0014" 5834
"/Engine/EngineMaterials/Substrate/GLints/dict_16_192_64_0p5_0p02_0047_0013" 5835
"../../../Engine/Content/EngineMaterials/Substrate/GLints/dict_16_192_64_0p5_0p02_0048_0001.uasset" 5836
"../../../Engine/Content/EngineMaterials/Substrate/GLints/dict_16_192_64_0p5_0p02_0048_0003.uasset" 5837
"../../../Engine/Content/EngineMaterials/Substrate/GLints/dict_16_192_64_0p5_0p02_0048_0002.uasset" 5838
"/Engine/EngineMaterials/Substrate/GLints/dict_16_192_64_0p5_0p02_0048_0003" 5839
"/Engine/EngineMaterials/Substrate/GLints/dict_16_192_64_0p5_0p02_0048_0001" 5840
"/Engine/EngineMaterials/Substrate/GLints/dict_16_192_64_0p5_0p02_0048_0002" 5841
"../../../Engine/Content/EngineMaterials/Substrate/GLints/dict_16_192_64_0p5_0p02_0048_0004.uasset" 5842
"../../../Engine/Content/EngineMaterials/Substrate/GLints/dict_16_192_64_0p5_0p02_0048_0006.uasset" 5843
"../../../Engine/Content/EngineMaterials/Substrate/GLints/dict_16_192_64_0p5_0p02_0048_0007.uasset" 5844
"../../../Engine/Content/EngineMaterials/Substrate/GLints/dict_16_192_64_0p5_0p02_0048_0005.uasset" 5845
"/Engine/EngineMaterials/Substrate/GLints/dict_16_192_64_0p5_0p02_0048_0007" 5846
"/Engine/EngineMaterials/Substrate/GLints/dict_16_192_64_0p5_0p02_0048_0006" 5847
"/Engine/EngineMaterials/Substrate/GLints/dict_16_192_64_0p5_0p02_0048_0005" 5848
"/Engine/EngineMaterials/Substrate/GLints/dict_16_192_64_0p5_0p02_0048_0004" 5849
"../../../Engine/Content/EngineMaterials/Substrate/GLints/dict_16_192_64_0p5_0p02_0048_0009.uasset" 5850
"../../../Engine/Content/EngineMaterials/Substrate/GLints/dict_16_192_64_0p5_0p02_0048_0010.uasset" 5851
"../../../Engine/Content/EngineMaterials/Substrate/GLints/dict_16_192_64_0p5_0p02_0048_0011.uasset" 5852
"../../../Engine/Content/EngineMaterials/Substrate/GLints/dict_16_192_64_0p5_0p02_0048_0008.uasset" 5853
"../../../Engine/Content/EngineMaterials/Substrate/GLints/dict_16_192_64_0p5_0p02_0048_0012.uasset" 5854
"../../../Engine/Content/EngineMaterials/Substrate/GLints/dict_16_192_64_0p5_0p02_0048_0014.uasset" 5855
"../../../Engine/Content/EngineMaterials/Substrate/GLints/dict_16_192_64_0p5_0p02_0048_0013.uasset" 5856
"/Engine/EngineMaterials/Substrate/GLints/dict_16_192_64_0p5_0p02_0048_0012" 5857
"/Engine/EngineMaterials/Substrate/GLints/dict_16_192_64_0p5_0p02_0048_0008" 5858
"/Engine/EngineMaterials/Substrate/GLints/dict_16_192_64_0p5_0p02_0048_0011" 5859
"/Engine/EngineMaterials/Substrate/GLints/dict_16_192_64_0p5_0p02_0048_0010" 5860
"/Engine/EngineMaterials/Substrate/GLints/dict_16_192_64_0p5_0p02_0048_0013" 5861
"/Engine/EngineMaterials/Substrate/GLints/dict_16_192_64_0p5_0p02_0048_0009" 5862
"/Engine/EngineMaterials/Substrate/GLints/dict_16_192_64_0p5_0p02_0048_0014" 5863
"../../../Engine/Content/EngineMaterials/Substrate/GLints/dict_16_192_64_0p5_0p02_0049_0001.uasset" 5864
"../../../Engine/Content/EngineMaterials/Substrate/GLints/dict_16_192_64_0p5_0p02_0049_0002.uasset" 5865
"../../../Engine/Content/EngineMaterials/Substrate/GLints/dict_16_192_64_0p5_0p02_0049_0000.uasset" 5866
"../../../Engine/Content/EngineMaterials/Substrate/GLints/dict_16_192_64_0p5_0p02_0048_0015.uasset" 5867
"../../../Engine/Content/EngineMaterials/Substrate/GLints/dict_16_192_64_0p5_0p02_0049_0003.uasset" 5868
"/Engine/EngineMaterials/Substrate/GLints/dict_16_192_64_0p5_0p02_0049_0002" 5869
"/Engine/EngineMaterials/Substrate/GLints/dict_16_192_64_0p5_0p02_0049_0001" 5870
"/Engine/EngineMaterials/Substrate/GLints/dict_16_192_64_0p5_0p02_0049_0000" 5871
"../../../Engine/Content/EngineMaterials/Substrate/GLints/dict_16_192_64_0p5_0p02_0049_0005.uasset" 5872
"../../../Engine/Content/EngineMaterials/Substrate/GLints/dict_16_192_64_0p5_0p02_0049_0004.uasset" 5873
"/Engine/EngineMaterials/Substrate/GLints/dict_16_192_64_0p5_0p02_0048_0015" 5874
"/Engine/EngineMaterials/Substrate/GLints/dict_16_192_64_0p5_0p02_0049_0003" 5875
"/Engine/EngineMaterials/Substrate/GLints/dict_16_192_64_0p5_0p02_0049_0005" 5876
"/Engine/EngineMaterials/Substrate/GLints/dict_16_192_64_0p5_0p02_0049_0004" 5877
"../../../Engine/Content/EngineMaterials/Substrate/GLints/dict_16_192_64_0p5_0p02_0049_0006.uasset" 5878
"/Engine/EngineMaterials/Substrate/GLints/dict_16_192_64_0p5_0p02_0049_0006" 5879
"../../../Engine/Content/EngineMaterials/Substrate/GLints/dict_16_192_64_0p5_0p02_0049_0009.uasset" 5880
"../../../Engine/Content/EngineMaterials/Substrate/GLints/dict_16_192_64_0p5_0p02_0049_0008.uasset" 5881
"../../../Engine/Content/EngineMaterials/Substrate/GLints/dict_16_192_64_0p5_0p02_0046_0001.uasset" 5882
"../../../Engine/Content/EngineMaterials/Substrate/GLints/dict_16_192_64_0p5_0p02_0049_0007.uasset" 5883
"/Engine/EngineMaterials/Substrate/GLints/dict_16_192_64_0p5_0p02_0046_0001" 5884
"/Engine/EngineMaterials/Substrate/GLints/dict_16_192_64_0p5_0p02_0049_0007" 5885
"/Engine/EngineMaterials/Substrate/GLints/dict_16_192_64_0p5_0p02_0049_0009" 5886
"../../../Engine/Content/EngineMaterials/Substrate/GLints/dict_16_192_64_0p5_0p02_0049_0010.uasset" 5887
"/Engine/EngineMaterials/Substrate/GLints/dict_16_192_64_0p5_0p02_0049_0008" 5888
"/Engine/EngineMaterials/Substrate/GLints/dict_16_192_64_0p5_0p02_0049_0010" 5889
"../../../Engine/Content/EngineMaterials/Substrate/GLints/dict_16_192_64_0p5_0p02_0049_0011.uasset" 5890
"../../../Engine/Content/EngineMaterials/Substrate/GLints/dict_16_192_64_0p5_0p02_0049_0012.uasset" 5891
"/Engine/EngineMaterials/Substrate/GLints/dict_16_192_64_0p5_0p02_0049_0011" 5892
"/Engine/EngineMaterials/Substrate/GLints/dict_16_192_64_0p5_0p02_0049_0012" 5893
"../../../Engine/Content/EngineMaterials/Substrate/GLints/dict_16_192_64_0p5_0p02_0049_0015.uasset" 5894
"/Engine/EngineMaterials/Substrate/GLints/dict_16_192_64_0p5_0p02_0049_0015" 5895
"../../../Engine/Content/EngineMaterials/Substrate/GLints/dict_16_192_64_0p5_0p02_0049_0013.uasset" 5896
"/Engine/EngineMaterials/Substrate/GLints/dict_16_192_64_0p5_0p02_0049_0013" 5897
"../../../Engine/Content/EngineMaterials/Substrate/GLints/dict_16_192_64_0p5_0p02_0050_0000.uasset" 5898
"/Engine/EngineMaterials/Substrate/GLints/dict_16_192_64_0p5_0p02_0050_0000" 5899
"../../../Engine/Content/EngineMaterials/Substrate/GLints/dict_16_192_64_0p5_0p02_0050_0001.uasset" 5900
"/Engine/EngineMaterials/Substrate/GLints/dict_16_192_64_0p5_0p02_0050_0001" 5901
"../../../Engine/Content/EngineMaterials/Substrate/GLints/dict_16_192_64_0p5_0p02_0050_0005.uasset" 5902
"/Engine/EngineMaterials/Substrate/GLints/dict_16_192_64_0p5_0p02_0050_0005" 5903
"../../../Engine/Content/EngineMaterials/Substrate/GLints/dict_16_192_64_0p5_0p02_0050_0002.uasset" 5904
"/Engine/EngineMaterials/Substrate/GLints/dict_16_192_64_0p5_0p02_0050_0002" 5905
"../../../Engine/Content/EngineMaterials/Substrate/GLints/dict_16_192_64_0p5_0p02_0050_0004.uasset" 5906
"../../../Engine/Content/EngineMaterials/Substrate/GLints/dict_16_192_64_0p5_0p02_0050_0006.uasset" 5907
"../../../Engine/Content/EngineMaterials/Substrate/GLints/dict_16_192_64_0p5_0p02_0050_0007.uasset" 5908
"../../../Engine/Content/EngineMaterials/Substrate/GLints/dict_16_192_64_0p5_0p02_0049_0014.uasset" 5909
"../../../Engine/Content/EngineMaterials/Substrate/GLints/dict_16_192_64_0p5_0p02_0050_0008.uasset" 5910
"/Engine/EngineMaterials/Substrate/GLints/dict_16_192_64_0p5_0p02_0050_0006" 5911
"/Engine/EngineMaterials/Substrate/GLints/dict_16_192_64_0p5_0p02_0050_0004" 5912
"/Engine/EngineMaterials/Substrate/GLints/dict_16_192_64_0p5_0p02_0049_0014" 5913
"/Engine/EngineMaterials/Substrate/GLints/dict_16_192_64_0p5_0p02_0050_0007" 5914
"/Engine/EngineMaterials/Substrate/GLints/dict_16_192_64_0p5_0p02_0050_0008" 5915
"../../../Engine/Content/EngineMaterials/Substrate/GLints/dict_16_192_64_0p5_0p02_0050_0003.uasset" 5916
"../../../Engine/Content/EngineMaterials/Substrate/GLints/dict_16_192_64_0p5_0p02_0050_0010.uasset" 5917
"../../../Engine/Content/EngineMaterials/Substrate/GLints/dict_16_192_64_0p5_0p02_0050_0009.uasset" 5918
"../../../Engine/Content/EngineMaterials/Substrate/GLints/dict_16_192_64_0p5_0p02_0050_0011.uasset" 5919
"../../../Engine/Content/EngineMaterials/Substrate/GLints/dict_16_192_64_0p5_0p02_0050_0012.uasset" 5920
"../../../Engine/Content/EngineMaterials/Substrate/GLints/dict_16_192_64_0p5_0p02_0050_0014.uasset" 5921
"../../../Engine/Content/EngineMaterials/Substrate/GLints/dict_16_192_64_0p5_0p02_0050_0015.uasset" 5922
"../../../Engine/Content/EngineMaterials/Substrate/GLints/dict_16_192_64_0p5_0p02_0050_0013.uasset" 5923
"/Engine/EngineMaterials/Substrate/GLints/dict_16_192_64_0p5_0p02_0050_0013" 5924
"/Engine/EngineMaterials/Substrate/GLints/dict_16_192_64_0p5_0p02_0050_0012" 5925
"/Engine/EngineMaterials/Substrate/GLints/dict_16_192_64_0p5_0p02_0050_0011" 5926
"/Engine/EngineMaterials/Substrate/GLints/dict_16_192_64_0p5_0p02_0050_0010" 5927
"/Engine/EngineMaterials/Substrate/GLints/dict_16_192_64_0p5_0p02_0050_0003" 5928
"/Engine/EngineMaterials/Substrate/GLints/dict_16_192_64_0p5_0p02_0050_0009" 5929
"/Engine/EngineMaterials/Substrate/GLints/dict_16_192_64_0p5_0p02_0050_0015" 5930
"/Engine/EngineMaterials/Substrate/GLints/dict_16_192_64_0p5_0p02_0050_0014" 5931
"../../../Engine/Content/EngineMaterials/Substrate/GLints/dict_16_192_64_0p5_0p02_0051_0002.uasset" 5932
"../../../Engine/Content/EngineMaterials/Substrate/GLints/dict_16_192_64_0p5_0p02_0051_0000.uasset" 5933
"../../../Engine/Content/EngineMaterials/Substrate/GLints/dict_16_192_64_0p5_0p02_0051_0001.uasset" 5934
"../../../Engine/Content/EngineMaterials/Substrate/GLints/dict_16_192_64_0p5_0p02_0051_0003.uasset" 5935
"/Engine/EngineMaterials/Substrate/GLints/dict_16_192_64_0p5_0p02_0051_0001" 5936
"/Engine/EngineMaterials/Substrate/GLints/dict_16_192_64_0p5_0p02_0051_0003" 5937
"/Engine/EngineMaterials/Substrate/GLints/dict_16_192_64_0p5_0p02_0051_0002" 5938
"/Engine/EngineMaterials/Substrate/GLints/dict_16_192_64_0p5_0p02_0051_0000" 5939
"../../../Engine/Content/EngineMaterials/Substrate/GLints/dict_16_192_64_0p5_0p02_0051_0005.uasset" 5940
"../../../Engine/Content/EngineMaterials/Substrate/GLints/dict_16_192_64_0p5_0p02_0051_0006.uasset" 5941
"../../../Engine/Content/EngineMaterials/Substrate/GLints/dict_16_192_64_0p5_0p02_0051_0007.uasset" 5942
"../../../Engine/Content/EngineMaterials/Substrate/GLints/dict_16_192_64_0p5_0p02_0051_0004.uasset" 5943
"../../../Engine/Content/EngineMaterials/Substrate/GLints/dict_16_192_64_0p5_0p02_0051_0008.uasset" 5944
"/Engine/EngineMaterials/Substrate/GLints/dict_16_192_64_0p5_0p02_0051_0004" 5945
"../../../Engine/Content/EngineMaterials/Substrate/GLints/dict_16_192_64_0p5_0p02_0051_0009.uasset" 5946
"/Engine/EngineMaterials/Substrate/GLints/dict_16_192_64_0p5_0p02_0051_0008" 5947
"/Engine/EngineMaterials/Substrate/GLints/dict_16_192_64_0p5_0p02_0051_0005" 5948
"/Engine/EngineMaterials/Substrate/GLints/dict_16_192_64_0p5_0p02_0051_0007" 5949
"../../../Engine/Content/EngineMaterials/Substrate/GLints/dict_16_192_64_0p5_0p02_0051_0010.uasset" 5950
"/Engine/EngineMaterials/Substrate/GLints/dict_16_192_64_0p5_0p02_0051_0006" 5951
"../../../Engine/Content/EngineMaterials/Substrate/GLints/dict_16_192_64_0p5_0p02_0051_0013.uasset" 5952
"../../../Engine/Content/EngineMaterials/Substrate/GLints/dict_16_192_64_0p5_0p02_0051_0011.uasset" 5953
"/Engine/EngineMaterials/Substrate/GLints/dict_16_192_64_0p5_0p02_0051_0013" 5954
"/Engine/EngineMaterials/Substrate/GLints/dict_16_192_64_0p5_0p02_0051_0009" 5955
"/Engine/EngineMaterials/Substrate/GLints/dict_16_192_64_0p5_0p02_0051_0011" 5956
"../../../Engine/Content/EngineMaterials/Substrate/GLints/dict_16_192_64_0p5_0p02_0051_0012.uasset" 5957
"/Engine/EngineMaterials/Substrate/GLints/dict_16_192_64_0p5_0p02_0051_0010" 5958
"/Engine/EngineMaterials/Substrate/GLints/dict_16_192_64_0p5_0p02_0051_0012" 5959
"../../../Engine/Content/EngineMaterials/Substrate/GLints/dict_16_192_64_0p5_0p02_0052_0000.uasset" 5960
"../../../Engine/Content/EngineMaterials/Substrate/GLints/dict_16_192_64_0p5_0p02_0051_0014.uasset" 5961
"../../../Engine/Content/EngineMaterials/Substrate/GLints/dict_16_192_64_0p5_0p02_0051_0015.uasset" 5962
"../../../Engine/Content/EngineMaterials/Substrate/GLints/dict_16_192_64_0p5_0p02_0052_0001.uasset" 5963
"../../../Engine/Content/EngineMaterials/Substrate/GLints/dict_16_192_64_0p5_0p02_0052_0002.uasset" 5964
"/Engine/EngineMaterials/Substrate/GLints/dict_16_192_64_0p5_0p02_0052_0001" 5965
"/Engine/EngineMaterials/Substrate/GLints/dict_16_192_64_0p5_0p02_0052_0000" 5966
"/Engine/EngineMaterials/Substrate/GLints/dict_16_192_64_0p5_0p02_0051_0014" 5967
"/Engine/EngineMaterials/Substrate/GLints/dict_16_192_64_0p5_0p02_0052_0002" 5968
"/Engine/EngineMaterials/Substrate/GLints/dict_16_192_64_0p5_0p02_0051_0015" 5969
"../../../Engine/Content/EngineMaterials/Substrate/GLints/dict_16_192_64_0p5_0p02_0052_0005.uasset" 5970
"../../../Engine/Content/EngineMaterials/Substrate/GLints/dict_16_192_64_0p5_0p02_0052_0004.uasset" 5971
"../../../Engine/Content/EngineMaterials/Substrate/GLints/dict_16_192_64_0p5_0p02_0052_0003.uasset" 5972
"../../../Engine/Content/EngineMaterials/Substrate/GLints/dict_16_192_64_0p5_0p02_0052_0007.uasset" 5973
"/Engine/EngineMaterials/Substrate/GLints/dict_16_192_64_0p5_0p02_0052_0005" 5974
"../../../Engine/Content/EngineMaterials/Substrate/GLints/dict_16_192_64_0p5_0p02_0052_0008.uasset" 5975
"/Engine/EngineMaterials/Substrate/GLints/dict_16_192_64_0p5_0p02_0052_0004" 5976
"../../../Engine/Content/EngineMaterials/Substrate/GLints/dict_16_192_64_0p5_0p02_0052_0010.uasset" 5977
"../../../Engine/Content/EngineMaterials/Substrate/GLints/dict_16_192_64_0p5_0p02_0052_0006.uasset" 5978
"/Engine/EngineMaterials/Substrate/GLints/dict_16_192_64_0p5_0p02_0052_0007" 5979
"/Engine/EngineMaterials/Substrate/GLints/dict_16_192_64_0p5_0p02_0052_0003" 5980
"/Engine/EngineMaterials/Substrate/GLints/dict_16_192_64_0p5_0p02_0052_0006" 5981
"/Engine/EngineMaterials/Substrate/GLints/dict_16_192_64_0p5_0p02_0052_0010" 5982
"/Engine/EngineMaterials/Substrate/GLints/dict_16_192_64_0p5_0p02_0052_0008" 5983
"../../../Engine/Content/EngineMaterials/Substrate/GLints/dict_16_192_64_0p5_0p02_0052_0009.uasset" 5984
"../../../Engine/Content/EngineMaterials/Substrate/GLints/dict_16_192_64_0p5_0p02_0052_0011.uasset" 5985
"../../../Engine/Content/EngineMaterials/Substrate/GLints/dict_16_192_64_0p5_0p02_0052_0012.uasset" 5986
"../../../Engine/Content/EngineMaterials/Substrate/GLints/dict_16_192_64_0p5_0p02_0052_0013.uasset" 5987
"../../../Engine/Content/EngineMaterials/Substrate/GLints/dict_16_192_64_0p5_0p02_0052_0015.uasset" 5988
"/Engine/EngineMaterials/Substrate/GLints/dict_16_192_64_0p5_0p02_0052_0013" 5989
"/Engine/EngineMaterials/Substrate/GLints/dict_16_192_64_0p5_0p02_0052_0012" 5990
"/Engine/EngineMaterials/Substrate/GLints/dict_16_192_64_0p5_0p02_0052_0011" 5991
"/Engine/EngineMaterials/Substrate/GLints/dict_16_192_64_0p5_0p02_0052_0009" 5992
"/Engine/EngineMaterials/Substrate/GLints/dict_16_192_64_0p5_0p02_0052_0015" 5993
"../../../Engine/Content/EngineMaterials/Substrate/GLints/dict_16_192_64_0p5_0p02_0053_0001.uasset" 5994
"../../../Engine/Content/EngineMaterials/Substrate/GLints/dict_16_192_64_0p5_0p02_0053_0002.uasset" 5995
"../../../Engine/Content/EngineMaterials/Substrate/GLints/dict_16_192_64_0p5_0p02_0053_0000.uasset" 5996
"../../../Engine/Content/EngineMaterials/Substrate/GLints/dict_16_192_64_0p5_0p02_0052_0014.uasset" 5997
"../../../Engine/Content/EngineMaterials/Substrate/GLints/dict_16_192_64_0p5_0p02_0053_0003.uasset" 5998
"../../../Engine/Content/EngineMaterials/Substrate/GLints/dict_16_192_64_0p5_0p02_0053_0004.uasset" 5999
"../../../Engine/Content/EngineMaterials/Substrate/GLints/dict_16_192_64_0p5_0p02_0053_0005.uasset" 6000
"/Engine/EngineMaterials/Substrate/GLints/dict_16_192_64_0p5_0p02_0052_0014" 6001
"/Engine/EngineMaterials/Substrate/GLints/dict_16_192_64_0p5_0p02_0053_0003" 6002
"/Engine/EngineMaterials/Substrate/GLints/dict_16_192_64_0p5_0p02_0053_0002" 6003
"/Engine/EngineMaterials/Substrate/GLints/dict_16_192_64_0p5_0p02_0053_0005" 6004
"/Engine/EngineMaterials/Substrate/GLints/dict_16_192_64_0p5_0p02_0053_0001" 6005
"/Engine/EngineMaterials/Substrate/GLints/dict_16_192_64_0p5_0p02_0053_0004" 6006
"/Engine/EngineMaterials/Substrate/GLints/dict_16_192_64_0p5_0p02_0053_0000" 6007
"../../../Engine/Content/EngineMaterials/Substrate/GLints/dict_16_192_64_0p5_0p02_0053_0006.uasset" 6008
"../../../Engine/Content/EngineMaterials/Substrate/GLints/dict_16_192_64_0p5_0p02_0053_0008.uasset" 6009
"../../../Engine/Content/EngineMaterials/Substrate/GLints/dict_16_192_64_0p5_0p02_0053_0010.uasset" 6010
"../../../Engine/Content/EngineMaterials/Substrate/GLints/dict_16_192_64_0p5_0p02_0053_0009.uasset" 6011
"/Engine/EngineMaterials/Substrate/GLints/dict_16_192_64_0p5_0p02_0053_0008" 6012
"/Engine/EngineMaterials/Substrate/GLints/dict_16_192_64_0p5_0p02_0053_0010" 6013
"/Engine/EngineMaterials/Substrate/GLints/dict_16_192_64_0p5_0p02_0053_0009" 6014
"/Engine/EngineMaterials/Substrate/GLints/dict_16_192_64_0p5_0p02_0053_0006" 6015
"../../../Engine/Content/EngineMaterials/Substrate/GLints/dict_16_192_64_0p5_0p02_0053_0011.uasset" 6016
"../../../Engine/Content/EngineMaterials/Substrate/GLints/dict_16_192_64_0p5_0p02_0053_0013.uasset" 6017
"../../../Engine/Content/EngineMaterials/Substrate/GLints/dict_16_192_64_0p5_0p02_0053_0014.uasset" 6018
"/Engine/EngineMaterials/Substrate/GLints/dict_16_192_64_0p5_0p02_0053_0013" 6019
"/Engine/EngineMaterials/Substrate/GLints/dict_16_192_64_0p5_0p02_0053_0011" 6020
"/Engine/EngineMaterials/Substrate/GLints/dict_16_192_64_0p5_0p02_0053_0014" 6021
"../../../Engine/Content/EngineMaterials/Substrate/GLints/dict_16_192_64_0p5_0p02_0053_0012.uasset" 6022
"../../../Engine/Content/EngineMaterials/Substrate/GLints/dict_16_192_64_0p5_0p02_0054_0000.uasset" 6023
"../../../Engine/Content/EngineMaterials/Substrate/GLints/dict_16_192_64_0p5_0p02_0054_0001.uasset" 6024
"../../../Engine/Content/EngineMaterials/Substrate/GLints/dict_16_192_64_0p5_0p02_0053_0015.uasset" 6025
"/Engine/EngineMaterials/Substrate/GLints/dict_16_192_64_0p5_0p02_0053_0012" 6026
"/Engine/EngineMaterials/Substrate/GLints/dict_16_192_64_0p5_0p02_0054_0001" 6027
"../../../Engine/Content/EngineMaterials/Substrate/GLints/dict_16_192_64_0p5_0p02_0054_0003.uasset" 6028
"../../../Engine/Content/EngineMaterials/Substrate/GLints/dict_16_192_64_0p5_0p02_0053_0007.uasset" 6029
"/Engine/EngineMaterials/Substrate/GLints/dict_16_192_64_0p5_0p02_0054_0000" 6030
"/Engine/EngineMaterials/Substrate/GLints/dict_16_192_64_0p5_0p02_0053_0015" 6031
"../../../Engine/Content/EngineMaterials/Substrate/GLints/dict_16_192_64_0p5_0p02_0054_0004.uasset" 6032
"/Engine/EngineMaterials/Substrate/GLints/dict_16_192_64_0p5_0p02_0053_0007" 6033
"/Engine/EngineMaterials/Substrate/GLints/dict_16_192_64_0p5_0p02_0054_0004" 6034
"/Engine/EngineMaterials/Substrate/GLints/dict_16_192_64_0p5_0p02_0054_0003" 6035
"../../../Engine/Content/EngineMaterials/Substrate/GLints/dict_16_192_64_0p5_0p02_0054_0006.uasset" 6036
"../../../Engine/Content/EngineMaterials/Substrate/GLints/dict_16_192_64_0p5_0p02_0054_0008.uasset" 6037
"../../../Engine/Content/EngineMaterials/Substrate/GLints/dict_16_192_64_0p5_0p02_0054_0005.uasset" 6038
"../../../Engine/Content/EngineMaterials/Substrate/GLints/dict_16_192_64_0p5_0p02_0054_0002.uasset" 6039
"/Engine/EngineMaterials/Substrate/GLints/dict_16_192_64_0p5_0p02_0054_0002" 6040
"/Engine/EngineMaterials/Substrate/GLints/dict_16_192_64_0p5_0p02_0054_0006" 6041
"/Engine/EngineMaterials/Substrate/GLints/dict_16_192_64_0p5_0p02_0054_0005" 6042
"/Engine/EngineMaterials/Substrate/GLints/dict_16_192_64_0p5_0p02_0054_0008" 6043
"../../../Engine/Content/EngineMaterials/Substrate/GLints/dict_16_192_64_0p5_0p02_0054_0009.uasset" 6044
"../../../Engine/Content/EngineMaterials/Substrate/GLints/dict_16_192_64_0p5_0p02_0054_0010.uasset" 6045
"../../../Engine/Content/EngineMaterials/Substrate/GLints/dict_16_192_64_0p5_0p02_0054_0012.uasset" 6046
"../../../Engine/Content/EngineMaterials/Substrate/GLints/dict_16_192_64_0p5_0p02_0054_0011.uasset" 6047
"../../../Engine/Content/EngineMaterials/Substrate/GLints/dict_16_192_64_0p5_0p02_0054_0013.uasset" 6048
"/Engine/EngineMaterials/Substrate/GLints/dict_16_192_64_0p5_0p02_0054_0009" 6049
"/Engine/EngineMaterials/Substrate/GLints/dict_16_192_64_0p5_0p02_0054_0012" 6050
"../../../Engine/Content/EngineMaterials/Substrate/GLints/dict_16_192_64_0p5_0p02_0054_0015.uasset" 6051
"/Engine/EngineMaterials/Substrate/GLints/dict_16_192_64_0p5_0p02_0054_0011" 6052
"../../../Engine/Content/EngineMaterials/Substrate/GLints/dict_16_192_64_0p5_0p02_0054_0014.uasset" 6053
"/Engine/EngineMaterials/Substrate/GLints/dict_16_192_64_0p5_0p02_0054_0010" 6054
"/Engine/EngineMaterials/Substrate/GLints/dict_16_192_64_0p5_0p02_0054_0014" 6055
"/Engine/EngineMaterials/Substrate/GLints/dict_16_192_64_0p5_0p02_0054_0013" 6056
"/Engine/EngineMaterials/Substrate/GLints/dict_16_192_64_0p5_0p02_0054_0015" 6057
"../../../Engine/Content/EngineMaterials/Substrate/GLints/dict_16_192_64_0p5_0p02_0055_0000.uasset" 6058
"../../../Engine/Content/EngineMaterials/Substrate/GLints/dict_16_192_64_0p5_0p02_0055_0003.uasset" 6059
"../../../Engine/Content/EngineMaterials/Substrate/GLints/dict_16_192_64_0p5_0p02_0055_0001.uasset" 6060
"../../../Engine/Content/EngineMaterials/Substrate/GLints/dict_16_192_64_0p5_0p02_0055_0002.uasset" 6061
"/Engine/EngineMaterials/Substrate/GLints/dict_16_192_64_0p5_0p02_0055_0003" 6062
"../../../Engine/Content/EngineMaterials/Substrate/GLints/dict_16_192_64_0p5_0p02_0055_0004.uasset" 6063
"/Engine/EngineMaterials/Substrate/GLints/dict_16_192_64_0p5_0p02_0055_0002" 6064
"/Engine/EngineMaterials/Substrate/GLints/dict_16_192_64_0p5_0p02_0055_0001" 6065
"/Engine/EngineMaterials/Substrate/GLints/dict_16_192_64_0p5_0p02_0055_0000" 6066
"/Engine/EngineMaterials/Substrate/GLints/dict_16_192_64_0p5_0p02_0055_0004" 6067
"../../../Engine/Content/EngineMaterials/Substrate/GLints/dict_16_192_64_0p5_0p02_0055_0005.uasset" 6068
"../../../Engine/Content/EngineMaterials/Substrate/GLints/dict_16_192_64_0p5_0p02_0055_0007.uasset" 6069
"../../../Engine/Content/EngineMaterials/Substrate/GLints/dict_16_192_64_0p5_0p02_0055_0006.uasset" 6070
"../../../Engine/Content/EngineMaterials/Substrate/GLints/dict_16_192_64_0p5_0p02_0055_0008.uasset" 6071
"../../../Engine/Content/EngineMaterials/Substrate/GLints/dict_16_192_64_0p5_0p02_0055_0009.uasset" 6072
"../../../Engine/Content/EngineMaterials/Substrate/GLints/dict_16_192_64_0p5_0p02_0055_0010.uasset" 6073
"/Engine/EngineMaterials/Substrate/GLints/dict_16_192_64_0p5_0p02_0055_0009" 6074
"/Engine/EngineMaterials/Substrate/GLints/dict_16_192_64_0p5_0p02_0055_0005" 6075
"/Engine/EngineMaterials/Substrate/GLints/dict_16_192_64_0p5_0p02_0055_0008" 6076
"/Engine/EngineMaterials/Substrate/GLints/dict_16_192_64_0p5_0p02_0055_0007" 6077
"../../../Engine/Content/EngineMaterials/Substrate/GLints/dict_16_192_64_0p5_0p02_0055_0011.uasset" 6078
"/Engine/EngineMaterials/Substrate/GLints/dict_16_192_64_0p5_0p02_0055_0006" 6079
"/Engine/EngineMaterials/Substrate/GLints/dict_16_192_64_0p5_0p02_0055_0010" 6080
"/Engine/EngineMaterials/Substrate/GLints/dict_16_192_64_0p5_0p02_0055_0011" 6081
"../../../Engine/Content/EngineMaterials/Substrate/GLints/dict_16_192_64_0p5_0p02_0055_0012.uasset" 6082
"../../../Engine/Content/EngineMaterials/Substrate/GLints/dict_16_192_64_0p5_0p02_0055_0014.uasset" 6083
"../../../Engine/Content/EngineMaterials/Substrate/GLints/dict_16_192_64_0p5_0p02_0055_0013.uasset" 6084
"../../../Engine/Content/EngineMaterials/Substrate/GLints/dict_16_192_64_0p5_0p02_0055_0015.uasset" 6085
"/Engine/EngineMaterials/Substrate/GLints/dict_16_192_64_0p5_0p02_0055_0012" 6086
"/Engine/EngineMaterials/Substrate/GLints/dict_16_192_64_0p5_0p02_0055_0015" 6087
"/Engine/EngineMaterials/Substrate/GLints/dict_16_192_64_0p5_0p02_0055_0014" 6088
"../../../Engine/Content/EngineMaterials/Substrate/GLints/dict_16_192_64_0p5_0p02_0056_0002.uasset" 6089
"../../../Engine/Content/EngineMaterials/Substrate/GLints/dict_16_192_64_0p5_0p02_0056_0000.uasset" 6090
"/Engine/EngineMaterials/Substrate/GLints/dict_16_192_64_0p5_0p02_0055_0013" 6091
"../../../Engine/Content/EngineMaterials/Substrate/GLints/dict_16_192_64_0p5_0p02_0056_0001.uasset" 6092
"/Engine/EngineMaterials/Substrate/GLints/dict_16_192_64_0p5_0p02_0056_0000" 6093
"/Engine/EngineMaterials/Substrate/GLints/dict_16_192_64_0p5_0p02_0056_0002" 6094
"/Engine/EngineMaterials/Substrate/GLints/dict_16_192_64_0p5_0p02_0056_0001" 6095
"../../../Engine/Content/EngineMaterials/Substrate/GLints/dict_16_192_64_0p5_0p02_0056_0003.uasset" 6096
"../../../Engine/Content/EngineMaterials/Substrate/GLints/dict_16_192_64_0p5_0p02_0056_0004.uasset" 6097
"../../../Engine/Content/EngineMaterials/Substrate/GLints/dict_16_192_64_0p5_0p02_0056_0006.uasset" 6098
"../../../Engine/Content/EngineMaterials/Substrate/GLints/dict_16_192_64_0p5_0p02_0056_0005.uasset" 6099
"/Engine/EngineMaterials/Substrate/GLints/dict_16_192_64_0p5_0p02_0056_0006" 6100
"/Engine/EngineMaterials/Substrate/GLints/dict_16_192_64_0p5_0p02_0056_0005" 6101
"../../../Engine/Content/EngineMaterials/Substrate/GLints/dict_16_192_64_0p5_0p02_0056_0007.uasset" 6102
"/Engine/EngineMaterials/Substrate/GLints/dict_16_192_64_0p5_0p02_0056_0003" 6103
"/Engine/EngineMaterials/Substrate/GLints/dict_16_192_64_0p5_0p02_0056_0004" 6104
"/Engine/EngineMaterials/Substrate/GLints/dict_16_192_64_0p5_0p02_0056_0007" 6105
"../../../Engine/Content/EngineMaterials/Substrate/GLints/dict_16_192_64_0p5_0p02_0056_0009.uasset" 6106
"../../../Engine/Content/EngineMaterials/Substrate/GLints/dict_16_192_64_0p5_0p02_0056_0008.uasset" 6107
"../../../Engine/Content/EngineMaterials/Substrate/GLints/dict_16_192_64_0p5_0p02_0056_0010.uasset" 6108
"../../../Engine/Content/EngineMaterials/Substrate/GLints/dict_16_192_64_0p5_0p02_0056_0011.uasset" 6109
"../../../Engine/Content/EngineMaterials/Substrate/GLints/dict_16_192_64_0p5_0p02_0056_0012.uasset" 6110
"../../../Engine/Content/EngineMaterials/Substrate/GLints/dict_16_192_64_0p5_0p02_0056_0013.uasset" 6111
"/Engine/EngineMaterials/Substrate/GLints/dict_16_192_64_0p5_0p02_0056_0011" 6112
"/Engine/EngineMaterials/Substrate/GLints/dict_16_192_64_0p5_0p02_0056_0013" 6113
"/Engine/EngineMaterials/Substrate/GLints/dict_16_192_64_0p5_0p02_0056_0010" 6114
"/Engine/EngineMaterials/Substrate/GLints/dict_16_192_64_0p5_0p02_0056_0009" 6115
"/Engine/EngineMaterials/Substrate/GLints/dict_16_192_64_0p5_0p02_0056_0012" 6116
"/Engine/EngineMaterials/Substrate/GLints/dict_16_192_64_0p5_0p02_0056_0008" 6117
"../../../Engine/Content/EngineMaterials/Substrate/GLints/dict_16_192_64_0p5_0p02_0056_0014.uasset" 6118
"../../../Engine/Content/EngineMaterials/Substrate/GLints/dict_16_192_64_0p5_0p02_0057_0000.uasset" 6119
"../../../Engine/Content/EngineMaterials/Substrate/GLints/dict_16_192_64_0p5_0p02_0057_0001.uasset" 6120
"../../../Engine/Content/EngineMaterials/Substrate/GLints/dict_16_192_64_0p5_0p02_0056_0015.uasset" 6121
"../../../Engine/Content/EngineMaterials/Substrate/GLints/dict_16_192_64_0p5_0p02_0057_0002.uasset" 6122
"/Engine/EngineMaterials/Substrate/GLints/dict_16_192_64_0p5_0p02_0056_0014" 6123
"../../../Engine/Content/EngineMaterials/Substrate/GLints/dict_16_192_64_0p5_0p02_0057_0003.uasset" 6124
"../../../Engine/Content/EngineMaterials/Substrate/GLints/dict_16_192_64_0p5_0p02_0057_0005.uasset" 6125
"../../../Engine/Content/EngineMaterials/Substrate/GLints/dict_16_192_64_0p5_0p02_0057_0004.uasset" 6126
"/Engine/EngineMaterials/Substrate/GLints/dict_16_192_64_0p5_0p02_0057_0002" 6127
"/Engine/EngineMaterials/Substrate/GLints/dict_16_192_64_0p5_0p02_0057_0001" 6128
"/Engine/EngineMaterials/Substrate/GLints/dict_16_192_64_0p5_0p02_0057_0000" 6129
"/Engine/EngineMaterials/Substrate/GLints/dict_16_192_64_0p5_0p02_0056_0015" 6130
"/Engine/EngineMaterials/Substrate/GLints/dict_16_192_64_0p5_0p02_0057_0003" 6131
"/Engine/EngineMaterials/Substrate/GLints/dict_16_192_64_0p5_0p02_0057_0005" 6132
"/Engine/EngineMaterials/Substrate/GLints/dict_16_192_64_0p5_0p02_0057_0004" 6133
"../../../Engine/Content/EngineMaterials/Substrate/GLints/dict_16_192_64_0p5_0p02_0054_0007.uasset" 6134
"../../../Engine/Content/EngineMaterials/Substrate/GLints/dict_16_192_64_0p5_0p02_0057_0006.uasset" 6135
"../../../Engine/Content/EngineMaterials/Substrate/GLints/dict_16_192_64_0p5_0p02_0057_0009.uasset" 6136
"../../../Engine/Content/EngineMaterials/Substrate/GLints/dict_16_192_64_0p5_0p02_0057_0007.uasset" 6137
"../../../Engine/Content/EngineMaterials/Substrate/GLints/dict_16_192_64_0p5_0p02_0057_0008.uasset" 6138
"/Engine/EngineMaterials/Substrate/GLints/dict_16_192_64_0p5_0p02_0057_0009" 6139
"/Engine/EngineMaterials/Substrate/GLints/dict_16_192_64_0p5_0p02_0057_0008" 6140
"../../../Engine/Content/EngineMaterials/Substrate/GLints/dict_16_192_64_0p5_0p02_0057_0010.uasset" 6141
"/Engine/EngineMaterials/Substrate/GLints/dict_16_192_64_0p5_0p02_0057_0007" 6142
"/Engine/EngineMaterials/Substrate/GLints/dict_16_192_64_0p5_0p02_0057_0006" 6143
"/Engine/EngineMaterials/Substrate/GLints/dict_16_192_64_0p5_0p02_0054_0007" 6144
"../../../Engine/Content/EngineMaterials/Substrate/GLints/dict_16_192_64_0p5_0p02_0057_0012.uasset" 6145
"/Engine/EngineMaterials/Substrate/GLints/dict_16_192_64_0p5_0p02_0057_0010" 6146
"../../../Engine/Content/EngineMaterials/Substrate/GLints/dict_16_192_64_0p5_0p02_0057_0014.uasset" 6147
"/Engine/EngineMaterials/Substrate/GLints/dict_16_192_64_0p5_0p02_0057_0014" 6148
"../../../Engine/Content/EngineMaterials/Substrate/GLints/dict_16_192_64_0p5_0p02_0057_0013.uasset" 6149
"/Engine/EngineMaterials/Substrate/GLints/dict_16_192_64_0p5_0p02_0057_0012" 6150
"/Engine/EngineMaterials/Substrate/GLints/dict_16_192_64_0p5_0p02_0057_0013" 6151
"../../../Engine/Content/EngineMaterials/Substrate/GLints/dict_16_192_64_0p5_0p02_0057_0015.uasset" 6152
"../../../Engine/Content/EngineMaterials/Substrate/GLints/dict_16_192_64_0p5_0p02_0058_0000.uasset" 6153
"../../../Engine/Content/EngineMaterials/Substrate/GLints/dict_16_192_64_0p5_0p02_0058_0001.uasset" 6154
"../../../Engine/Content/EngineMaterials/Substrate/GLints/dict_16_192_64_0p5_0p02_0058_0002.uasset" 6155
"/Engine/EngineMaterials/Substrate/GLints/dict_16_192_64_0p5_0p02_0058_0001" 6156
"/Engine/EngineMaterials/Substrate/GLints/dict_16_192_64_0p5_0p02_0058_0002" 6157
"/Engine/EngineMaterials/Substrate/GLints/dict_16_192_64_0p5_0p02_0058_0000" 6158
"/Engine/EngineMaterials/Substrate/GLints/dict_16_192_64_0p5_0p02_0057_0015" 6159
"../../../Engine/Content/EngineMaterials/Substrate/GLints/dict_16_192_64_0p5_0p02_0058_0004.uasset" 6160
"../../../Engine/Content/EngineMaterials/Substrate/GLints/dict_16_192_64_0p5_0p02_0058_0005.uasset" 6161
"../../../Engine/Content/EngineMaterials/Substrate/GLints/dict_16_192_64_0p5_0p02_0058_0003.uasset" 6162
"../../../Engine/Content/EngineMaterials/Substrate/GLints/dict_16_192_64_0p5_0p02_0058_0006.uasset" 6163
"/Engine/EngineMaterials/Substrate/GLints/dict_16_192_64_0p5_0p02_0058_0006" 6164
"/Engine/EngineMaterials/Substrate/GLints/dict_16_192_64_0p5_0p02_0058_0005" 6165
"/Engine/EngineMaterials/Substrate/GLints/dict_16_192_64_0p5_0p02_0058_0004" 6166
"/Engine/EngineMaterials/Substrate/GLints/dict_16_192_64_0p5_0p02_0058_0003" 6167
"../../../Engine/Content/EngineMaterials/Substrate/GLints/dict_16_192_64_0p5_0p02_0058_0009.uasset" 6168
"../../../Engine/Content/EngineMaterials/Substrate/GLints/dict_16_192_64_0p5_0p02_0058_0008.uasset" 6169
"../../../Engine/Content/EngineMaterials/Substrate/GLints/dict_16_192_64_0p5_0p02_0058_0007.uasset" 6170
"../../../Engine/Content/EngineMaterials/Substrate/GLints/dict_16_192_64_0p5_0p02_0058_0010.uasset" 6171
"../../../Engine/Content/EngineMaterials/Substrate/GLints/dict_16_192_64_0p5_0p02_0058_0012.uasset" 6172
"/Engine/EngineMaterials/Substrate/GLints/dict_16_192_64_0p5_0p02_0058_0010" 6173
"/Engine/EngineMaterials/Substrate/GLints/dict_16_192_64_0p5_0p02_0058_0009" 6174
"/Engine/EngineMaterials/Substrate/GLints/dict_16_192_64_0p5_0p02_0058_0008" 6175
"../../../Engine/Content/EngineMaterials/Substrate/GLints/dict_16_192_64_0p5_0p02_0058_0013.uasset" 6176
"/Engine/EngineMaterials/Substrate/GLints/dict_16_192_64_0p5_0p02_0058_0007" 6177
"/Engine/EngineMaterials/Substrate/GLints/dict_16_192_64_0p5_0p02_0058_0012" 6178
"/Engine/EngineMaterials/Substrate/GLints/dict_16_192_64_0p5_0p02_0058_0013" 6179
"../../../Engine/Content/EngineMaterials/Substrate/GLints/dict_16_192_64_0p5_0p02_0058_0011.uasset" 6180
"../../../Engine/Content/EngineMaterials/Substrate/GLints/dict_16_192_64_0p5_0p02_0058_0014.uasset" 6181
"../../../Engine/Content/EngineMaterials/Substrate/GLints/dict_16_192_64_0p5_0p02_0058_0015.uasset" 6182
"../../../Engine/Content/EngineMaterials/Substrate/GLints/dict_16_192_64_0p5_0p02_0059_0000.uasset" 6183
"../../../Engine/Content/EngineMaterials/Substrate/GLints/dict_16_192_64_0p5_0p02_0059_0002.uasset" 6184
"/Engine/EngineMaterials/Substrate/GLints/dict_16_192_64_0p5_0p02_0058_0011" 6185
"/Engine/EngineMaterials/Substrate/GLints/dict_16_192_64_0p5_0p02_0059_0000" 6186
"/Engine/EngineMaterials/Substrate/GLints/dict_16_192_64_0p5_0p02_0058_0015" 6187
"/Engine/EngineMaterials/Substrate/GLints/dict_16_192_64_0p5_0p02_0058_0014" 6188
"/Engine/EngineMaterials/Substrate/GLints/dict_16_192_64_0p5_0p02_0059_0002" 6189
"../../../Engine/Content/EngineMaterials/Substrate/GLints/dict_16_192_64_0p5_0p02_0059_0001.uasset" 6190
"../../../Engine/Content/EngineMaterials/Substrate/GLints/dict_16_192_64_0p5_0p02_0059_0005.uasset" 6191
"../../../Engine/Content/EngineMaterials/Substrate/GLints/dict_16_192_64_0p5_0p02_0059_0003.uasset" 6192
"../../../Engine/Content/EngineMaterials/Substrate/GLints/dict_16_192_64_0p5_0p02_0059_0004.uasset" 6193
"/Engine/EngineMaterials/Substrate/GLints/dict_16_192_64_0p5_0p02_0059_0001" 6194
"/Engine/EngineMaterials/Substrate/GLints/dict_16_192_64_0p5_0p02_0059_0004" 6195
"/Engine/EngineMaterials/Substrate/GLints/dict_16_192_64_0p5_0p02_0059_0003" 6196
"/Engine/EngineMaterials/Substrate/GLints/dict_16_192_64_0p5_0p02_0059_0005" 6197
"../../../Engine/Content/EngineMaterials/Substrate/GLints/dict_16_192_64_0p5_0p02_0059_0006.uasset" 6198
"/Engine/EngineMaterials/Substrate/GLints/dict_16_192_64_0p5_0p02_0059_0006" 6199
"../../../Engine/Content/EngineMaterials/Substrate/GLints/dict_16_192_64_0p5_0p02_0059_0007.uasset" 6200
"../../../Engine/Content/EngineMaterials/Substrate/GLints/dict_16_192_64_0p5_0p02_0059_0008.uasset" 6201
"../../../Engine/Content/EngineMaterials/Substrate/GLints/dict_16_192_64_0p5_0p02_0059_0009.uasset" 6202
"../../../Engine/Content/EngineMaterials/Substrate/GLints/dict_16_192_64_0p5_0p02_0059_0010.uasset" 6203
"../../../Engine/Content/EngineMaterials/Substrate/GLints/dict_16_192_64_0p5_0p02_0059_0012.uasset" 6204
"../../../Engine/Content/EngineMaterials/Substrate/GLints/dict_16_192_64_0p5_0p02_0059_0011.uasset" 6205
"/Engine/EngineMaterials/Substrate/GLints/dict_16_192_64_0p5_0p02_0059_0009" 6206
"../../../Engine/Content/EngineMaterials/Substrate/GLints/dict_16_192_64_0p5_0p02_0059_0013.uasset" 6207
"/Engine/EngineMaterials/Substrate/GLints/dict_16_192_64_0p5_0p02_0059_0008" 6208
"/Engine/EngineMaterials/Substrate/GLints/dict_16_192_64_0p5_0p02_0059_0012" 6209
"/Engine/EngineMaterials/Substrate/GLints/dict_16_192_64_0p5_0p02_0059_0010" 6210
"/Engine/EngineMaterials/Substrate/GLints/dict_16_192_64_0p5_0p02_0059_0011" 6211
"/Engine/EngineMaterials/Substrate/GLints/dict_16_192_64_0p5_0p02_0059_0007" 6212
"/Engine/EngineMaterials/Substrate/GLints/dict_16_192_64_0p5_0p02_0059_0013" 6213
"../../../Engine/Content/EngineMaterials/Substrate/GLints/dict_16_192_64_0p5_0p02_0060_0000.uasset" 6214
"../../../Engine/Content/EngineMaterials/Substrate/GLints/dict_16_192_64_0p5_0p02_0059_0014.uasset" 6215
"../../../Engine/Content/EngineMaterials/Substrate/GLints/dict_16_192_64_0p5_0p02_0059_0015.uasset" 6216
"../../../Engine/Content/EngineMaterials/Substrate/GLints/dict_16_192_64_0p5_0p02_0060_0001.uasset" 6217
"../../../Engine/Content/EngineMaterials/Substrate/GLints/dict_16_192_64_0p5_0p02_0057_0011.uasset" 6218
"../../../Engine/Content/EngineMaterials/Substrate/GLints/dict_16_192_64_0p5_0p02_0060_0003.uasset" 6219
"../../../Engine/Content/EngineMaterials/Substrate/GLints/dict_16_192_64_0p5_0p02_0060_0002.uasset" 6220
"../../../Engine/Content/EngineMaterials/Substrate/GLints/dict_16_192_64_0p5_0p02_0060_0004.uasset" 6221
"/Engine/EngineMaterials/Substrate/GLints/dict_16_192_64_0p5_0p02_0060_0001" 6222
"/Engine/EngineMaterials/Substrate/GLints/dict_16_192_64_0p5_0p02_0060_0004" 6223
"/Engine/EngineMaterials/Substrate/GLints/dict_16_192_64_0p5_0p02_0060_0003" 6224
"/Engine/EngineMaterials/Substrate/GLints/dict_16_192_64_0p5_0p02_0060_0002" 6225
"../../../Engine/Content/EngineMaterials/Substrate/GLints/dict_16_192_64_0p5_0p02_0060_0005.uasset" 6226
"/Engine/EngineMaterials/Substrate/GLints/dict_16_192_64_0p5_0p02_0060_0000" 6227
"/Engine/EngineMaterials/Substrate/GLints/dict_16_192_64_0p5_0p02_0057_0011" 6228
"/Engine/EngineMaterials/Substrate/GLints/dict_16_192_64_0p5_0p02_0059_0015" 6229
"/Engine/EngineMaterials/Substrate/GLints/dict_16_192_64_0p5_0p02_0059_0014" 6230
"/Engine/EngineMaterials/Substrate/GLints/dict_16_192_64_0p5_0p02_0060_0005" 6231
"../../../Engine/Content/EngineMaterials/Substrate/GLints/dict_16_192_64_0p5_0p02_0060_0008.uasset" 6232
"../../../Engine/Content/EngineMaterials/Substrate/GLints/dict_16_192_64_0p5_0p02_0060_0007.uasset" 6233
"../../../Engine/Content/EngineMaterials/Substrate/GLints/dict_16_192_64_0p5_0p02_0060_0009.uasset" 6234
"../../../Engine/Content/EngineMaterials/Substrate/GLints/dict_16_192_64_0p5_0p02_0060_0010.uasset" 6235
"../../../Engine/Content/EngineMaterials/Substrate/GLints/dict_16_192_64_0p5_0p02_0060_0012.uasset" 6236
"../../../Engine/Content/EngineMaterials/Substrate/GLints/dict_16_192_64_0p5_0p02_0060_0013.uasset" 6237
"../../../Engine/Content/EngineMaterials/Substrate/GLints/dict_16_192_64_0p5_0p02_0060_0011.uasset" 6238
"/Engine/EngineMaterials/Substrate/GLints/dict_16_192_64_0p5_0p02_0060_0011" 6239
"/Engine/EngineMaterials/Substrate/GLints/dict_16_192_64_0p5_0p02_0060_0009" 6240
"/Engine/EngineMaterials/Substrate/GLints/dict_16_192_64_0p5_0p02_0060_0008" 6241
"/Engine/EngineMaterials/Substrate/GLints/dict_16_192_64_0p5_0p02_0060_0013" 6242
"/Engine/EngineMaterials/Substrate/GLints/dict_16_192_64_0p5_0p02_0060_0010" 6243
"/Engine/EngineMaterials/Substrate/GLints/dict_16_192_64_0p5_0p02_0060_0007" 6244
"/Engine/EngineMaterials/Substrate/GLints/dict_16_192_64_0p5_0p02_0060_0012" 6245
"../../../Engine/Content/EngineMaterials/Substrate/GLints/dict_16_192_64_0p5_0p02_0060_0014.uasset" 6246
"/Engine/EngineMaterials/Substrate/GLints/dict_16_192_64_0p5_0p02_0060_0014" 6247
"../../../Engine/Content/EngineMaterials/Substrate/GLints/dict_16_192_64_0p5_0p02_0061_0001.uasset" 6248
"../../../Engine/Content/EngineMaterials/Substrate/GLints/dict_16_192_64_0p5_0p02_0061_0000.uasset" 6249
"../../../Engine/Content/EngineMaterials/Substrate/GLints/dict_16_192_64_0p5_0p02_0060_0015.uasset" 6250
"../../../Engine/Content/EngineMaterials/Substrate/GLints/dict_16_192_64_0p5_0p02_0061_0002.uasset" 6251
"/Engine/EngineMaterials/Substrate/GLints/dict_16_192_64_0p5_0p02_0061_0000" 6252
"/Engine/EngineMaterials/Substrate/GLints/dict_16_192_64_0p5_0p02_0061_0002" 6253
"/Engine/EngineMaterials/Substrate/GLints/dict_16_192_64_0p5_0p02_0060_0015" 6254
"/Engine/EngineMaterials/Substrate/GLints/dict_16_192_64_0p5_0p02_0061_0001" 6255
"../../../Engine/Content/EngineMaterials/Substrate/GLints/dict_16_192_64_0p5_0p02_0061_0004.uasset" 6256
"/Engine/EngineMaterials/Substrate/GLints/dict_16_192_64_0p5_0p02_0061_0004" 6257
"../../../Engine/Content/EngineMaterials/Substrate/GLints/dict_16_192_64_0p5_0p02_0061_0003.uasset" 6258
"/Engine/EngineMaterials/Substrate/GLints/dict_16_192_64_0p5_0p02_0061_0003" 6259
"../../../Engine/Content/EngineMaterials/Substrate/GLints/dict_16_192_64_0p5_0p02_0061_0005.uasset" 6260
"../../../Engine/Content/EngineMaterials/Substrate/GLints/dict_16_192_64_0p5_0p02_0061_0006.uasset" 6261
"../../../Engine/Content/EngineMaterials/Substrate/GLints/dict_16_192_64_0p5_0p02_0061_0007.uasset" 6262
"../../../Engine/Content/EngineMaterials/Substrate/GLints/dict_16_192_64_0p5_0p02_0061_0008.uasset" 6263
"../../../Engine/Content/EngineMaterials/Substrate/GLints/dict_16_192_64_0p5_0p02_0060_0006.uasset" 6264
"../../../Engine/Content/EngineMaterials/Substrate/GLints/dict_16_192_64_0p5_0p02_0061_0009.uasset" 6265
"/Engine/EngineMaterials/Substrate/GLints/dict_16_192_64_0p5_0p02_0061_0009" 6266
"/Engine/EngineMaterials/Substrate/GLints/dict_16_192_64_0p5_0p02_0061_0008" 6267
"/Engine/EngineMaterials/Substrate/GLints/dict_16_192_64_0p5_0p02_0061_0007" 6268
"/Engine/EngineMaterials/Substrate/GLints/dict_16_192_64_0p5_0p02_0061_0006" 6269
"/Engine/EngineMaterials/Substrate/GLints/dict_16_192_64_0p5_0p02_0061_0005" 6270
"/Engine/EngineMaterials/Substrate/GLints/dict_16_192_64_0p5_0p02_0060_0006" 6271
"../../../Engine/Content/EngineMaterials/Substrate/GLints/dict_16_192_64_0p5_0p02_0061_0011.uasset" 6272
"../../../Engine/Content/EngineMaterials/Substrate/GLints/dict_16_192_64_0p5_0p02_0061_0013.uasset" 6273
"../../../Engine/Content/EngineMaterials/Substrate/GLints/dict_16_192_64_0p5_0p02_0061_0012.uasset" 6274
"/Engine/EngineMaterials/Substrate/GLints/dict_16_192_64_0p5_0p02_0061_0011" 6275
"/Engine/EngineMaterials/Substrate/GLints/dict_16_192_64_0p5_0p02_0061_0012" 6276
"../../../Engine/Content/EngineMaterials/Substrate/GLints/dict_16_192_64_0p5_0p02_0061_0015.uasset" 6277
"/Engine/EngineMaterials/Substrate/GLints/dict_16_192_64_0p5_0p02_0061_0013" 6278
"/Engine/EngineMaterials/Substrate/GLints/dict_16_192_64_0p5_0p02_0061_0015" 6279
"../../../Engine/Content/EngineMaterials/Substrate/GLints/dict_16_192_64_0p5_0p02_0062_0001.uasset" 6280
"../../../Engine/Content/EngineMaterials/Substrate/GLints/dict_16_192_64_0p5_0p02_0062_0002.uasset" 6281
"../../../Engine/Content/EngineMaterials/Substrate/GLints/dict_16_192_64_0p5_0p02_0061_0014.uasset" 6282
"../../../Engine/Content/EngineMaterials/Substrate/GLints/dict_16_192_64_0p5_0p02_0062_0000.uasset" 6283
"/Engine/EngineMaterials/Substrate/GLints/dict_16_192_64_0p5_0p02_0062_0002" 6284
"/Engine/EngineMaterials/Substrate/GLints/dict_16_192_64_0p5_0p02_0062_0001" 6285
"/Engine/EngineMaterials/Substrate/GLints/dict_16_192_64_0p5_0p02_0062_0000" 6286
"/Engine/EngineMaterials/Substrate/GLints/dict_16_192_64_0p5_0p02_0061_0014" 6287
"../../../Engine/Content/EngineMaterials/Substrate/GLints/dict_16_192_64_0p5_0p02_0062_0003.uasset" 6288
"/Engine/EngineMaterials/Substrate/GLints/dict_16_192_64_0p5_0p02_0062_0003" 6289
"../../../Engine/Content/EngineMaterials/Substrate/GLints/dict_16_192_64_0p5_0p02_0062_0004.uasset" 6290
"../../../Engine/Content/EngineMaterials/Substrate/GLints/dict_16_192_64_0p5_0p02_0062_0007.uasset" 6291
"../../../Engine/Content/EngineMaterials/Substrate/GLints/dict_16_192_64_0p5_0p02_0062_0006.uasset" 6292
"../../../Engine/Content/EngineMaterials/Substrate/GLints/dict_16_192_64_0p5_0p02_0062_0005.uasset" 6293
"/Engine/EngineMaterials/Substrate/GLints/dict_16_192_64_0p5_0p02_0062_0004" 6294
"../../../Engine/Content/EngineMaterials/Substrate/GLints/dict_16_192_64_0p5_0p02_0062_0008.uasset" 6295
"/Engine/EngineMaterials/Substrate/GLints/dict_16_192_64_0p5_0p02_0062_0005" 6296
"/Engine/EngineMaterials/Substrate/GLints/dict_16_192_64_0p5_0p02_0062_0007" 6297
"/Engine/EngineMaterials/Substrate/GLints/dict_16_192_64_0p5_0p02_0062_0006" 6298
"/Engine/EngineMaterials/Substrate/GLints/dict_16_192_64_0p5_0p02_0062_0008" 6299
"../../../Engine/Content/EngineMaterials/Substrate/GLints/dict_16_192_64_0p5_0p02_0062_0009.uasset" 6300
"../../../Engine/Content/EngineMaterials/Substrate/GLints/dict_16_192_64_0p5_0p02_0062_0010.uasset" 6301
"../../../Engine/Content/EngineMaterials/Substrate/GLints/dict_16_192_64_0p5_0p02_0062_0011.uasset" 6302
"../../../Engine/Content/EngineMaterials/Substrate/GLints/dict_16_192_64_0p5_0p02_0062_0012.uasset" 6303
"/Engine/EngineMaterials/Substrate/GLints/dict_16_192_64_0p5_0p02_0062_0012" 6304
"../../../Engine/Content/EngineMaterials/Substrate/GLints/dict_16_192_64_0p5_0p02_0062_0013.uasset" 6305
"../../../Engine/Content/EngineMaterials/Substrate/GLints/dict_16_192_64_0p5_0p02_0061_0010.uasset" 6306
"/Engine/EngineMaterials/Substrate/GLints/dict_16_192_64_0p5_0p02_0062_0011" 6307
"/Engine/EngineMaterials/Substrate/GLints/dict_16_192_64_0p5_0p02_0062_0010" 6308
"/Engine/EngineMaterials/Substrate/GLints/dict_16_192_64_0p5_0p02_0062_0009" 6309
"/Engine/EngineMaterials/Substrate/GLints/dict_16_192_64_0p5_0p02_0061_0010" 6310
"/Engine/EngineMaterials/Substrate/GLints/dict_16_192_64_0p5_0p02_0062_0013" 6311
"../../../Engine/Content/EngineMaterials/Substrate/GLints/dict_16_192_64_0p5_0p02_0062_0014.uasset" 6312
"../../../Engine/Content/EngineMaterials/Substrate/GLints/dict_16_192_64_0p5_0p02_0062_0015.uasset" 6313
"../../../Engine/Content/EngineMaterials/Substrate/GLints/dict_16_192_64_0p5_0p02_0063_0001.uasset" 6314
"../../../Engine/Content/EngineMaterials/Substrate/GLints/dict_16_192_64_0p5_0p02_0063_0002.uasset" 6315
"/Engine/EngineMaterials/Substrate/GLints/dict_16_192_64_0p5_0p02_0063_0002" 6316
"/Engine/EngineMaterials/Substrate/GLints/dict_16_192_64_0p5_0p02_0063_0001" 6317
"/Engine/EngineMaterials/Substrate/GLints/dict_16_192_64_0p5_0p02_0062_0015" 6318
"/Engine/EngineMaterials/Substrate/GLints/dict_16_192_64_0p5_0p02_0062_0014" 6319
"../../../Engine/Content/EngineMaterials/Substrate/GLints/dict_16_192_64_0p5_0p02_0063_0004.uasset" 6320
"../../../Engine/Content/EngineMaterials/Substrate/GLints/dict_16_192_64_0p5_0p02_0063_0003.uasset" 6321
"../../../Engine/Content/EngineMaterials/Substrate/GLints/dict_16_192_64_0p5_0p02_0063_0005.uasset" 6322
"../../../Engine/Content/EngineMaterials/Substrate/GLints/dict_16_192_64_0p5_0p02_0063_0007.uasset" 6323
"../../../Engine/Content/EngineMaterials/Substrate/GLints/dict_16_192_64_0p5_0p02_0063_0006.uasset" 6324
"../../../Engine/Content/EngineMaterials/Substrate/GLints/dict_16_192_64_0p5_0p02_0063_0008.uasset" 6325
"../../../Engine/Content/EngineMaterials/Substrate/GLints/dict_16_192_64_0p5_0p02_0063_0009.uasset" 6326
"/Engine/EngineMaterials/Substrate/GLints/dict_16_192_64_0p5_0p02_0063_0009" 6327
"/Engine/EngineMaterials/Substrate/GLints/dict_16_192_64_0p5_0p02_0063_0003" 6328
"/Engine/EngineMaterials/Substrate/GLints/dict_16_192_64_0p5_0p02_0063_0008" 6329
"/Engine/EngineMaterials/Substrate/GLints/dict_16_192_64_0p5_0p02_0063_0007" 6330
"/Engine/EngineMaterials/Substrate/GLints/dict_16_192_64_0p5_0p02_0063_0006" 6331
"/Engine/EngineMaterials/Substrate/GLints/dict_16_192_64_0p5_0p02_0063_0005" 6332
"/Engine/EngineMaterials/Substrate/GLints/dict_16_192_64_0p5_0p02_0063_0004" 6333
"../../../Engine/Content/EngineMaterials/Substrate/GLints/dict_16_192_64_0p5_0p02_0063_0011.uasset" 6334
"../../../Engine/Content/EngineMaterials/Substrate/GLints/dict_16_192_64_0p5_0p02_0063_0012.uasset" 6335
"../../../Engine/Content/EngineMaterials/Substrate/GLints/dict_16_192_64_0p5_0p02_0063_0010.uasset" 6336
"../../../Engine/Content/EngineMaterials/Substrate/GLints/dict_16_192_64_0p5_0p02_0063_0013.uasset" 6337
"../../../Engine/Content/EngineMaterials/Substrate/Glints2/dict_0000_0000.uasset" 6338
"../../../Engine/Content/EngineMaterials/Substrate/GLints/dict_16_192_64_0p5_0p02_0063_0015.uasset" 6339
"../../../Engine/Content/EngineMaterials/Substrate/GLints/dict_16_192_64_0p5_0p02_0063_0014.uasset" 6340
"../../../Engine/Content/EngineMaterials/Substrate/GLints/AGlintTex2dArray.uasset" 6341
"/Engine/EngineMaterials/Substrate/GLints/dict_16_192_64_0p5_0p02_0063_0012" 6342
"/Engine/EngineMaterials/Substrate/GLints/dict_16_192_64_0p5_0p02_0063_0011" 6343
"/Engine/EngineMaterials/Substrate/Glints2/dict_0000_0000" 6344
"/Engine/EngineMaterials/Substrate/GLints/dict_16_192_64_0p5_0p02_0063_0015" 6345
"/Engine/EngineMaterials/Substrate/GLints/dict_16_192_64_0p5_0p02_0063_0013" 6346
"/Engine/EngineMaterials/Substrate/GLints/dict_16_192_64_0p5_0p02_0063_0014" 6347
"/Engine/EngineMaterials/Substrate/GLints/dict_16_192_64_0p5_0p02_0063_0010" 6348
"../../../Engine/Content/EngineMaterials/Substrate/Glints2/dict_0000_0003.uasset" 6349
"../../../Engine/Content/EngineMaterials/Substrate/Glints2/dict_0000_0002.uasset" 6350
"../../../Engine/Content/EngineMaterials/Substrate/Glints2/dict_0000_0001.uasset" 6351
"../../../Engine/Content/EngineMaterials/Substrate/Glints2/dict_0000_0004.uasset" 6352
"../../../Engine/Content/EngineMaterials/Substrate/GLints/dict_16_192_64_0p5_0p02_0063_0000.uasset" 6353
"../../../Engine/Content/EngineMaterials/Substrate/Glints2/dict_0000_0006.uasset" 6354
"../../../Engine/Content/EngineMaterials/Substrate/Glints2/dict_0000_0005.uasset" 6355
"../../../Engine/Content/EngineMaterials/Substrate/Glints2/dict_0000_0007.uasset" 6356
"/Engine/EngineMaterials/Substrate/Glints2/dict_0000_0004" 6357
"../../../Engine/Content/EngineMaterials/Substrate/Glints2/dict_0000_0008.uasset" 6358
"/Engine/EngineMaterials/Substrate/Glints2/dict_0000_0001" 6359
"/Engine/EngineMaterials/Substrate/GLints/AGlintTex2dArray" 6360
"../../../Engine/Content/EngineMaterials/Substrate/Glints2/dict_0000_0010.uasset" 6361
"../../../Engine/Content/EngineMaterials/Substrate/Glints2/dict_0000_0011.uasset" 6362
"../../../Engine/Content/EngineMaterials/Substrate/Glints2/dict_0000_0013.uasset" 6363
"../../../Engine/Content/EngineMaterials/Substrate/Glints2/dict_0000_0012.uasset" 6364
"../../../Engine/Content/EngineMaterials/Substrate/Glints2/dict_0000_0009.uasset" 6365
"/Engine/EngineMaterials/Substrate/Glints2/dict_0000_0003" 6366
"/Engine/EngineMaterials/Substrate/Glints2/dict_0000_0002" 6367
"/Engine/EngineMaterials/Substrate/Glints2/dict_0000_0012" 6368
"/Engine/EngineMaterials/Substrate/Glints2/dict_0000_0010" 6369
"/Engine/EngineMaterials/Substrate/Glints2/dict_0000_0005" 6370
"/Engine/EngineMaterials/Substrate/Glints2/dict_0000_0009" 6371
"/Engine/EngineMaterials/Substrate/Glints2/dict_0000_0008" 6372
"/Engine/EngineMaterials/Substrate/Glints2/dict_0000_0011" 6373
"/Engine/EngineMaterials/Substrate/Glints2/dict_0000_0007" 6374
"/Engine/EngineMaterials/Substrate/Glints2/dict_0000_0006" 6375
"/Engine/EngineMaterials/Substrate/Glints2/dict_0000_0013" 6376
"../../../Engine/Content/EngineMaterials/Substrate/Glints2/dict_0000_0015.uasset" 6377
"../../../Engine/Content/EngineMaterials/Substrate/Glints2/dict_0000_0014.uasset" 6378
"../../../Engine/Content/EngineMaterials/Substrate/Glints2/dict_0000_0017.uasset" 6379
"../../../Engine/Content/EngineMaterials/Substrate/Glints2/dict_0000_0016.uasset" 6380
"../../../Engine/Content/EngineMaterials/Substrate/Glints2/dict_0000_0018.uasset" 6381
"../../../Engine/Content/EngineMaterials/Substrate/Glints2/dict_0000_0021.uasset" 6382
"../../../Engine/Content/EngineMaterials/Substrate/Glints2/dict_0000_0022.uasset" 6383
"../../../Engine/Content/EngineMaterials/Substrate/Glints2/dict_0000_0020.uasset" 6384
"../../../Engine/Content/EngineMaterials/Substrate/Glints2/dict_0000_0025.uasset" 6385
"../../../Engine/Content/EngineMaterials/Substrate/Glints2/dict_0000_0026.uasset" 6386
"../../../Engine/Content/EngineMaterials/Substrate/Glints2/dict_0000_0024.uasset" 6387
"/Engine/EngineMaterials/Substrate/Glints2/dict_0000_0016" 6388
"/Engine/EngineMaterials/Substrate/Glints2/dict_0000_0022" 6389
"/Engine/EngineMaterials/Substrate/Glints2/dict_0000_0015" 6390
"/Engine/EngineMaterials/Substrate/Glints2/dict_0000_0021" 6391
"/Engine/EngineMaterials/Substrate/Glints2/dict_0000_0020" 6392
"../../../Engine/Content/EngineMaterials/Substrate/Glints2/dict_0000_0027.uasset" 6393
"../../../Engine/Content/EngineMaterials/Substrate/Glints2/dict_0000_0019.uasset" 6394
"/Engine/EngineMaterials/Substrate/Glints2/dict_0000_0018" 6395
"/Engine/EngineMaterials/Substrate/Glints2/dict_0000_0014" 6396
"/Engine/EngineMaterials/Substrate/Glints2/dict_0000_0026" 6397
"/Engine/EngineMaterials/Substrate/Glints2/dict_0000_0017" 6398
"/Engine/EngineMaterials/Substrate/Glints2/dict_0000_0025" 6399
"/Engine/EngineMaterials/Substrate/Glints2/dict_0000_0024" 6400
"/Engine/EngineMaterials/Substrate/Glints2/dict_0000_0019" 6401
"/Engine/EngineMaterials/Substrate/Glints2/dict_0000_0027" 6402
"../../../Engine/Content/EngineMaterials/Substrate/Glints2/dict_0000_0028.uasset" 6403
"../../../Engine/Content/EngineMaterials/Substrate/Glints2/dict_0000_0031.uasset" 6404
"../../../Engine/Content/EngineMaterials/Substrate/Glints2/dict_0000_0029.uasset" 6405
"../../../Engine/Content/EngineMaterials/Substrate/Glints2/dict_0000_0030.uasset" 6406
"/Engine/EngineMaterials/Substrate/Glints2/dict_0000_0030" 6407
"/Engine/EngineMaterials/Substrate/Glints2/dict_0000_0029" 6408
"/Engine/EngineMaterials/Substrate/Glints2/dict_0000_0028" 6409
"/Engine/EngineMaterials/Substrate/Glints2/dict_0000_0031" 6410
"../../../Engine/Content/EngineMaterials/Substrate/Glints2/dict_0000_0032.uasset" 6411
"../../../Engine/Content/EngineMaterials/Substrate/Glints2/dict_0000_0033.uasset" 6412
"../../../Engine/Content/EngineMaterials/Substrate/Glints2/dict_0000_0034.uasset" 6413
"../../../Engine/Content/EngineMaterials/Substrate/Glints2/dict_0000_0035.uasset" 6414
"../../../Engine/Content/EngineMaterials/Substrate/Glints2/dict_0000_0036.uasset" 6415
"/Engine/EngineMaterials/Substrate/Glints2/dict_0000_0036" 6416
"/Engine/EngineMaterials/Substrate/Glints2/dict_0000_0035" 6417
"/Engine/EngineMaterials/Substrate/Glints2/dict_0000_0034" 6418
"/Engine/EngineMaterials/Substrate/Glints2/dict_0000_0033" 6419
"/Engine/EngineMaterials/Substrate/Glints2/dict_0000_0032" 6420
"../../../Engine/Content/EngineMaterials/Substrate/Glints2/dict_0000_0037.uasset" 6421
"../../../Engine/Content/EngineMaterials/Substrate/Glints2/dict_0000_0039.uasset" 6422
"../../../Engine/Content/EngineMaterials/Substrate/Glints2/dict_0000_0040.uasset" 6423
"../../../Engine/Content/EngineMaterials/Substrate/Glints2/dict_0000_0038.uasset" 6424
"/Engine/EngineMaterials/Substrate/Glints2/dict_0000_0040" 6425
"/Engine/EngineMaterials/Substrate/Glints2/dict_0000_0039" 6426
"/Engine/EngineMaterials/Substrate/Glints2/dict_0000_0038" 6427
"../../../Engine/Content/EngineMaterials/Substrate/Glints2/dict_0000_0041.uasset" 6428
"../../../Engine/Content/EngineMaterials/Substrate/Glints2/dict_0000_0042.uasset" 6429
"../../../Engine/Content/EngineMaterials/Substrate/Glints2/dict_0000_0043.uasset" 6430
"/Engine/EngineMaterials/Substrate/Glints2/dict_0000_0037" 6431
"/Engine/EngineMaterials/Substrate/Glints2/dict_0000_0043" 6432
"/Engine/EngineMaterials/Substrate/Glints2/dict_0000_0042" 6433
"/Engine/EngineMaterials/Substrate/Glints2/dict_0000_0041" 6434
"../../../Engine/Content/EngineMaterials/Substrate/Glints2/dict_0000_0044.uasset" 6435
"../../../Engine/Content/EngineMaterials/Substrate/Glints2/dict_0000_0023.uasset" 6436
"../../../Engine/Content/EngineMaterials/Substrate/Glints2/dict_0000_0046.uasset" 6437
"../../../Engine/Content/EngineMaterials/Substrate/Glints2/dict_0000_0045.uasset" 6438
"../../../Engine/Content/EngineMaterials/Substrate/Glints2/dict_0000_0047.uasset" 6439
"../../../Engine/Content/EngineMaterials/Substrate/Glints2/dict_0000_0048.uasset" 6440
"../../../Engine/Content/EngineMaterials/Substrate/Glints2/dict_0000_0049.uasset" 6441
"/Engine/EngineMaterials/Substrate/Glints2/dict_0000_0045" 6442
"/Engine/EngineMaterials/Substrate/Glints2/dict_0000_0044" 6443
"/Engine/EngineMaterials/Substrate/Glints2/dict_0000_0023" 6444
"/Engine/EngineMaterials/Substrate/Glints2/dict_0000_0049" 6445
"/Engine/EngineMaterials/Substrate/Glints2/dict_0000_0048" 6446
"/Engine/EngineMaterials/Substrate/Glints2/dict_0000_0047" 6447
"../../../Engine/Content/EngineMaterials/Substrate/Glints2/dict_0000_0051.uasset" 6448
"../../../Engine/Content/EngineMaterials/Substrate/Glints2/dict_0000_0050.uasset" 6449
"/Engine/EngineMaterials/Substrate/Glints2/dict_0000_0046" 6450
"/Engine/EngineMaterials/Substrate/Glints2/dict_0000_0051" 6451
"/Engine/EngineMaterials/Substrate/Glints2/dict_0000_0050" 6452
"../../../Engine/Content/EngineMaterials/Substrate/Glints2/dict_0000_0053.uasset" 6453
"../../../Engine/Content/EngineMaterials/Substrate/Glints2/dict_0000_0052.uasset" 6454
"../../../Engine/Content/EngineMaterials/Substrate/Glints2/dict_0000_0054.uasset" 6455
"../../../Engine/Content/EngineMaterials/Substrate/Glints2/dict_0000_0056.uasset" 6456
"../../../Engine/Content/EngineMaterials/Substrate/Glints2/dict_0000_0055.uasset" 6457
"../../../Engine/Content/EngineMaterials/Substrate/Glints2/dict_0000_0057.uasset" 6458
"../../../Engine/Content/EngineMaterials/Substrate/Glints2/dict_0000_0058.uasset" 6459
"/Engine/EngineMaterials/Substrate/Glints2/dict_0000_0056" 6460
"/Engine/EngineMaterials/Substrate/Glints2/dict_0000_0055" 6461
"/Engine/EngineMaterials/Substrate/Glints2/dict_0000_0054" 6462
"/Engine/EngineMaterials/Substrate/Glints2/dict_0000_0053" 6463
"/Engine/EngineMaterials/Substrate/Glints2/dict_0000_0052" 6464
"/Engine/EngineMaterials/Substrate/Glints2/dict_0000_0058" 6465
"/Engine/EngineMaterials/Substrate/Glints2/dict_0000_0057" 6466
"../../../Engine/Content/EngineMaterials/Substrate/Glints2/dict_0000_0060.uasset" 6467
"../../../Engine/Content/EngineMaterials/Substrate/Glints2/dict_0000_0061.uasset" 6468
"../../../Engine/Content/EngineMaterials/Substrate/Glints2/dict_0000_0062.uasset" 6469
"../../../Engine/Content/EngineMaterials/Substrate/Glints2/dict_0000_0063.uasset" 6470
"../../../Engine/Content/EngineMaterials/Substrate/Glints2/dict_0000_0059.uasset" 6471
"../../../Engine/Content/EngineMaterials/Substrate/Glints2/dict_0000_0064.uasset" 6472
"../../../Engine/Content/EngineMaterials/Substrate/Glints2/dict_0000_0065.uasset" 6473
"/Engine/EngineMaterials/Substrate/Glints2/dict_0000_0062" 6474
"/Engine/EngineMaterials/Substrate/Glints2/dict_0000_0061" 6475
"/Engine/EngineMaterials/Substrate/Glints2/dict_0000_0060" 6476
"/Engine/EngineMaterials/Substrate/Glints2/dict_0000_0065" 6477
"/Engine/EngineMaterials/Substrate/Glints2/dict_0000_0064" 6478
"/Engine/EngineMaterials/Substrate/Glints2/dict_0000_0063" 6479
"../../../Engine/Content/EngineMaterials/Substrate/Glints2/dict_0000_0066.uasset" 6480
"/Engine/EngineMaterials/Substrate/Glints2/dict_0000_0059" 6481
"/Engine/EngineMaterials/Substrate/Glints2/dict_0000_0066" 6482
"../../../Engine/Content/EngineMaterials/Substrate/Glints2/dict_0000_0068.uasset" 6483
"../../../Engine/Content/EngineMaterials/Substrate/Glints2/dict_0000_0069.uasset" 6484
"../../../Engine/Content/EngineMaterials/Substrate/Glints2/dict_0000_0070.uasset" 6485
"../../../Engine/Content/EngineMaterials/Substrate/Glints2/dict_0000_0071.uasset" 6486
"../../../Engine/Content/EngineMaterials/Substrate/Glints2/dict_0000_0072.uasset" 6487
"/Engine/EngineMaterials/Substrate/Glints2/dict_0000_0072" 6488
"/Engine/EngineMaterials/Substrate/Glints2/dict_0000_0071" 6489
"/Engine/EngineMaterials/Substrate/Glints2/dict_0000_0070" 6490
"/Engine/EngineMaterials/Substrate/Glints2/dict_0000_0069" 6491
"/Engine/EngineMaterials/Substrate/Glints2/dict_0000_0068" 6492
"../../../Engine/Content/EngineMaterials/Substrate/Glints2/dict_0000_0073.uasset" 6493
"../../../Engine/Content/EngineMaterials/Substrate/Glints2/dict_0000_0074.uasset" 6494
"../../../Engine/Content/EngineMaterials/Substrate/Glints2/dict_0000_0067.uasset" 6495
"../../../Engine/Content/EngineMaterials/Substrate/Glints2/dict_0000_0075.uasset" 6496
"/Engine/EngineMaterials/Substrate/Glints2/dict_0000_0074" 6497
"/Engine/EngineMaterials/Substrate/Glints2/dict_0000_0073" 6498
"/Engine/EngineMaterials/Substrate/Glints2/dict_0000_0067" 6499
"/Engine/EngineMaterials/Substrate/Glints2/dict_0000_0075" 6500
"../../../Engine/Content/EngineMaterials/Substrate/Glints2/dict_0000_0077.uasset" 6501
"../../../Engine/Content/EngineMaterials/Substrate/Glints2/dict_0000_0078.uasset" 6502
"/Engine/EngineMaterials/Substrate/Glints2/dict_0000_0078" 6503
"/Engine/EngineMaterials/Substrate/Glints2/dict_0000_0077" 6504
"../../../Engine/Content/EngineMaterials/Substrate/Glints2/dict_0000_0079.uasset" 6505
"../../../Engine/Content/EngineMaterials/Substrate/Glints2/dict_0000_0080.uasset" 6506
"../../../Engine/Content/EngineMaterials/Substrate/Glints2/dict_0000_0081.uasset" 6507
"../../../Engine/Content/EngineMaterials/Substrate/Glints2/dict_0000_0082.uasset" 6508
"/Engine/EngineMaterials/Substrate/Glints2/dict_0000_0081" 6509
"/Engine/EngineMaterials/Substrate/Glints2/dict_0000_0080" 6510
"/Engine/EngineMaterials/Substrate/Glints2/dict_0000_0079" 6511
"/Engine/EngineMaterials/Substrate/Glints2/dict_0000_0082" 6512
"../../../Engine/Content/EngineMaterials/Substrate/Glints2/dict_0000_0084.uasset" 6513
"../../../Engine/Content/EngineMaterials/Substrate/Glints2/dict_0000_0085.uasset" 6514
"../../../Engine/Content/EngineMaterials/Substrate/Glints2/dict_0000_0086.uasset" 6515
"../../../Engine/Content/EngineMaterials/Substrate/Glints2/dict_0000_0087.uasset" 6516
"/Engine/EngineMaterials/Substrate/Glints2/dict_0000_0087" 6517
"../../../Engine/Content/EngineMaterials/Substrate/Glints2/dict_0000_0088.uasset" 6518
"/Engine/EngineMaterials/Substrate/Glints2/dict_0000_0086" 6519
"/Engine/EngineMaterials/Substrate/Glints2/dict_0000_0085" 6520
"/Engine/EngineMaterials/Substrate/Glints2/dict_0000_0084" 6521
"/Engine/EngineMaterials/Substrate/Glints2/dict_0000_0088" 6522
"../../../Engine/Content/EngineMaterials/Substrate/Glints2/dict_0000_0083.uasset" 6523
"/Engine/EngineMaterials/Substrate/Glints2/dict_0000_0083" 6524
"../../../Engine/Content/EngineMaterials/Substrate/Glints2/dict_0000_0076.uasset" 6525
"../../../Engine/Content/EngineMaterials/Substrate/Glints2/dict_0000_0089.uasset" 6526
"../../../Engine/Content/EngineMaterials/Substrate/Glints2/dict_0000_0090.uasset" 6527
"../../../Engine/Content/EngineMaterials/Substrate/Glints2/dict_0000_0091.uasset" 6528
"../../../Engine/Content/EngineMaterials/Substrate/Glints2/dict_0000_0094.uasset" 6529
"../../../Engine/Content/EngineMaterials/Substrate/Glints2/dict_0000_0093.uasset" 6530
"../../../Engine/Content/EngineMaterials/Substrate/Glints2/dict_0000_0092.uasset" 6531
"/Engine/EngineMaterials/Substrate/Glints2/dict_0000_0090" 6532
"/Engine/EngineMaterials/Substrate/Glints2/dict_0000_0089" 6533
"/Engine/EngineMaterials/Substrate/Glints2/dict_0000_0094" 6534
"/Engine/EngineMaterials/Substrate/Glints2/dict_0000_0093" 6535
"/Engine/EngineMaterials/Substrate/Glints2/dict_0000_0092" 6536
"../../../Engine/Content/EngineMaterials/Substrate/Glints2/dict_0000_0096.uasset" 6537
"/Engine/EngineMaterials/Substrate/Glints2/dict_0000_0091" 6538
"../../../Engine/Content/EngineMaterials/Substrate/Glints2/dict_0000_0095.uasset" 6539
"/Engine/EngineMaterials/Substrate/Glints2/dict_0000_0076" 6540
"/Engine/EngineMaterials/Substrate/Glints2/dict_0000_0096" 6541
"/Engine/EngineMaterials/Substrate/Glints2/dict_0000_0095" 6542
"../../../Engine/Content/EngineMaterials/Substrate/Glints2/dict_0000_0097.uasset" 6543
"../../../Engine/Content/EngineMaterials/Substrate/Glints2/dict_0000_0098.uasset" 6544
"../../../Engine/Content/EngineMaterials/Substrate/Glints2/dict_0000_0099.uasset" 6545
"../../../Engine/Content/EngineMaterials/Substrate/Glints2/dict_0000_0100.uasset" 6546
"../../../Engine/Content/EngineMaterials/Substrate/Glints2/dict_0000_0101.uasset" 6547
"/Engine/EngineMaterials/Substrate/Glints2/dict_0000_0097" 6548
"../../../Engine/Content/EngineMaterials/Substrate/Glints2/dict_0000_0103.uasset" 6549
"/Engine/EngineMaterials/Substrate/Glints2/dict_0000_0098" 6550
"../../../Engine/Content/EngineMaterials/Substrate/Glints2/dict_0000_0102.uasset" 6551
"/Engine/EngineMaterials/Substrate/Glints2/dict_0000_0101" 6552
"../../../Engine/Content/EngineMaterials/Substrate/Glints2/dict_0000_0105.uasset" 6553
"../../../Engine/Content/EngineMaterials/Substrate/Glints2/dict_0000_0104.uasset" 6554
"/Engine/EngineMaterials/Substrate/Glints2/dict_0000_0100" 6555
"/Engine/EngineMaterials/Substrate/Glints2/dict_0000_0099" 6556
"../../../Engine/Content/EngineMaterials/Substrate/Glints2/dict_0000_0106.uasset" 6557
"/Engine/EngineMaterials/Substrate/Glints2/dict_0000_0106" 6558
"/Engine/EngineMaterials/Substrate/Glints2/dict_0000_0105" 6559
"/Engine/EngineMaterials/Substrate/Glints2/dict_0000_0103" 6560
"/Engine/EngineMaterials/Substrate/Glints2/dict_0000_0102" 6561
"/Engine/EngineMaterials/Substrate/Glints2/dict_0000_0104" 6562
"../../../Engine/Content/EngineMaterials/Substrate/Glints2/dict_0000_0107.uasset" 6563
"../../../Engine/Content/EngineMaterials/Substrate/Glints2/dict_0000_0109.uasset" 6564
"../../../Engine/Content/EngineMaterials/Substrate/Glints2/dict_0000_0111.uasset" 6565
"../../../Engine/Content/EngineMaterials/Substrate/Glints2/dict_0000_0108.uasset" 6566
"../../../Engine/Content/EngineMaterials/Substrate/Glints2/dict_0000_0110.uasset" 6567
"/Engine/EngineMaterials/Substrate/Glints2/dict_0000_0107" 6568
"/Engine/EngineMaterials/Substrate/Glints2/dict_0000_0111" 6569
"/Engine/EngineMaterials/Substrate/Glints2/dict_0000_0110" 6570
"../../../Engine/Content/EngineMaterials/Substrate/Glints2/dict_0000_0112.uasset" 6571
"../../../Engine/Content/EngineMaterials/Substrate/Glints2/dict_0000_0113.uasset" 6572
"/Engine/EngineMaterials/Substrate/Glints2/dict_0000_0109" 6573
"../../../Engine/Content/EngineMaterials/Substrate/Glints2/dict_0000_0114.uasset" 6574
"/Engine/EngineMaterials/Substrate/Glints2/dict_0000_0108" 6575
"/Engine/EngineMaterials/Substrate/Glints2/dict_0000_0113" 6576
"/Engine/EngineMaterials/Substrate/Glints2/dict_0000_0112" 6577
"/Engine/EngineMaterials/Substrate/Glints2/dict_0000_0114" 6578
"../../../Engine/Content/EngineMaterials/Substrate/Glints2/dict_0000_0116.uasset" 6579
"../../../Engine/Content/EngineMaterials/Substrate/Glints2/dict_0000_0115.uasset" 6580
"../../../Engine/Content/EngineMaterials/Substrate/Glints2/dict_0000_0117.uasset" 6581
"../../../Engine/Content/EngineMaterials/Substrate/Glints2/dict_0000_0118.uasset" 6582
"../../../Engine/Content/EngineMaterials/Substrate/Glints2/dict_0000_0120.uasset" 6583
"../../../Engine/Content/EngineMaterials/Substrate/Glints2/dict_0000_0119.uasset" 6584
"/Engine/EngineMaterials/Substrate/Glints2/dict_0000_0118" 6585
"../../../Engine/Content/EngineMaterials/Substrate/Glints2/dict_0000_0121.uasset" 6586
"../../../Engine/Content/EngineMaterials/Substrate/Glints2/dict_0000_0122.uasset" 6587
"/Engine/EngineMaterials/Substrate/Glints2/dict_0000_0117" 6588
"/Engine/EngineMaterials/Substrate/Glints2/dict_0000_0116" 6589
"/Engine/EngineMaterials/Substrate/Glints2/dict_0000_0115" 6590
"/Engine/EngineMaterials/Substrate/Glints2/dict_0000_0119" 6591
"/Engine/EngineMaterials/Substrate/Glints2/dict_0000_0120" 6592
"/Engine/EngineMaterials/Substrate/Glints2/dict_0000_0122" 6593
"/Engine/EngineMaterials/Substrate/Glints2/dict_0000_0121" 6594
"../../../Engine/Content/EngineMaterials/Substrate/Glints2/dict_0000_0125.uasset" 6595
"../../../Engine/Content/EngineMaterials/Substrate/Glints2/dict_0000_0123.uasset" 6596
"../../../Engine/Content/EngineMaterials/Substrate/Glints2/dict_0000_0124.uasset" 6597
"../../../Engine/Content/EngineMaterials/Substrate/Glints2/dict_0000_0127.uasset" 6598
"../../../Engine/Content/EngineMaterials/Substrate/Glints2/dict_0000_0128.uasset" 6599
"../../../Engine/Content/EngineMaterials/Substrate/Glints2/dict_0000_0130.uasset" 6600
"/Engine/EngineMaterials/Substrate/Glints2/dict_0000_0125" 6601
"/Engine/EngineMaterials/Substrate/Glints2/dict_0000_0128" 6602
"../../../Engine/Content/EngineMaterials/Substrate/Glints2/dict_0000_0126.uasset" 6603
"/Engine/EngineMaterials/Substrate/Glints2/dict_0000_0127" 6604
"../../../Engine/Content/EngineMaterials/Substrate/Glints2/dict_0000_0129.uasset" 6605
"/Engine/EngineMaterials/Substrate/Glints2/dict_0000_0124" 6606
"/Engine/EngineMaterials/Substrate/Glints2/dict_0000_0123" 6607
"/Engine/EngineMaterials/Substrate/Glints2/dict_0000_0126" 6608
"/Engine/EngineMaterials/Substrate/Glints2/dict_0000_0130" 6609
"../../../Engine/Content/EngineMaterials/Substrate/Glints2/dict_0000_0131.uasset" 6610
"/Engine/EngineMaterials/Substrate/Glints2/dict_0000_0129" 6611
"/Engine/EngineMaterials/Substrate/Glints2/dict_0000_0131" 6612
"../../../Engine/Content/EngineMaterials/Substrate/Glints2/dict_0000_0132.uasset" 6613
"../../../Engine/Content/EngineMaterials/Substrate/Glints2/dict_0000_0133.uasset" 6614
"../../../Engine/Content/EngineMaterials/Substrate/Glints2/dict_0000_0134.uasset" 6615
"../../../Engine/Content/EngineMaterials/Substrate/Glints2/dict_0000_0135.uasset" 6616
"../../../Engine/Content/EngineMaterials/Substrate/Glints2/dict_0000_0136.uasset" 6617
"../../../Engine/Content/EngineMaterials/Substrate/Glints2/dict_0000_0137.uasset" 6618
"/Engine/EngineMaterials/Substrate/Glints2/dict_0000_0133" 6619
"../../../Engine/Content/EngineMaterials/Substrate/Glints2/dict_0000_0138.uasset" 6620
"/Engine/EngineMaterials/Substrate/Glints2/dict_0000_0137" 6621
"/Engine/EngineMaterials/Substrate/Glints2/dict_0000_0132" 6622
"/Engine/EngineMaterials/Substrate/Glints2/dict_0000_0136" 6623
"../../../Engine/Content/EngineMaterials/Substrate/Glints2/dict_0000_0139.uasset" 6624
"../../../Engine/Content/EngineMaterials/Substrate/Glints2/dict_0000_0141.uasset" 6625
"../../../Engine/Content/EngineMaterials/Substrate/Glints2/dict_0000_0140.uasset" 6626
"/Engine/EngineMaterials/Substrate/Glints2/dict_0000_0135" 6627
"/Engine/EngineMaterials/Substrate/Glints2/dict_0000_0134" 6628
"/Engine/EngineMaterials/Substrate/Glints2/dict_0000_0138" 6629
"/Engine/EngineMaterials/Substrate/Glints2/dict_0000_0141" 6630
"/Engine/EngineMaterials/Substrate/Glints2/dict_0000_0140" 6631
"/Engine/EngineMaterials/Substrate/Glints2/dict_0000_0139" 6632
"../../../Engine/Content/EngineMaterials/Substrate/Glints2/dict_0000_0142.uasset" 6633
"/Engine/EngineMaterials/Substrate/Glints2/dict_0000_0142" 6634
"../../../Engine/Content/EngineMaterials/Substrate/Glints2/dict_0000_0143.uasset" 6635
"../../../Engine/Content/EngineMaterials/Substrate/Glints2/dict_0000_0144.uasset" 6636
"../../../Engine/Content/EngineMaterials/Substrate/Glints2/dict_0000_0145.uasset" 6637
"../../../Engine/Content/EngineMaterials/Substrate/Glints2/dict_0000_0146.uasset" 6638
"../../../Engine/Content/EngineMaterials/Substrate/Glints2/dict_0000_0147.uasset" 6639
"../../../Engine/Content/EngineMaterials/Substrate/Glints2/dict_0000_0148.uasset" 6640
"/Engine/EngineMaterials/Substrate/Glints2/dict_0000_0146" 6641
"/Engine/EngineMaterials/Substrate/Glints2/dict_0000_0145" 6642
"/Engine/EngineMaterials/Substrate/Glints2/dict_0000_0143" 6643
"/Engine/EngineMaterials/Substrate/Glints2/dict_0000_0144" 6644
"/Engine/EngineMaterials/Substrate/Glints2/dict_0000_0147" 6645
"/Engine/EngineMaterials/Substrate/Glints2/dict_0000_0148" 6646
"../../../Engine/Content/EngineMaterials/Substrate/Glints2/dict_0000_0152.uasset" 6647
"../../../Engine/Content/EngineMaterials/Substrate/Glints2/dict_0000_0149.uasset" 6648
"../../../Engine/Content/EngineMaterials/Substrate/Glints2/dict_0000_0153.uasset" 6649
"../../../Engine/Content/EngineMaterials/Substrate/Glints2/dict_0000_0151.uasset" 6650
"../../../Engine/Content/EngineMaterials/Substrate/Glints2/dict_0000_0150.uasset" 6651
"/Engine/EngineMaterials/Substrate/Glints2/dict_0000_0152" 6652
"/Engine/EngineMaterials/Substrate/Glints2/dict_0000_0151" 6653
"../../../Engine/Content/EngineMaterials/Substrate/Glints2/dict_0000_0154.uasset" 6654
"/Engine/EngineMaterials/Substrate/Glints2/dict_0000_0150" 6655
"/Engine/EngineMaterials/Substrate/Glints2/dict_0000_0149" 6656
"/Engine/EngineMaterials/Substrate/Glints2/dict_0000_0153" 6657
"/Engine/EngineMaterials/Substrate/Glints2/dict_0000_0154" 6658
"../../../Engine/Content/EngineMaterials/Substrate/Glints2/dict_0000_0157.uasset" 6659
"../../../Engine/Content/EngineMaterials/Substrate/Glints2/dict_0000_0155.uasset" 6660
"../../../Engine/Content/EngineMaterials/Substrate/Glints2/dict_0000_0156.uasset" 6661
"../../../Engine/Content/EngineMaterials/Substrate/Glints2/dict_0000_0159.uasset" 6662
"../../../Engine/Content/EngineMaterials/Substrate/Glints2/dict_0000_0160.uasset" 6663
"../../../Engine/Content/EngineMaterials/Substrate/Glints2/dict_0000_0161.uasset" 6664
"../../../Engine/Content/EngineMaterials/Substrate/Glints2/dict_0000_0158.uasset" 6665
"/Engine/EngineMaterials/Substrate/Glints2/dict_0000_0159" 6666
"/Engine/EngineMaterials/Substrate/Glints2/dict_0000_0158" 6667
"/Engine/EngineMaterials/Substrate/Glints2/dict_0000_0157" 6668
"/Engine/EngineMaterials/Substrate/Glints2/dict_0000_0156" 6669
"/Engine/EngineMaterials/Substrate/Glints2/dict_0000_0155" 6670
"/Engine/EngineMaterials/Substrate/Glints2/dict_0000_0161" 6671
"/Engine/EngineMaterials/Substrate/Glints2/dict_0000_0160" 6672
"../../../Engine/Content/EngineMaterials/Substrate/Glints2/dict_0000_0163.uasset" 6673
"../../../Engine/Content/EngineMaterials/Substrate/Glints2/dict_0000_0164.uasset" 6674
"../../../Engine/Content/EngineMaterials/Substrate/Glints2/dict_0000_0165.uasset" 6675
"../../../Engine/Content/EngineMaterials/Substrate/Glints2/dict_0000_0162.uasset" 6676
"../../../Engine/Content/EngineMaterials/Substrate/Glints2/dict_0000_0166.uasset" 6677
"../../../Engine/Content/EngineMaterials/Substrate/Glints2/dict_0000_0167.uasset" 6678
"/Engine/EngineMaterials/Substrate/Glints2/dict_0000_0162" 6679
"/Engine/EngineMaterials/Substrate/Glints2/dict_0000_0167" 6680
"../../../Engine/Content/EngineMaterials/Substrate/Glints2/dict_0000_0169.uasset" 6681
"../../../Engine/Content/EngineMaterials/Substrate/Glints2/dict_0000_0170.uasset" 6682
"/Engine/EngineMaterials/Substrate/Glints2/dict_0000_0166" 6683
"../../../Engine/Content/EngineMaterials/Substrate/Glints2/dict_0000_0171.uasset" 6684
"/Engine/EngineMaterials/Substrate/Glints2/dict_0000_0165" 6685
"/Engine/EngineMaterials/Substrate/Glints2/dict_0000_0163" 6686
"/Engine/EngineMaterials/Substrate/Glints2/dict_0000_0164" 6687
"/Engine/EngineMaterials/Substrate/Glints2/dict_0000_0169" 6688
"/Engine/EngineMaterials/Substrate/Glints2/dict_0000_0171" 6689
"/Engine/EngineMaterials/Substrate/Glints2/dict_0000_0170" 6690
"../../../Engine/Content/EngineMaterials/Substrate/Glints2/dict_0000_0168.uasset" 6691
"../../../Engine/Content/EngineMaterials/Substrate/Glints2/dict_0000_0172.uasset" 6692
"../../../Engine/Content/EngineMaterials/Substrate/Glints2/dict_0000_0173.uasset" 6693
"../../../Engine/Content/EngineMaterials/Substrate/Glints2/dict_0000_0175.uasset" 6694
"../../../Engine/Content/EngineMaterials/Substrate/Glints2/dict_0000_0174.uasset" 6695
"../../../Engine/Content/EngineMaterials/Substrate/Glints2/dict_0000_0176.uasset" 6696
"../../../Engine/Content/EngineMaterials/Substrate/Glints2/dict_0000_0177.uasset" 6697
"../../../Engine/Content/EngineMaterials/Substrate/Glints2/dict_0000_0178.uasset" 6698
"/Engine/EngineMaterials/Substrate/Glints2/dict_0000_0178" 6699
"/Engine/EngineMaterials/Substrate/Glints2/dict_0000_0177" 6700
"/Engine/EngineMaterials/Substrate/Glints2/dict_0000_0174" 6701
"../../../Engine/Content/EngineMaterials/Substrate/Glints2/dict_0000_0179.uasset" 6702
"/Engine/EngineMaterials/Substrate/Glints2/dict_0000_0173" 6703
"/Engine/EngineMaterials/Substrate/Glints2/dict_0000_0168" 6704
"/Engine/EngineMaterials/Substrate/Glints2/dict_0000_0172" 6705
"/Engine/EngineMaterials/Substrate/Glints2/dict_0000_0176" 6706
"/Engine/EngineMaterials/Substrate/Glints2/dict_0000_0175" 6707
"/Engine/EngineMaterials/Substrate/Glints2/dict_0000_0179" 6708
"../../../Engine/Content/EngineMaterials/Substrate/Glints2/dict_0000_0181.uasset" 6709
"../../../Engine/Content/EngineMaterials/Substrate/Glints2/dict_0000_0183.uasset" 6710
"../../../Engine/Content/EngineMaterials/Substrate/Glints2/dict_0000_0180.uasset" 6711
"../../../Engine/Content/EngineMaterials/Substrate/Glints2/dict_0000_0182.uasset" 6712
"../../../Engine/Content/EngineMaterials/Substrate/Glints2/dict_0000_0184.uasset" 6713
"../../../Engine/Content/EngineMaterials/Substrate/Glints2/dict_0000_0186.uasset" 6714
"../../../Engine/Content/EngineMaterials/Substrate/Glints2/dict_0000_0188.uasset" 6715
"../../../Engine/Content/EngineMaterials/Substrate/Glints2/dict_0000_0185.uasset" 6716
"../../../Engine/Content/EngineMaterials/Substrate/Glints2/dict_0000_0187.uasset" 6717
"/Engine/EngineMaterials/Substrate/Glints2/dict_0000_0185" 6718
"/Engine/EngineMaterials/Substrate/Glints2/dict_0000_0184" 6719
"/Engine/EngineMaterials/Substrate/Glints2/dict_0000_0183" 6720
"/Engine/EngineMaterials/Substrate/Glints2/dict_0000_0182" 6721
"/Engine/EngineMaterials/Substrate/Glints2/dict_0000_0180" 6722
"/Engine/EngineMaterials/Substrate/Glints2/dict_0000_0188" 6723
"/Engine/EngineMaterials/Substrate/Glints2/dict_0000_0186" 6724
"../../../Engine/Content/EngineMaterials/Substrate/Glints2/dict_0000_0189.uasset" 6725
"/Engine/EngineMaterials/Substrate/Glints2/dict_0000_0181" 6726
"/Engine/EngineMaterials/Substrate/Glints2/dict_0000_0187" 6727
"/Engine/EngineMaterials/Substrate/Glints2/dict_0000_0189" 6728
"../../../Engine/Content/EngineMaterials/Substrate/Glints2/dict_0000_0191.uasset" 6729
"../../../Engine/Content/EngineMaterials/Substrate/Glints2/dict_0000_0192.uasset" 6730
"../../../Engine/Content/EngineMaterials/Substrate/Glints2/dict_0000_0190.uasset" 6731
"/Engine/EngineMaterials/Substrate/Glints2/dict_0000_0191" 6732
"../../../Engine/Content/EngineMaterials/Substrate/Glints2/dict_0000_0193.uasset" 6733
"/Engine/EngineMaterials/Substrate/Glints2/dict_0000_0193" 6734
"/Engine/EngineMaterials/Substrate/Glints2/dict_0000_0192" 6735
"/Engine/EngineMaterials/Substrate/Glints2/dict_0000_0190" 6736
"../../../Engine/Content/EngineMaterials/Substrate/Glints2/dict_0000_0194.uasset" 6737
"../../../Engine/Content/EngineMaterials/Substrate/Glints2/dict_0000_0196.uasset" 6738
"../../../Engine/Content/EngineMaterials/Substrate/Glints2/dict_0000_0197.uasset" 6739
"../../../Engine/Content/EngineMaterials/Substrate/Glints2/dict_0000_0195.uasset" 6740
"/Engine/EngineMaterials/Substrate/Glints2/dict_0000_0197" 6741
"/Engine/EngineMaterials/Substrate/Glints2/dict_0000_0196" 6742
"/Engine/EngineMaterials/Substrate/Glints2/dict_0000_0195" 6743
"/Engine/EngineMaterials/Substrate/Glints2/dict_0000_0194" 6744
"../../../Engine/Content/EngineMaterials/Substrate/Glints2/dict_0000_0199.uasset" 6745
"../../../Engine/Content/EngineMaterials/Substrate/Glints2/dict_0000_0198.uasset" 6746
"../../../Engine/Content/EngineMaterials/Substrate/Glints2/dict_0000_0200.uasset" 6747
"../../../Engine/Content/EngineMaterials/Substrate/Glints2/dict_0000_0201.uasset" 6748
"../../../Engine/Content/EngineMaterials/Substrate/Glints2/dict_0000_0202.uasset" 6749
"../../../Engine/Content/EngineMaterials/Substrate/Glints2/dict_0000_0204.uasset" 6750
"../../../Engine/Content/EngineMaterials/Substrate/Glints2/dict_0000_0203.uasset" 6751
"/Engine/EngineMaterials/Substrate/Glints2/dict_0000_0199" 6752
"/Engine/EngineMaterials/Substrate/Glints2/dict_0000_0202" 6753
"/Engine/EngineMaterials/Substrate/Glints2/dict_0000_0198" 6754
"/Engine/EngineMaterials/Substrate/Glints2/dict_0000_0204" 6755
"/Engine/EngineMaterials/Substrate/Glints2/dict_0000_0201" 6756
"../../../Engine/Content/EngineMaterials/Substrate/Glints2/dict_0000_0206.uasset" 6757
"/Engine/EngineMaterials/Substrate/Glints2/dict_0000_0200" 6758
"/Engine/EngineMaterials/Substrate/Glints2/dict_0000_0203" 6759
"../../../Engine/Content/EngineMaterials/Substrate/Glints2/dict_0000_0205.uasset" 6760
"/Engine/EngineMaterials/Substrate/Glints2/dict_0000_0206" 6761
"/Engine/EngineMaterials/Substrate/Glints2/dict_0000_0205" 6762
"../../../Engine/Content/EngineMaterials/Substrate/Glints2/dict_0000_0208.uasset" 6763
"../../../Engine/Content/EngineMaterials/Substrate/Glints2/dict_0000_0207.uasset" 6764
"../../../Engine/Content/EngineMaterials/Substrate/Glints2/dict_0000_0209.uasset" 6765
"../../../Engine/Content/EngineMaterials/Substrate/Glints2/dict_0000_0210.uasset" 6766
"../../../Engine/Content/EngineMaterials/Substrate/Glints2/dict_0000_0211.uasset" 6767
"../../../Engine/Content/EngineMaterials/Substrate/Glints2/dict_0000_0212.uasset" 6768
"../../../Engine/Content/EngineMaterials/Substrate/Glints2/dict_0000_0214.uasset" 6769
"../../../Engine/Content/EngineMaterials/Substrate/Glints2/dict_0000_0213.uasset" 6770
"/Engine/EngineMaterials/Substrate/Glints2/dict_0000_0211" 6771
"/Engine/EngineMaterials/Substrate/Glints2/dict_0000_0210" 6772
"/Engine/EngineMaterials/Substrate/Glints2/dict_0000_0209" 6773
"/Engine/EngineMaterials/Substrate/Glints2/dict_0000_0208" 6774
"/Engine/EngineMaterials/Substrate/Glints2/dict_0000_0207" 6775
"/Engine/EngineMaterials/Substrate/Glints2/dict_0000_0214" 6776
"/Engine/EngineMaterials/Substrate/Glints2/dict_0000_0213" 6777
"/Engine/EngineMaterials/Substrate/Glints2/dict_0000_0212" 6778
"../../../Engine/Content/EngineMaterials/Substrate/Glints2/dict_0000_0215.uasset" 6779
"../../../Engine/Content/EngineMaterials/Substrate/Glints2/dict_0000_0219.uasset" 6780
"../../../Engine/Content/EngineMaterials/Substrate/Glints2/dict_0000_0218.uasset" 6781
"../../../Engine/Content/EngineMaterials/Substrate/Glints2/dict_0000_0216.uasset" 6782
"../../../Engine/Content/EngineMaterials/Substrate/Glints2/dict_0000_0217.uasset" 6783
"../../../Engine/Content/EngineMaterials/Substrate/Glints2/dict_0000_0220.uasset" 6784
"/Engine/EngineMaterials/Substrate/Glints2/dict_0000_0220" 6785
"/Engine/EngineMaterials/Substrate/Glints2/dict_0000_0219" 6786
"/Engine/EngineMaterials/Substrate/Glints2/dict_0000_0218" 6787
"../../../Engine/Content/EngineMaterials/Substrate/Glints2/dict_0000_0221.uasset" 6788
"../../../Engine/Content/EngineMaterials/Substrate/Glints2/dict_0000_0223.uasset" 6789
"/Engine/EngineMaterials/Substrate/Glints2/dict_0000_0217" 6790
"../../../Engine/Content/EngineMaterials/Substrate/Glints2/dict_0000_0222.uasset" 6791
"../../../Engine/Content/EngineMaterials/Substrate/Glints2/dict_0000_0224.uasset" 6792
"/Engine/EngineMaterials/Substrate/Glints2/dict_0000_0216" 6793
"/Engine/EngineMaterials/Substrate/Glints2/dict_0000_0215" 6794
"/Engine/EngineMaterials/Substrate/Glints2/dict_0000_0224" 6795
"/Engine/EngineMaterials/Substrate/Glints2/dict_0000_0222" 6796
"/Engine/EngineMaterials/Substrate/Glints2/dict_0000_0223" 6797
"/Engine/EngineMaterials/Substrate/Glints2/dict_0000_0221" 6798
"../../../Engine/Content/EngineMaterials/Substrate/Glints2/dict_0000_0225.uasset" 6799
"../../../Engine/Content/EngineMaterials/Substrate/Glints2/dict_0000_0226.uasset" 6800
"../../../Engine/Content/EngineMaterials/Substrate/Glints2/dict_0000_0228.uasset" 6801
"/Engine/EngineMaterials/Substrate/Glints2/dict_0000_0225" 6802
"/Engine/EngineMaterials/Substrate/Glints2/dict_0000_0228" 6803
"/Engine/EngineMaterials/Substrate/Glints2/dict_0000_0226" 6804
"../../../Engine/Content/EngineMaterials/Substrate/Glints2/dict_0000_0229.uasset" 6805
"../../../Engine/Content/EngineMaterials/Substrate/Glints2/dict_0000_0230.uasset" 6806
"../../../Engine/Content/EngineMaterials/Substrate/Glints2/dict_0000_0231.uasset" 6807
"../../../Engine/Content/EngineMaterials/Substrate/Glints2/dict_0000_0234.uasset" 6808
"/Engine/EngineMaterials/Substrate/Glints2/dict_0000_0234" 6809
"/Engine/EngineMaterials/Substrate/Glints2/dict_0000_0229" 6810
"/Engine/EngineMaterials/Substrate/Glints2/dict_0000_0231" 6811
"../../../Engine/Content/EngineMaterials/Substrate/Glints2/dict_0000_0233.uasset" 6812
"/Engine/EngineMaterials/Substrate/Glints2/dict_0000_0230" 6813
"/Engine/EngineMaterials/Substrate/Glints2/dict_0000_0233" 6814
"../../../Engine/Content/EngineMaterials/Substrate/Glints2/dict_0000_0227.uasset" 6815
"../../../Engine/Content/EngineMaterials/Substrate/Glints2/dict_0000_0232.uasset" 6816
"../../../Engine/Content/EngineMaterials/Substrate/Glints2/dict_0000_0237.uasset" 6817
"../../../Engine/Content/EngineMaterials/Substrate/Glints2/dict_0000_0235.uasset" 6818
"/Engine/EngineMaterials/Substrate/Glints2/dict_0000_0235" 6819
"/Engine/EngineMaterials/Substrate/Glints2/dict_0000_0237" 6820
"/Engine/EngineMaterials/Substrate/Glints2/dict_0000_0227" 6821
"/Engine/EngineMaterials/Substrate/Glints2/dict_0000_0232" 6822
"../../../Engine/Content/EngineMaterials/Substrate/Glints2/dict_0000_0236.uasset" 6823
"../../../Engine/Content/EngineMaterials/Substrate/Glints2/dict_0000_0238.uasset" 6824
"../../../Engine/Content/EngineMaterials/Substrate/Glints2/dict_0000_0241.uasset" 6825
"../../../Engine/Content/EngineMaterials/Substrate/Glints2/dict_0000_0239.uasset" 6826
"../../../Engine/Content/EngineMaterials/Substrate/Glints2/dict_0000_0240.uasset" 6827
"/Engine/EngineMaterials/Substrate/Glints2/dict_0000_0236" 6828
"/Engine/EngineMaterials/Substrate/Glints2/dict_0000_0238" 6829
"../../../Engine/Content/EngineMaterials/Substrate/Glints2/dict_0000_0243.uasset" 6830
"/Engine/EngineMaterials/Substrate/Glints2/dict_0000_0241" 6831
"../../../Engine/Content/EngineMaterials/Substrate/Glints2/dict_0000_0246.uasset" 6832
"../../../Engine/Content/EngineMaterials/Substrate/Glints2/dict_0000_0245.uasset" 6833
"/Engine/EngineMaterials/Substrate/Glints2/dict_0000_0240" 6834
"/Engine/EngineMaterials/Substrate/Glints2/dict_0000_0239" 6835
"/Engine/EngineMaterials/Substrate/Glints2/dict_0000_0246" 6836
"/Engine/EngineMaterials/Substrate/Glints2/dict_0000_0245" 6837
"/Engine/EngineMaterials/Substrate/Glints2/dict_0000_0243" 6838
"../../../Engine/Content/EngineMaterials/Substrate/Glints2/dict_0000_0249.uasset" 6839
"../../../Engine/Content/EngineMaterials/Substrate/Glints2/dict_0000_0247.uasset" 6840
"../../../Engine/Content/EngineMaterials/Substrate/Glints2/dict_0000_0248.uasset" 6841
"../../../Engine/Content/EngineMaterials/Substrate/Glints2/dict_0000_0242.uasset" 6842
"/Engine/EngineMaterials/Substrate/Glints2/dict_0000_0242" 6843
"/Engine/EngineMaterials/Substrate/Glints2/dict_0000_0249" 6844
"../../../Engine/Content/EngineMaterials/Substrate/Glints2/dict_0000_0251.uasset" 6845
"../../../Engine/Content/EngineMaterials/Substrate/Glints2/dict_0000_0250.uasset" 6846
"/Engine/EngineMaterials/Substrate/Glints2/dict_0000_0248" 6847
"/Engine/EngineMaterials/Substrate/Glints2/dict_0000_0247" 6848
"/Engine/EngineMaterials/Substrate/Glints2/dict_0000_0251" 6849
"/Engine/EngineMaterials/Substrate/Glints2/dict_0000_0250" 6850
"../../../Engine/Content/EngineMaterials/Substrate/Glints2/dict_0000_0252.uasset" 6851
"../../../Engine/Content/EngineMaterials/Substrate/Glints2/dict_0000_0244.uasset" 6852
"../../../Engine/Content/EngineMaterials/Substrate/Glints2/dict_0000_0254.uasset" 6853
"../../../Engine/Content/EngineMaterials/Substrate/Glints2/dict_0001_0000.uasset" 6854
"/Engine/EngineMaterials/Substrate/Glints2/dict_0000_0244" 6855
"../../../Engine/Content/EngineMaterials/Substrate/Glints2/dict_0000_0253.uasset" 6856
"/Engine/EngineMaterials/Substrate/Glints2/dict_0000_0252" 6857
"/Engine/EngineMaterials/Substrate/Glints2/dict_0001_0000" 6858
"/Engine/EngineMaterials/Substrate/Glints2/dict_0000_0254" 6859
"/Engine/EngineMaterials/Substrate/Glints2/dict_0000_0253" 6860
"../../../Engine/Content/EngineMaterials/Substrate/Glints2/dict_0001_0002.uasset" 6861
"../../../Engine/Content/EngineMaterials/Substrate/Glints2/dict_0001_0003.uasset" 6862
"../../../Engine/Content/EngineMaterials/Substrate/Glints2/dict_0001_0004.uasset" 6863
"../../../Engine/Content/EngineMaterials/Substrate/Glints2/dict_0001_0005.uasset" 6864
"/Engine/EngineMaterials/Substrate/Glints2/dict_0001_0003" 6865
"/Engine/EngineMaterials/Substrate/Glints2/dict_0001_0002" 6866
"/Engine/EngineMaterials/Substrate/Glints2/dict_0001_0005" 6867
"/Engine/EngineMaterials/Substrate/Glints2/dict_0001_0004" 6868
"../../../Engine/Content/EngineMaterials/Substrate/Glints2/dict_0001_0006.uasset" 6869
"../../../Engine/Content/EngineMaterials/Substrate/Glints2/dict_0001_0001.uasset" 6870
"../../../Engine/Content/EngineMaterials/Substrate/Glints2/dict_0000_0255.uasset" 6871
"../../../Engine/Content/EngineMaterials/Substrate/Glints2/dict_0001_0007.uasset" 6872
"../../../Engine/Content/EngineMaterials/Substrate/Glints2/dict_0001_0008.uasset" 6873
"../../../Engine/Content/EngineMaterials/Substrate/Glints2/dict_0001_0009.uasset" 6874
"/Engine/EngineMaterials/Substrate/Glints2/dict_0001_0007" 6875
"/Engine/EngineMaterials/Substrate/Glints2/dict_0001_0006" 6876
"/Engine/EngineMaterials/Substrate/Glints2/dict_0000_0255" 6877
"/Engine/EngineMaterials/Substrate/Glints2/dict_0001_0008" 6878
"../../../Engine/Content/EngineMaterials/Substrate/Glints2/dict_0001_0013.uasset" 6879
"../../../Engine/Content/EngineMaterials/Substrate/Glints2/dict_0001_0012.uasset" 6880
"/Engine/EngineMaterials/Substrate/Glints2/dict_0001_0009" 6881
"/Engine/EngineMaterials/Substrate/Glints2/dict_0001_0001" 6882
"/Engine/EngineMaterials/Substrate/Glints2/dict_0001_0012" 6883
"/Engine/EngineMaterials/Substrate/Glints2/dict_0001_0013" 6884
"../../../Engine/Content/EngineMaterials/Substrate/Glints2/dict_0001_0014.uasset" 6885
"../../../Engine/Content/EngineMaterials/Substrate/Glints2/dict_0001_0015.uasset" 6886
"../../../Engine/Content/EngineMaterials/Substrate/Glints2/dict_0001_0016.uasset" 6887
"../../../Engine/Content/EngineMaterials/Substrate/Glints2/dict_0001_0010.uasset" 6888
"/Engine/EngineMaterials/Substrate/Glints2/dict_0001_0016" 6889
"/Engine/EngineMaterials/Substrate/Glints2/dict_0001_0010" 6890
"/Engine/EngineMaterials/Substrate/Glints2/dict_0001_0015" 6891
"/Engine/EngineMaterials/Substrate/Glints2/dict_0001_0014" 6892
"../../../Engine/Content/EngineMaterials/Substrate/Glints2/dict_0001_0017.uasset" 6893
"/Engine/EngineMaterials/Substrate/Glints2/dict_0001_0017" 6894
"../../../Engine/Content/EngineMaterials/Substrate/Glints2/dict_0001_0018.uasset" 6895
"../../../Engine/Content/EngineMaterials/Substrate/Glints2/dict_0001_0019.uasset" 6896
"../../../Engine/Content/EngineMaterials/Substrate/Glints2/dict_0001_0021.uasset" 6897
"../../../Engine/Content/EngineMaterials/Substrate/Glints2/dict_0001_0023.uasset" 6898
"../../../Engine/Content/EngineMaterials/Substrate/Glints2/dict_0001_0022.uasset" 6899
"/Engine/EngineMaterials/Substrate/Glints2/dict_0001_0019" 6900
"/Engine/EngineMaterials/Substrate/Glints2/dict_0001_0018" 6901
"/Engine/EngineMaterials/Substrate/Glints2/dict_0001_0023" 6902
"/Engine/EngineMaterials/Substrate/Glints2/dict_0001_0022" 6903
"/Engine/EngineMaterials/Substrate/Glints2/dict_0001_0021" 6904
"../../../Engine/Content/EngineMaterials/Substrate/Glints2/dict_0001_0020.uasset" 6905
"../../../Engine/Content/EngineMaterials/Substrate/Glints2/dict_0001_0025.uasset" 6906
"../../../Engine/Content/EngineMaterials/Substrate/Glints2/dict_0001_0024.uasset" 6907
"../../../Engine/Content/EngineMaterials/Substrate/Glints2/dict_0001_0026.uasset" 6908
"/Engine/EngineMaterials/Substrate/Glints2/dict_0001_0020" 6909
"../../../Engine/Content/EngineMaterials/Substrate/Glints2/dict_0001_0030.uasset" 6910
"/Engine/EngineMaterials/Substrate/Glints2/dict_0001_0024" 6911
"../../../Engine/Content/EngineMaterials/Substrate/Glints2/dict_0001_0011.uasset" 6912
"../../../Engine/Content/EngineMaterials/Substrate/Glints2/dict_0001_0028.uasset" 6913
"/Engine/EngineMaterials/Substrate/Glints2/dict_0001_0026" 6914
"../../../Engine/Content/EngineMaterials/Substrate/Glints2/dict_0001_0029.uasset" 6915
"/Engine/EngineMaterials/Substrate/Glints2/dict_0001_0025" 6916
"../../../Engine/Content/EngineMaterials/Substrate/Glints2/dict_0001_0027.uasset" 6917
"/Engine/EngineMaterials/Substrate/Glints2/dict_0001_0030" 6918
"/Engine/EngineMaterials/Substrate/Glints2/dict_0001_0029" 6919
"/Engine/EngineMaterials/Substrate/Glints2/dict_0001_0028" 6920
"/Engine/EngineMaterials/Substrate/Glints2/dict_0001_0027" 6921
"/Engine/EngineMaterials/Substrate/Glints2/dict_0001_0011" 6922
"../../../Engine/Content/EngineMaterials/Substrate/Glints2/dict_0001_0033.uasset" 6923
"../../../Engine/Content/EngineMaterials/Substrate/Glints2/dict_0001_0031.uasset" 6924
"../../../Engine/Content/EngineMaterials/Substrate/Glints2/dict_0001_0034.uasset" 6925
"../../../Engine/Content/EngineMaterials/Substrate/Glints2/dict_0001_0035.uasset" 6926
"/Engine/EngineMaterials/Substrate/Glints2/dict_0001_0035" 6927
"/Engine/EngineMaterials/Substrate/Glints2/dict_0001_0031" 6928
"../../../Engine/Content/EngineMaterials/Substrate/Glints2/dict_0001_0036.uasset" 6929
"../../../Engine/Content/EngineMaterials/Substrate/Glints2/dict_0001_0032.uasset" 6930
"../../../Engine/Content/EngineMaterials/Substrate/Glints2/dict_0001_0037.uasset" 6931
"/Engine/EngineMaterials/Substrate/Glints2/dict_0001_0034" 6932
"/Engine/EngineMaterials/Substrate/Glints2/dict_0001_0033" 6933
"/Engine/EngineMaterials/Substrate/Glints2/dict_0001_0037" 6934
"/Engine/EngineMaterials/Substrate/Glints2/dict_0001_0032" 6935
"/Engine/EngineMaterials/Substrate/Glints2/dict_0001_0036" 6936
"../../../Engine/Content/EngineMaterials/Substrate/Glints2/dict_0001_0038.uasset" 6937
"../../../Engine/Content/EngineMaterials/Substrate/Glints2/dict_0001_0040.uasset" 6938
"../../../Engine/Content/EngineMaterials/Substrate/Glints2/dict_0001_0039.uasset" 6939
"../../../Engine/Content/EngineMaterials/Substrate/Glints2/dict_0001_0042.uasset" 6940
"../../../Engine/Content/EngineMaterials/Substrate/Glints2/dict_0001_0043.uasset" 6941
"../../../Engine/Content/EngineMaterials/Substrate/Glints2/dict_0001_0041.uasset" 6942
"/Engine/EngineMaterials/Substrate/Glints2/dict_0001_0043" 6943
"../../../Engine/Content/EngineMaterials/Substrate/Glints2/dict_0001_0044.uasset" 6944
"/Engine/EngineMaterials/Substrate/Glints2/dict_0001_0040" 6945
"/Engine/EngineMaterials/Substrate/Glints2/dict_0001_0039" 6946
"/Engine/EngineMaterials/Substrate/Glints2/dict_0001_0038" 6947
"/Engine/EngineMaterials/Substrate/Glints2/dict_0001_0042" 6948
"/Engine/EngineMaterials/Substrate/Glints2/dict_0001_0041" 6949
"/Engine/EngineMaterials/Substrate/Glints2/dict_0001_0044" 6950
"../../../Engine/Content/EngineMaterials/Substrate/Glints2/dict_0001_0047.uasset" 6951
"../../../Engine/Content/EngineMaterials/Substrate/Glints2/dict_0001_0045.uasset" 6952
"../../../Engine/Content/EngineMaterials/Substrate/Glints2/dict_0001_0049.uasset" 6953
"../../../Engine/Content/EngineMaterials/Substrate/Glints2/dict_0001_0046.uasset" 6954
"../../../Engine/Content/EngineMaterials/Substrate/Glints2/dict_0001_0048.uasset" 6955
"../../../Engine/Content/EngineMaterials/Substrate/Glints2/dict_0001_0053.uasset" 6956
"/Engine/EngineMaterials/Substrate/Glints2/dict_0001_0048" 6957
"../../../Engine/Content/EngineMaterials/Substrate/Glints2/dict_0001_0052.uasset" 6958
"/Engine/EngineMaterials/Substrate/Glints2/dict_0001_0053" 6959
"/Engine/EngineMaterials/Substrate/Glints2/dict_0001_0047" 6960
"/Engine/EngineMaterials/Substrate/Glints2/dict_0001_0046" 6961
"/Engine/EngineMaterials/Substrate/Glints2/dict_0001_0049" 6962
"/Engine/EngineMaterials/Substrate/Glints2/dict_0001_0045" 6963
"/Engine/EngineMaterials/Substrate/Glints2/dict_0001_0052" 6964
"../../../Engine/Content/EngineMaterials/Substrate/Glints2/dict_0001_0054.uasset" 6965
"../../../Engine/Content/EngineMaterials/Substrate/Glints2/dict_0001_0051.uasset" 6966
"../../../Engine/Content/EngineMaterials/Substrate/Glints2/dict_0001_0056.uasset" 6967
"/Engine/EngineMaterials/Substrate/Glints2/dict_0001_0054" 6968
"/Engine/EngineMaterials/Substrate/Glints2/dict_0001_0051" 6969
"../../../Engine/Content/EngineMaterials/Substrate/Glints2/dict_0001_0057.uasset" 6970
"/Engine/EngineMaterials/Substrate/Glints2/dict_0001_0057" 6971
"/Engine/EngineMaterials/Substrate/Glints2/dict_0001_0056" 6972
"../../../Engine/Content/EngineMaterials/Substrate/Glints2/dict_0001_0050.uasset" 6973
"../../../Engine/Content/EngineMaterials/Substrate/Glints2/dict_0001_0059.uasset" 6974
"../../../Engine/Content/EngineMaterials/Substrate/Glints2/dict_0001_0060.uasset" 6975
"../../../Engine/Content/EngineMaterials/Substrate/Glints2/dict_0001_0055.uasset" 6976
"../../../Engine/Content/EngineMaterials/Substrate/Glints2/dict_0001_0061.uasset" 6977
"../../../Engine/Content/EngineMaterials/Substrate/Glints2/dict_0001_0058.uasset" 6978
"/Engine/EngineMaterials/Substrate/Glints2/dict_0001_0061" 6979
"/Engine/EngineMaterials/Substrate/Glints2/dict_0001_0060" 6980
"/Engine/EngineMaterials/Substrate/Glints2/dict_0001_0055" 6981
"/Engine/EngineMaterials/Substrate/Glints2/dict_0001_0050" 6982
"/Engine/EngineMaterials/Substrate/Glints2/dict_0001_0059" 6983
"/Engine/EngineMaterials/Substrate/Glints2/dict_0001_0058" 6984
"../../../Engine/Content/EngineMaterials/Substrate/Glints2/dict_0001_0062.uasset" 6985
"../../../Engine/Content/EngineMaterials/Substrate/Glints2/dict_0001_0063.uasset" 6986
"../../../Engine/Content/EngineMaterials/Substrate/Glints2/dict_0001_0066.uasset" 6987
"../../../Engine/Content/EngineMaterials/Substrate/Glints2/dict_0001_0065.uasset" 6988
"/Engine/EngineMaterials/Substrate/Glints2/dict_0001_0062" 6989
"/Engine/EngineMaterials/Substrate/Glints2/dict_0001_0066" 6990
"../../../Engine/Content/EngineMaterials/Substrate/Glints2/dict_0001_0067.uasset" 6991
"/Engine/EngineMaterials/Substrate/Glints2/dict_0001_0065" 6992
"../../../Engine/Content/EngineMaterials/Substrate/Glints2/dict_0001_0070.uasset" 6993
"/Engine/EngineMaterials/Substrate/Glints2/dict_0001_0063" 6994
"/Engine/EngineMaterials/Substrate/Glints2/dict_0001_0070" 6995
"/Engine/EngineMaterials/Substrate/Glints2/dict_0001_0067" 6996
"../../../Engine/Content/EngineMaterials/Substrate/Glints2/dict_0001_0064.uasset" 6997
"../../../Engine/Content/EngineMaterials/Substrate/Glints2/dict_0001_0068.uasset" 6998
"../../../Engine/Content/EngineMaterials/Substrate/Glints2/dict_0001_0069.uasset" 6999
"../../../Engine/Content/EngineMaterials/Substrate/Glints2/dict_0001_0072.uasset" 7000
"../../../Engine/Content/EngineMaterials/Substrate/Glints2/dict_0001_0071.uasset" 7001
"/Engine/EngineMaterials/Substrate/Glints2/dict_0001_0072" 7002
"/Engine/EngineMaterials/Substrate/Glints2/dict_0001_0064" 7003
"/Engine/EngineMaterials/Substrate/Glints2/dict_0001_0071" 7004
"/Engine/EngineMaterials/Substrate/Glints2/dict_0001_0069" 7005
"/Engine/EngineMaterials/Substrate/Glints2/dict_0001_0068" 7006
"../../../Engine/Content/EngineMaterials/Substrate/Glints2/dict_0001_0074.uasset" 7007
"../../../Engine/Content/EngineMaterials/Substrate/Glints2/dict_0001_0076.uasset" 7008
"/Engine/EngineMaterials/Substrate/Glints2/dict_0001_0074" 7009
"/Engine/EngineMaterials/Substrate/Glints2/dict_0001_0076" 7010
"../../../Engine/Content/EngineMaterials/Substrate/Glints2/dict_0001_0078.uasset" 7011
"/Engine/EngineMaterials/Substrate/Glints2/dict_0001_0078" 7012
"../../../Engine/Content/EngineMaterials/Substrate/Glints2/dict_0001_0073.uasset" 7013
"/Engine/EngineMaterials/Substrate/Glints2/dict_0001_0073" 7014
"../../../Engine/Content/EngineMaterials/Substrate/Glints2/dict_0001_0080.uasset" 7015
"/Engine/EngineMaterials/Substrate/Glints2/dict_0001_0080" 7016
"../../../Engine/Content/EngineMaterials/Substrate/Glints2/dict_0001_0077.uasset" 7017
"../../../Engine/Content/EngineMaterials/Substrate/Glints2/dict_0001_0075.uasset" 7018
"/Engine/EngineMaterials/Substrate/Glints2/dict_0001_0077" 7019
"/Engine/EngineMaterials/Substrate/Glints2/dict_0001_0075" 7020
"../../../Engine/Content/EngineMaterials/Substrate/Glints2/dict_0001_0082.uasset" 7021
"../../../Engine/Content/EngineMaterials/Substrate/Glints2/dict_0001_0079.uasset" 7022
"../../../Engine/Content/EngineMaterials/Substrate/Glints2/dict_0001_0081.uasset" 7023
"/Engine/EngineMaterials/Substrate/Glints2/dict_0001_0082" 7024
"/Engine/EngineMaterials/Substrate/Glints2/dict_0001_0081" 7025
"../../../Engine/Content/EngineMaterials/Substrate/Glints2/dict_0001_0087.uasset" 7026
"/Engine/EngineMaterials/Substrate/Glints2/dict_0001_0079" 7027
"../../../Engine/Content/EngineMaterials/Substrate/Glints2/dict_0001_0086.uasset" 7028
"/Engine/EngineMaterials/Substrate/Glints2/dict_0001_0087" 7029
"../../../Engine/Content/EngineMaterials/Substrate/Glints2/dict_0001_0085.uasset" 7030
"/Engine/EngineMaterials/Substrate/Glints2/dict_0001_0086" 7031
"/Engine/EngineMaterials/Substrate/Glints2/dict_0001_0085" 7032
"../../../Engine/Content/EngineMaterials/Substrate/Glints2/dict_0001_0088.uasset" 7033
"../../../Engine/Content/EngineMaterials/Substrate/Glints2/dict_0001_0083.uasset" 7034
"/Engine/EngineMaterials/Substrate/Glints2/dict_0001_0083" 7035
"../../../Engine/Content/EngineMaterials/Substrate/Glints2/dict_0001_0089.uasset" 7036
"/Engine/EngineMaterials/Substrate/Glints2/dict_0001_0088" 7037
"/Engine/EngineMaterials/Substrate/Glints2/dict_0001_0089" 7038
"../../../Engine/Content/EngineMaterials/Substrate/Glints2/dict_0001_0091.uasset" 7039
"/Engine/EngineMaterials/Substrate/Glints2/dict_0001_0091" 7040
"../../../Engine/Content/EngineMaterials/Substrate/Glints2/dict_0001_0090.uasset" 7041
"/Engine/EngineMaterials/Substrate/Glints2/dict_0001_0090" 7042
"../../../Engine/Content/EngineMaterials/Substrate/Glints2/dict_0001_0094.uasset" 7043
"../../../Engine/Content/EngineMaterials/Substrate/Glints2/dict_0001_0084.uasset" 7044
"/Engine/EngineMaterials/Substrate/Glints2/dict_0001_0084" 7045
"/Engine/EngineMaterials/Substrate/Glints2/dict_0001_0094" 7046
"../../../Engine/Content/EngineMaterials/Substrate/Glints2/dict_0001_0093.uasset" 7047
"/Engine/EngineMaterials/Substrate/Glints2/dict_0001_0093" 7048
"../../../Engine/Content/EngineMaterials/Substrate/Glints2/dict_0001_0095.uasset" 7049
"../../../Engine/Content/EngineMaterials/Substrate/Glints2/dict_0001_0096.uasset" 7050
"../../../Engine/Content/EngineMaterials/Substrate/Glints2/dict_0001_0092.uasset" 7051
"/Engine/EngineMaterials/Substrate/Glints2/dict_0001_0096" 7052
"/Engine/EngineMaterials/Substrate/Glints2/dict_0001_0092" 7053
"/Engine/EngineMaterials/Substrate/Glints2/dict_0001_0095" 7054
"../../../Engine/Content/EngineMaterials/Substrate/Glints2/dict_0001_0098.uasset" 7055
"../../../Engine/Content/EngineMaterials/Substrate/Glints2/dict_0001_0099.uasset" 7056
"../../../Engine/Content/EngineMaterials/Substrate/Glints2/dict_0001_0100.uasset" 7057
"/Engine/EngineMaterials/Substrate/Glints2/dict_0001_0099" 7058
"/Engine/EngineMaterials/Substrate/Glints2/dict_0001_0098" 7059
"../../../Engine/Content/EngineMaterials/Substrate/Glints2/dict_0001_0101.uasset" 7060
"../../../Engine/Content/EngineMaterials/Substrate/Glints2/dict_0001_0102.uasset" 7061
"/Engine/EngineMaterials/Substrate/Glints2/dict_0001_0102" 7062
"/Engine/EngineMaterials/Substrate/Glints2/dict_0001_0101" 7063
"/Engine/EngineMaterials/Substrate/Glints2/dict_0001_0100" 7064
"../../../Engine/Content/EngineMaterials/Substrate/Glints2/dict_0001_0105.uasset" 7065
"/Engine/EngineMaterials/Substrate/Glints2/dict_0001_0105" 7066
"../../../Engine/Content/EngineMaterials/Substrate/Glints2/dict_0001_0106.uasset" 7067
"../../../Engine/Content/EngineMaterials/Substrate/Glints2/dict_0001_0097.uasset" 7068
"/Engine/EngineMaterials/Substrate/Glints2/dict_0001_0106" 7069
"/Engine/EngineMaterials/Substrate/Glints2/dict_0001_0097" 7070
"../../../Engine/Content/EngineMaterials/Substrate/Glints2/dict_0001_0103.uasset" 7071
"/Engine/EngineMaterials/Substrate/Glints2/dict_0001_0103" 7072
"../../../Engine/Content/EngineMaterials/Substrate/Glints2/dict_0001_0107.uasset" 7073
"../../../Engine/Content/EngineMaterials/Substrate/Glints2/dict_0001_0108.uasset" 7074
"/Engine/EngineMaterials/Substrate/Glints2/dict_0001_0108" 7075
"/Engine/EngineMaterials/Substrate/Glints2/dict_0001_0107" 7076
"../../../Engine/Content/EngineMaterials/Substrate/Glints2/dict_0001_0104.uasset" 7077
"../../../Engine/Content/EngineMaterials/Substrate/Glints2/dict_0001_0112.uasset" 7078
"../../../Engine/Content/EngineMaterials/Substrate/Glints2/dict_0001_0111.uasset" 7079
"/Engine/EngineMaterials/Substrate/Glints2/dict_0001_0104" 7080
"/Engine/EngineMaterials/Substrate/Glints2/dict_0001_0112" 7081
"/Engine/EngineMaterials/Substrate/Glints2/dict_0001_0111" 7082
"../../../Engine/Content/EngineMaterials/Substrate/Glints2/dict_0001_0110.uasset" 7083
"../../../Engine/Content/EngineMaterials/Substrate/Glints2/dict_0001_0109.uasset" 7084
"../../../Engine/Content/EngineMaterials/Substrate/Glints2/dict_0001_0114.uasset" 7085
"../../../Engine/Content/EngineMaterials/Substrate/Glints2/dict_0001_0113.uasset" 7086
"/Engine/EngineMaterials/Substrate/Glints2/dict_0001_0114" 7087
"/Engine/EngineMaterials/Substrate/Glints2/dict_0001_0113" 7088
"/Engine/EngineMaterials/Substrate/Glints2/dict_0001_0109" 7089
"/Engine/EngineMaterials/Substrate/Glints2/dict_0001_0110" 7090
"../../../Engine/Content/EngineMaterials/Substrate/Glints2/dict_0001_0118.uasset" 7091
"../../../Engine/Content/EngineMaterials/Substrate/Glints2/dict_0001_0115.uasset" 7092
"../../../Engine/Content/EngineMaterials/Substrate/Glints2/dict_0001_0119.uasset" 7093
"../../../Engine/Content/EngineMaterials/Substrate/Glints2/dict_0001_0116.uasset" 7094
"/Engine/EngineMaterials/Substrate/Glints2/dict_0001_0116" 7095
"/Engine/EngineMaterials/Substrate/Glints2/dict_0001_0119" 7096
"/Engine/EngineMaterials/Substrate/Glints2/dict_0001_0115" 7097
"/Engine/EngineMaterials/Substrate/Glints2/dict_0001_0118" 7098
"../../../Engine/Content/EngineMaterials/Substrate/Glints2/dict_0001_0120.uasset" 7099
"/Engine/EngineMaterials/Substrate/Glints2/dict_0001_0120" 7100
"../../../Engine/Content/EngineMaterials/Substrate/Glints2/dict_0001_0122.uasset" 7101
"../../../Engine/Content/EngineMaterials/Substrate/Glints2/dict_0001_0124.uasset" 7102
"/Engine/EngineMaterials/Substrate/Glints2/dict_0001_0124" 7103
"../../../Engine/Content/EngineMaterials/Substrate/Glints2/dict_0001_0117.uasset" 7104
"/Engine/EngineMaterials/Substrate/Glints2/dict_0001_0122" 7105
"/Engine/EngineMaterials/Substrate/Glints2/dict_0001_0117" 7106
"../../../Engine/Content/EngineMaterials/Substrate/Glints2/dict_0001_0126.uasset" 7107
"/Engine/EngineMaterials/Substrate/Glints2/dict_0001_0126" 7108
"../../../Engine/Content/EngineMaterials/Substrate/Glints2/dict_0001_0125.uasset" 7109
"/Engine/EngineMaterials/Substrate/Glints2/dict_0001_0125" 7110
"../../../Engine/Content/EngineMaterials/Substrate/Glints2/dict_0001_0129.uasset" 7111
"../../../Engine/Content/EngineMaterials/Substrate/Glints2/dict_0001_0128.uasset" 7112
"/Engine/EngineMaterials/Substrate/Glints2/dict_0001_0128" 7113
"/Engine/EngineMaterials/Substrate/Glints2/dict_0001_0129" 7114
"../../../Engine/Content/EngineMaterials/Substrate/Glints2/dict_0001_0121.uasset" 7115
"../../../Engine/Content/EngineMaterials/Substrate/Glints2/dict_0001_0130.uasset" 7116
"../../../Engine/Content/EngineMaterials/Substrate/Glints2/dict_0001_0131.uasset" 7117
"/Engine/EngineMaterials/Substrate/Glints2/dict_0001_0121" 7118
"/Engine/EngineMaterials/Substrate/Glints2/dict_0001_0131" 7119
"/Engine/EngineMaterials/Substrate/Glints2/dict_0001_0130" 7120
"../../../Engine/Content/EngineMaterials/Substrate/Glints2/dict_0001_0133.uasset" 7121
"../../../Engine/Content/EngineMaterials/Substrate/Glints2/dict_0001_0134.uasset" 7122
"../../../Engine/Content/EngineMaterials/Substrate/Glints2/dict_0001_0123.uasset" 7123
"../../../Engine/Content/EngineMaterials/Substrate/Glints2/dict_0001_0136.uasset" 7124
"../../../Engine/Content/EngineMaterials/Substrate/Glints2/dict_0001_0135.uasset" 7125
"/Engine/EngineMaterials/Substrate/Glints2/dict_0001_0134" 7126
"/Engine/EngineMaterials/Substrate/Glints2/dict_0001_0133" 7127
"/Engine/EngineMaterials/Substrate/Glints2/dict_0001_0136" 7128
"/Engine/EngineMaterials/Substrate/Glints2/dict_0001_0135" 7129
"/Engine/EngineMaterials/Substrate/Glints2/dict_0001_0123" 7130
"../../../Engine/Content/EngineMaterials/Substrate/Glints2/dict_0001_0127.uasset" 7131
"../../../Engine/Content/EngineMaterials/Substrate/Glints2/dict_0001_0138.uasset" 7132
"/Engine/EngineMaterials/Substrate/Glints2/dict_0001_0127" 7133
"/Engine/EngineMaterials/Substrate/Glints2/dict_0001_0138" 7134
"../../../Engine/Content/EngineMaterials/Substrate/Glints2/dict_0001_0137.uasset" 7135
"../../../Engine/Content/EngineMaterials/Substrate/Glints2/dict_0001_0132.uasset" 7136
"../../../Engine/Content/EngineMaterials/Substrate/Glints2/dict_0001_0141.uasset" 7137
"../../../Engine/Content/EngineMaterials/Substrate/Glints2/dict_0001_0140.uasset" 7138
"/Engine/EngineMaterials/Substrate/Glints2/dict_0001_0137" 7139
"../../../Engine/Content/EngineMaterials/Substrate/Glints2/dict_0001_0142.uasset" 7140
"/Engine/EngineMaterials/Substrate/Glints2/dict_0001_0141" 7141
"/Engine/EngineMaterials/Substrate/Glints2/dict_0001_0140" 7142
"/Engine/EngineMaterials/Substrate/Glints2/dict_0001_0132" 7143
"/Engine/EngineMaterials/Substrate/Glints2/dict_0001_0142" 7144
"../../../Engine/Content/EngineMaterials/Substrate/Glints2/dict_0001_0144.uasset" 7145
"../../../Engine/Content/EngineMaterials/Substrate/Glints2/dict_0001_0145.uasset" 7146
"/Engine/EngineMaterials/Substrate/Glints2/dict_0001_0145" 7147
"/Engine/EngineMaterials/Substrate/Glints2/dict_0001_0144" 7148
"../../../Engine/Content/EngineMaterials/Substrate/Glints2/dict_0001_0146.uasset" 7149
"../../../Engine/Content/EngineMaterials/Substrate/Glints2/dict_0001_0139.uasset" 7150
"../../../Engine/Content/EngineMaterials/Substrate/Glints2/dict_0001_0148.uasset" 7151
"../../../Engine/Content/EngineMaterials/Substrate/Glints2/dict_0001_0147.uasset" 7152
"/Engine/EngineMaterials/Substrate/Glints2/dict_0001_0146" 7153
"/Engine/EngineMaterials/Substrate/Glints2/dict_0001_0148" 7154
"/Engine/EngineMaterials/Substrate/Glints2/dict_0001_0139" 7155
"/Engine/EngineMaterials/Substrate/Glints2/dict_0001_0147" 7156
"../../../Engine/Content/EngineMaterials/Substrate/Glints2/dict_0001_0151.uasset" 7157
"../../../Engine/Content/EngineMaterials/Substrate/Glints2/dict_0001_0149.uasset" 7158
"/Engine/EngineMaterials/Substrate/Glints2/dict_0001_0149" 7159
"../../../Engine/Content/EngineMaterials/Substrate/Glints2/dict_0001_0152.uasset" 7160
"/Engine/EngineMaterials/Substrate/Glints2/dict_0001_0151" 7161
"/Engine/EngineMaterials/Substrate/Glints2/dict_0001_0152" 7162
"../../../Engine/Content/EngineMaterials/Substrate/Glints2/dict_0001_0153.uasset" 7163
"../../../Engine/Content/EngineMaterials/Substrate/Glints2/dict_0001_0155.uasset" 7164
"../../../Engine/Content/EngineMaterials/Substrate/Glints2/dict_0001_0154.uasset" 7165
"/Engine/EngineMaterials/Substrate/Glints2/dict_0001_0154" 7166
"../../../Engine/Content/EngineMaterials/Substrate/Glints2/dict_0001_0156.uasset" 7167
"/Engine/EngineMaterials/Substrate/Glints2/dict_0001_0153" 7168
"/Engine/EngineMaterials/Substrate/Glints2/dict_0001_0155" 7169
"/Engine/EngineMaterials/Substrate/Glints2/dict_0001_0156" 7170
"../../../Engine/Content/EngineMaterials/Substrate/Glints2/dict_0001_0157.uasset" 7171
"../../../Engine/Content/EngineMaterials/Substrate/Glints2/dict_0001_0158.uasset" 7172
"../../../Engine/Content/EngineMaterials/Substrate/Glints2/dict_0001_0159.uasset" 7173
"/Engine/EngineMaterials/Substrate/Glints2/dict_0001_0158" 7174
"/Engine/EngineMaterials/Substrate/Glints2/dict_0001_0159" 7175
"/Engine/EngineMaterials/Substrate/Glints2/dict_0001_0157" 7176
"../../../Engine/Content/EngineMaterials/Substrate/Glints2/dict_0001_0160.uasset" 7177
"../../../Engine/Content/EngineMaterials/Substrate/Glints2/dict_0001_0162.uasset" 7178
"../../../Engine/Content/EngineMaterials/Substrate/Glints2/dict_0001_0161.uasset" 7179
"../../../Engine/Content/EngineMaterials/Substrate/Glints2/dict_0001_0163.uasset" 7180
"/Engine/EngineMaterials/Substrate/Glints2/dict_0001_0163" 7181
"/Engine/EngineMaterials/Substrate/Glints2/dict_0001_0161" 7182
"/Engine/EngineMaterials/Substrate/Glints2/dict_0001_0162" 7183
"../../../Engine/Content/EngineMaterials/Substrate/Glints2/dict_0001_0165.uasset" 7184
"/Engine/EngineMaterials/Substrate/Glints2/dict_0001_0160" 7185
"../../../Engine/Content/EngineMaterials/Substrate/Glints2/dict_0001_0164.uasset" 7186
"/Engine/EngineMaterials/Substrate/Glints2/dict_0001_0165" 7187
"/Engine/EngineMaterials/Substrate/Glints2/dict_0001_0164" 7188
"../../../Engine/Content/EngineMaterials/Substrate/Glints2/dict_0001_0166.uasset" 7189
"../../../Engine/Content/EngineMaterials/Substrate/Glints2/dict_0001_0150.uasset" 7190
"../../../Engine/Content/EngineMaterials/Substrate/Glints2/dict_0001_0167.uasset" 7191
"../../../Engine/Content/EngineMaterials/Substrate/Glints2/dict_0001_0168.uasset" 7192
"/Engine/EngineMaterials/Substrate/Glints2/dict_0001_0150" 7193
"../../../Engine/Content/EngineMaterials/Substrate/Glints2/dict_0001_0169.uasset" 7194
"/Engine/EngineMaterials/Substrate/Glints2/dict_0001_0168" 7195
"/Engine/EngineMaterials/Substrate/Glints2/dict_0001_0167" 7196
"/Engine/EngineMaterials/Substrate/Glints2/dict_0001_0166" 7197
"/Engine/EngineMaterials/Substrate/Glints2/dict_0001_0169" 7198
"../../../Engine/Content/EngineMaterials/Substrate/Glints2/dict_0001_0171.uasset" 7199
"../../../Engine/Content/EngineMaterials/Substrate/Glints2/dict_0001_0172.uasset" 7200
"../../../Engine/Content/EngineMaterials/Substrate/Glints2/dict_0001_0170.uasset" 7201
"/Engine/EngineMaterials/Substrate/Glints2/dict_0001_0172" 7202
"/Engine/EngineMaterials/Substrate/Glints2/dict_0001_0171" 7203
"../../../Engine/Content/EngineMaterials/Substrate/Glints2/dict_0001_0174.uasset" 7204
"/Engine/EngineMaterials/Substrate/Glints2/dict_0001_0170" 7205
"/Engine/EngineMaterials/Substrate/Glints2/dict_0001_0174" 7206
"../../../Engine/Content/EngineMaterials/Substrate/Glints2/dict_0001_0175.uasset" 7207
"../../../Engine/Content/EngineMaterials/Substrate/Glints2/dict_0001_0173.uasset" 7208
"../../../Engine/Content/EngineMaterials/Substrate/Glints2/dict_0001_0176.uasset" 7209
"../../../Engine/Content/EngineMaterials/Substrate/Glints2/dict_0001_0177.uasset" 7210
"/Engine/EngineMaterials/Substrate/Glints2/dict_0001_0175" 7211
"/Engine/EngineMaterials/Substrate/Glints2/dict_0001_0177" 7212
"/Engine/EngineMaterials/Substrate/Glints2/dict_0001_0173" 7213
"../../../Engine/Content/EngineMaterials/Substrate/Glints2/dict_0001_0178.uasset" 7214
"../../../Engine/Content/EngineMaterials/Substrate/Glints2/dict_0001_0179.uasset" 7215
"/Engine/EngineMaterials/Substrate/Glints2/dict_0001_0176" 7216
"/Engine/EngineMaterials/Substrate/Glints2/dict_0001_0179" 7217
"/Engine/EngineMaterials/Substrate/Glints2/dict_0001_0178" 7218
"../../../Engine/Content/EngineMaterials/Substrate/Glints2/dict_0001_0180.uasset" 7219
"../../../Engine/Content/EngineMaterials/Substrate/Glints2/dict_0001_0181.uasset" 7220
"/Engine/EngineMaterials/Substrate/Glints2/dict_0001_0181" 7221
"/Engine/EngineMaterials/Substrate/Glints2/dict_0001_0180" 7222
"../../../Engine/Content/EngineMaterials/Substrate/Glints2/dict_0001_0184.uasset" 7223
"../../../Engine/Content/EngineMaterials/Substrate/Glints2/dict_0001_0183.uasset" 7224
"../../../Engine/Content/EngineMaterials/Substrate/Glints2/dict_0001_0185.uasset" 7225
"../../../Engine/Content/EngineMaterials/Substrate/Glints2/dict_0001_0182.uasset" 7226
"/Engine/EngineMaterials/Substrate/Glints2/dict_0001_0185" 7227
"../../../Engine/Content/EngineMaterials/Substrate/Glints2/dict_0001_0187.uasset" 7228
"/Engine/EngineMaterials/Substrate/Glints2/dict_0001_0184" 7229
"../../../Engine/Content/EngineMaterials/Substrate/Glints2/dict_0001_0186.uasset" 7230
"/Engine/EngineMaterials/Substrate/Glints2/dict_0001_0182" 7231
"/Engine/EngineMaterials/Substrate/Glints2/dict_0001_0183" 7232
"/Engine/EngineMaterials/Substrate/Glints2/dict_0001_0186" 7233
"../../../Engine/Content/EngineMaterials/Substrate/Glints2/dict_0001_0188.uasset" 7234
"/Engine/EngineMaterials/Substrate/Glints2/dict_0001_0187" 7235
"/Engine/EngineMaterials/Substrate/Glints2/dict_0001_0188" 7236
"../../../Engine/Content/EngineMaterials/Substrate/Glints2/dict_0001_0190.uasset" 7237
"../../../Engine/Content/EngineMaterials/Substrate/Glints2/dict_0001_0189.uasset" 7238
"../../../Engine/Content/EngineMaterials/Substrate/Glints2/dict_0001_0192.uasset" 7239
"../../../Engine/Content/EngineMaterials/Substrate/Glints2/dict_0001_0191.uasset" 7240
"/Engine/EngineMaterials/Substrate/Glints2/dict_0001_0189" 7241
"/Engine/EngineMaterials/Substrate/Glints2/dict_0001_0192" 7242
"/Engine/EngineMaterials/Substrate/Glints2/dict_0001_0191" 7243
"/Engine/EngineMaterials/Substrate/Glints2/dict_0001_0190" 7244
"../../../Engine/Content/EngineMaterials/Substrate/Glints2/dict_0001_0195.uasset" 7245
"../../../Engine/Content/EngineMaterials/Substrate/Glints2/dict_0001_0194.uasset" 7246
"../../../Engine/Content/EngineMaterials/Substrate/Glints2/dict_0001_0193.uasset" 7247
"../../../Engine/Content/EngineMaterials/Substrate/Glints2/dict_0001_0196.uasset" 7248
"/Engine/EngineMaterials/Substrate/Glints2/dict_0001_0195" 7249
"/Engine/EngineMaterials/Substrate/Glints2/dict_0001_0194" 7250
"/Engine/EngineMaterials/Substrate/Glints2/dict_0001_0193" 7251
"../../../Engine/Content/EngineMaterials/Substrate/Glints2/dict_0001_0197.uasset" 7252
"/Engine/EngineMaterials/Substrate/Glints2/dict_0001_0196" 7253
"/Engine/EngineMaterials/Substrate/Glints2/dict_0001_0197" 7254
"../../../Engine/Content/EngineMaterials/Substrate/Glints2/dict_0001_0200.uasset" 7255
"../../../Engine/Content/EngineMaterials/Substrate/Glints2/dict_0001_0198.uasset" 7256
"../../../Engine/Content/EngineMaterials/Substrate/Glints2/dict_0001_0201.uasset" 7257
"../../../Engine/Content/EngineMaterials/Substrate/Glints2/dict_0001_0199.uasset" 7258
"/Engine/EngineMaterials/Substrate/Glints2/dict_0001_0199" 7259
"/Engine/EngineMaterials/Substrate/Glints2/dict_0001_0198" 7260
"/Engine/EngineMaterials/Substrate/Glints2/dict_0001_0201" 7261
"/Engine/EngineMaterials/Substrate/Glints2/dict_0001_0200" 7262
"../../../Engine/Content/EngineMaterials/Substrate/Glints2/dict_0001_0202.uasset" 7263
"../../../Engine/Content/EngineMaterials/Substrate/Glints2/dict_0001_0203.uasset" 7264
"../../../Engine/Content/EngineMaterials/Substrate/Glints2/dict_0001_0204.uasset" 7265
"../../../Engine/Content/EngineMaterials/Substrate/Glints2/dict_0001_0206.uasset" 7266
"/Engine/EngineMaterials/Substrate/Glints2/dict_0001_0204" 7267
"../../../Engine/Content/EngineMaterials/Substrate/Glints2/dict_0001_0205.uasset" 7268
"../../../Engine/Content/EngineMaterials/Substrate/Glints2/dict_0001_0208.uasset" 7269
"/Engine/EngineMaterials/Substrate/Glints2/dict_0001_0203" 7270
"/Engine/EngineMaterials/Substrate/Glints2/dict_0001_0202" 7271
"/Engine/EngineMaterials/Substrate/Glints2/dict_0001_0208" 7272
"/Engine/EngineMaterials/Substrate/Glints2/dict_0001_0206" 7273
"/Engine/EngineMaterials/Substrate/Glints2/dict_0001_0205" 7274
"../../../Engine/Content/EngineMaterials/Substrate/Glints2/dict_0001_0211.uasset" 7275
"../../../Engine/Content/EngineMaterials/Substrate/Glints2/dict_0001_0207.uasset" 7276
"../../../Engine/Content/EngineMaterials/Substrate/Glints2/dict_0001_0210.uasset" 7277
"/Engine/EngineMaterials/Substrate/Glints2/dict_0001_0210" 7278
"/Engine/EngineMaterials/Substrate/Glints2/dict_0001_0207" 7279
"/Engine/EngineMaterials/Substrate/Glints2/dict_0001_0211" 7280
"../../../Engine/Content/EngineMaterials/Substrate/Glints2/dict_0001_0209.uasset" 7281
"../../../Engine/Content/EngineMaterials/Substrate/Glints2/dict_0001_0214.uasset" 7282
"../../../Engine/Content/EngineMaterials/Substrate/Glints2/dict_0001_0212.uasset" 7283
"../../../Engine/Content/EngineMaterials/Substrate/Glints2/dict_0001_0213.uasset" 7284
"/Engine/EngineMaterials/Substrate/Glints2/dict_0001_0212" 7285
"../../../Engine/Content/EngineMaterials/Substrate/Glints2/dict_0001_0217.uasset" 7286
"/Engine/EngineMaterials/Substrate/Glints2/dict_0001_0209" 7287
"../../../Engine/Content/EngineMaterials/Substrate/Glints2/dict_0001_0215.uasset" 7288
"/Engine/EngineMaterials/Substrate/Glints2/dict_0001_0214" 7289
"/Engine/EngineMaterials/Substrate/Glints2/dict_0001_0213" 7290
"/Engine/EngineMaterials/Substrate/Glints2/dict_0001_0215" 7291
"/Engine/EngineMaterials/Substrate/Glints2/dict_0001_0217" 7292
"../../../Engine/Content/EngineMaterials/Substrate/Glints2/dict_0001_0216.uasset" 7293
"../../../Engine/Content/EngineMaterials/Substrate/Glints2/dict_0001_0219.uasset" 7294
"../../../Engine/Content/EngineMaterials/Substrate/Glints2/dict_0001_0218.uasset" 7295
"../../../Engine/Content/EngineMaterials/Substrate/Glints2/dict_0001_0220.uasset" 7296
"/Engine/EngineMaterials/Substrate/Glints2/dict_0001_0218" 7297
"/Engine/EngineMaterials/Substrate/Glints2/dict_0001_0216" 7298
"../../../Engine/Content/EngineMaterials/Substrate/Glints2/dict_0001_0221.uasset" 7299
"/Engine/EngineMaterials/Substrate/Glints2/dict_0001_0220" 7300
"/Engine/EngineMaterials/Substrate/Glints2/dict_0001_0219" 7301
"/Engine/EngineMaterials/Substrate/Glints2/dict_0001_0221" 7302
"../../../Engine/Content/EngineMaterials/Substrate/Glints2/dict_0001_0224.uasset" 7303
"../../../Engine/Content/EngineMaterials/Substrate/Glints2/dict_0001_0223.uasset" 7304
"../../../Engine/Content/EngineMaterials/Substrate/Glints2/dict_0001_0222.uasset" 7305
"/Engine/EngineMaterials/Substrate/Glints2/dict_0001_0223" 7306
"/Engine/EngineMaterials/Substrate/Glints2/dict_0001_0222" 7307
"../../../Engine/Content/EngineMaterials/Substrate/Glints2/dict_0001_0225.uasset" 7308
"/Engine/EngineMaterials/Substrate/Glints2/dict_0001_0224" 7309
"/Engine/EngineMaterials/Substrate/Glints2/dict_0001_0225" 7310
"../../../Engine/Content/EngineMaterials/Substrate/Glints2/dict_0001_0227.uasset" 7311
"../../../Engine/Content/EngineMaterials/Substrate/Glints2/dict_0001_0226.uasset" 7312
"../../../Engine/Content/EngineMaterials/Substrate/Glints2/dict_0001_0229.uasset" 7313
"../../../Engine/Content/EngineMaterials/Substrate/Glints2/dict_0001_0228.uasset" 7314
"/Engine/EngineMaterials/Substrate/Glints2/dict_0001_0227" 7315
"/Engine/EngineMaterials/Substrate/Glints2/dict_0001_0226" 7316
"/Engine/EngineMaterials/Substrate/Glints2/dict_0001_0228" 7317
"/Engine/EngineMaterials/Substrate/Glints2/dict_0001_0229" 7318
"../../../Engine/Content/EngineMaterials/Substrate/Glints2/dict_0001_0231.uasset" 7319
"../../../Engine/Content/EngineMaterials/Substrate/Glints2/dict_0001_0230.uasset" 7320
"../../../Engine/Content/EngineMaterials/Substrate/Glints2/dict_0001_0232.uasset" 7321
"../../../Engine/Content/EngineMaterials/Substrate/Glints2/dict_0001_0233.uasset" 7322
"/Engine/EngineMaterials/Substrate/Glints2/dict_0001_0232" 7323
"/Engine/EngineMaterials/Substrate/Glints2/dict_0001_0231" 7324
"/Engine/EngineMaterials/Substrate/Glints2/dict_0001_0233" 7325
"/Engine/EngineMaterials/Substrate/Glints2/dict_0001_0230" 7326
"../../../Engine/Content/EngineMaterials/Substrate/Glints2/dict_0001_0236.uasset" 7327
"../../../Engine/Content/EngineMaterials/Substrate/Glints2/dict_0001_0237.uasset" 7328
"../../../Engine/Content/EngineMaterials/Substrate/Glints2/dict_0001_0235.uasset" 7329
"/Engine/EngineMaterials/Substrate/Glints2/dict_0001_0235" 7330
"/Engine/EngineMaterials/Substrate/Glints2/dict_0001_0237" 7331
"/Engine/EngineMaterials/Substrate/Glints2/dict_0001_0236" 7332
"../../../Engine/Content/EngineMaterials/Substrate/Glints2/dict_0001_0238.uasset" 7333
"../../../Engine/Content/EngineMaterials/Substrate/Glints2/dict_0001_0234.uasset" 7334
"../../../Engine/Content/EngineMaterials/Substrate/Glints2/dict_0001_0240.uasset" 7335
"../../../Engine/Content/EngineMaterials/Substrate/Glints2/dict_0001_0239.uasset" 7336
"../../../Engine/Content/EngineMaterials/Substrate/Glints2/dict_0001_0241.uasset" 7337
"/Engine/EngineMaterials/Substrate/Glints2/dict_0001_0241" 7338
"/Engine/EngineMaterials/Substrate/Glints2/dict_0001_0238" 7339
"/Engine/EngineMaterials/Substrate/Glints2/dict_0001_0240" 7340
"/Engine/EngineMaterials/Substrate/Glints2/dict_0001_0239" 7341
"/Engine/EngineMaterials/Substrate/Glints2/dict_0001_0234" 7342
"../../../Engine/Content/EngineMaterials/Substrate/Glints2/dict_0001_0244.uasset" 7343
"../../../Engine/Content/EngineMaterials/Substrate/Glints2/dict_0001_0243.uasset" 7344
"../../../Engine/Content/EngineMaterials/Substrate/Glints2/dict_0001_0245.uasset" 7345
"../../../Engine/Content/EngineMaterials/Substrate/Glints2/dict_0001_0242.uasset" 7346
"../../../Engine/Content/EngineMaterials/Substrate/Glints2/dict_0001_0247.uasset" 7347
"/Engine/EngineMaterials/Substrate/Glints2/dict_0001_0245" 7348
"/Engine/EngineMaterials/Substrate/Glints2/dict_0001_0244" 7349
"/Engine/EngineMaterials/Substrate/Glints2/dict_0001_0243" 7350
"../../../Engine/Content/EngineMaterials/Substrate/Glints2/dict_0001_0246.uasset" 7351
"/Engine/EngineMaterials/Substrate/Glints2/dict_0001_0242" 7352
"/Engine/EngineMaterials/Substrate/Glints2/dict_0001_0247" 7353
"/Engine/EngineMaterials/Substrate/Glints2/dict_0001_0246" 7354
"../../../Engine/Content/EngineMaterials/Substrate/Glints2/dict_0001_0248.uasset" 7355
"../../../Engine/Content/EngineMaterials/Substrate/Glints2/dict_0001_0249.uasset" 7356
"../../../Engine/Content/EngineMaterials/Substrate/Glints2/dict_0001_0250.uasset" 7357
"/Engine/EngineMaterials/Substrate/Glints2/dict_0001_0250" 7358
"/Engine/EngineMaterials/Substrate/Glints2/dict_0001_0249" 7359
"/Engine/EngineMaterials/Substrate/Glints2/dict_0001_0248" 7360
"../../../Engine/Content/EngineMaterials/Substrate/Glints2/dict_0001_0143.uasset" 7361
"../../../Engine/Content/EngineMaterials/Substrate/Glints2/dict_0001_0253.uasset" 7362
"../../../Engine/Content/EngineMaterials/Substrate/Glints2/dict_0001_0252.uasset" 7363
"../../../Engine/Content/EngineMaterials/Substrate/Glints2/dict_0001_0255.uasset" 7364
"/Engine/EngineMaterials/Substrate/Glints2/dict_0001_0255" 7365
"/Engine/EngineMaterials/Substrate/Glints2/dict_0001_0252" 7366
"/Engine/EngineMaterials/Substrate/Glints2/dict_0001_0143" 7367
"/Engine/EngineMaterials/Substrate/Glints2/dict_0001_0253" 7368
"../../../Engine/Content/EngineMaterials/Substrate/Glints2/dict_0002_0001.uasset" 7369
"../../../Engine/Content/EngineMaterials/Substrate/Glints2/dict_0002_0000.uasset" 7370
"../../../Engine/Content/EngineMaterials/Substrate/Glints2/dict_0001_0251.uasset" 7371
"../../../Engine/Content/EngineMaterials/Substrate/Glints2/dict_0002_0002.uasset" 7372
"/Engine/EngineMaterials/Substrate/Glints2/dict_0001_0251" 7373
"/Engine/EngineMaterials/Substrate/Glints2/dict_0002_0000" 7374
"/Engine/EngineMaterials/Substrate/Glints2/dict_0002_0002" 7375
"/Engine/EngineMaterials/Substrate/Glints2/dict_0002_0001" 7376
"../../../Engine/Content/EngineMaterials/Substrate/Glints2/dict_0002_0006.uasset" 7377
"../../../Engine/Content/EngineMaterials/Substrate/Glints2/dict_0002_0004.uasset" 7378
"../../../Engine/Content/EngineMaterials/Substrate/Glints2/dict_0002_0003.uasset" 7379
"../../../Engine/Content/EngineMaterials/Substrate/Glints2/dict_0002_0007.uasset" 7380
"/Engine/EngineMaterials/Substrate/Glints2/dict_0002_0004" 7381
"/Engine/EngineMaterials/Substrate/Glints2/dict_0002_0003" 7382
"../../../Engine/Content/EngineMaterials/Substrate/Glints2/dict_0002_0009.uasset" 7383
"/Engine/EngineMaterials/Substrate/Glints2/dict_0002_0007" 7384
"../../../Engine/Content/EngineMaterials/Substrate/Glints2/dict_0002_0008.uasset" 7385
"/Engine/EngineMaterials/Substrate/Glints2/dict_0002_0006" 7386
"/Engine/EngineMaterials/Substrate/Glints2/dict_0002_0008" 7387
"../../../Engine/Content/EngineMaterials/Substrate/Glints2/dict_0001_0254.uasset" 7388
"/Engine/EngineMaterials/Substrate/Glints2/dict_0002_0009" 7389
"/Engine/EngineMaterials/Substrate/Glints2/dict_0001_0254" 7390
"../../../Engine/Content/EngineMaterials/Substrate/Glints2/dict_0002_0010.uasset" 7391
"../../../Engine/Content/EngineMaterials/Substrate/Glints2/dict_0002_0011.uasset" 7392
"../../../Engine/Content/EngineMaterials/Substrate/Glints2/dict_0002_0012.uasset" 7393
"../../../Engine/Content/EngineMaterials/Substrate/Glints2/dict_0002_0014.uasset" 7394
"/Engine/EngineMaterials/Substrate/Glints2/dict_0002_0011" 7395
"/Engine/EngineMaterials/Substrate/Glints2/dict_0002_0014" 7396
"/Engine/EngineMaterials/Substrate/Glints2/dict_0002_0010" 7397
"/Engine/EngineMaterials/Substrate/Glints2/dict_0002_0012" 7398
"../../../Engine/Content/EngineMaterials/Substrate/Glints2/dict_0002_0016.uasset" 7399
"../../../Engine/Content/EngineMaterials/Substrate/Glints2/dict_0002_0015.uasset" 7400
"../../../Engine/Content/EngineMaterials/Substrate/Glints2/dict_0002_0005.uasset" 7401
"../../../Engine/Content/EngineMaterials/Substrate/Glints2/dict_0002_0017.uasset" 7402
"../../../Engine/Content/EngineMaterials/Substrate/Glints2/dict_0002_0013.uasset" 7403
"../../../Engine/Content/EngineMaterials/Substrate/Glints2/dict_0002_0018.uasset" 7404
"/Engine/EngineMaterials/Substrate/Glints2/dict_0002_0016" 7405
"/Engine/EngineMaterials/Substrate/Glints2/dict_0002_0015" 7406
"../../../Engine/Content/EngineMaterials/Substrate/Glints2/dict_0002_0019.uasset" 7407
"/Engine/EngineMaterials/Substrate/Glints2/dict_0002_0018" 7408
"/Engine/EngineMaterials/Substrate/Glints2/dict_0002_0013" 7409
"../../../Engine/Content/EngineMaterials/Substrate/Glints2/dict_0002_0021.uasset" 7410
"/Engine/EngineMaterials/Substrate/Glints2/dict_0002_0017" 7411
"/Engine/EngineMaterials/Substrate/Glints2/dict_0002_0005" 7412
"/Engine/EngineMaterials/Substrate/Glints2/dict_0002_0019" 7413
"/Engine/EngineMaterials/Substrate/Glints2/dict_0002_0021" 7414
"../../../Engine/Content/EngineMaterials/Substrate/Glints2/dict_0002_0023.uasset" 7415
"../../../Engine/Content/EngineMaterials/Substrate/Glints2/dict_0002_0025.uasset" 7416
"../../../Engine/Content/EngineMaterials/Substrate/Glints2/dict_0002_0022.uasset" 7417
"../../../Engine/Content/EngineMaterials/Substrate/Glints2/dict_0002_0024.uasset" 7418
"../../../Engine/Content/EngineMaterials/Substrate/Glints2/dict_0002_0026.uasset" 7419
"../../../Engine/Content/EngineMaterials/Substrate/Glints2/dict_0002_0020.uasset" 7420
"/Engine/EngineMaterials/Substrate/Glints2/dict_0002_0020" 7421
"/Engine/EngineMaterials/Substrate/Glints2/dict_0002_0025" 7422
"/Engine/EngineMaterials/Substrate/Glints2/dict_0002_0022" 7423
"/Engine/EngineMaterials/Substrate/Glints2/dict_0002_0026" 7424
"/Engine/EngineMaterials/Substrate/Glints2/dict_0002_0024" 7425
"/Engine/EngineMaterials/Substrate/Glints2/dict_0002_0023" 7426
"../../../Engine/Content/EngineMaterials/Substrate/Glints2/dict_0002_0028.uasset" 7427
"../../../Engine/Content/EngineMaterials/Substrate/Glints2/dict_0002_0027.uasset" 7428
"../../../Engine/Content/EngineMaterials/Substrate/Glints2/dict_0002_0030.uasset" 7429
"../../../Engine/Content/EngineMaterials/Substrate/Glints2/dict_0002_0032.uasset" 7430
"../../../Engine/Content/EngineMaterials/Substrate/Glints2/dict_0002_0029.uasset" 7431
"/Engine/EngineMaterials/Substrate/Glints2/dict_0002_0029" 7432
"/Engine/EngineMaterials/Substrate/Glints2/dict_0002_0032" 7433
"/Engine/EngineMaterials/Substrate/Glints2/dict_0002_0028" 7434
"/Engine/EngineMaterials/Substrate/Glints2/dict_0002_0030" 7435
"../../../Engine/Content/EngineMaterials/Substrate/Glints2/dict_0002_0031.uasset" 7436
"/Engine/EngineMaterials/Substrate/Glints2/dict_0002_0027" 7437
"/Engine/EngineMaterials/Substrate/Glints2/dict_0002_0031" 7438
"../../../Engine/Content/EngineMaterials/Substrate/Glints2/dict_0002_0033.uasset" 7439
"../../../Engine/Content/EngineMaterials/Substrate/Glints2/dict_0002_0034.uasset" 7440
"../../../Engine/Content/EngineMaterials/Substrate/Glints2/dict_0002_0035.uasset" 7441
"../../../Engine/Content/EngineMaterials/Substrate/Glints2/dict_0002_0036.uasset" 7442
"../../../Engine/Content/EngineMaterials/Substrate/Glints2/dict_0002_0038.uasset" 7443
"../../../Engine/Content/EngineMaterials/Substrate/Glints2/dict_0002_0040.uasset" 7444
"../../../Engine/Content/EngineMaterials/Substrate/Glints2/dict_0002_0039.uasset" 7445
"../../../Engine/Content/EngineMaterials/Substrate/Glints2/dict_0002_0037.uasset" 7446
"/Engine/EngineMaterials/Substrate/Glints2/dict_0002_0037" 7447
"/Engine/EngineMaterials/Substrate/Glints2/dict_0002_0039" 7448
"/Engine/EngineMaterials/Substrate/Glints2/dict_0002_0036" 7449
"/Engine/EngineMaterials/Substrate/Glints2/dict_0002_0033" 7450
"/Engine/EngineMaterials/Substrate/Glints2/dict_0002_0035" 7451
"/Engine/EngineMaterials/Substrate/Glints2/dict_0002_0040" 7452
"/Engine/EngineMaterials/Substrate/Glints2/dict_0002_0038" 7453
"/Engine/EngineMaterials/Substrate/Glints2/dict_0002_0034" 7454
"../../../Engine/Content/EngineMaterials/Substrate/Glints2/dict_0002_0042.uasset" 7455
"../../../Engine/Content/EngineMaterials/Substrate/Glints2/dict_0002_0043.uasset" 7456
"../../../Engine/Content/EngineMaterials/Substrate/Glints2/dict_0002_0044.uasset" 7457
"../../../Engine/Content/EngineMaterials/Substrate/Glints2/dict_0002_0045.uasset" 7458
"../../../Engine/Content/EngineMaterials/Substrate/Glints2/dict_0002_0041.uasset" 7459
"/Engine/EngineMaterials/Substrate/Glints2/dict_0002_0044" 7460
"/Engine/EngineMaterials/Substrate/Glints2/dict_0002_0043" 7461
"/Engine/EngineMaterials/Substrate/Glints2/dict_0002_0042" 7462
"../../../Engine/Content/EngineMaterials/Substrate/Glints2/dict_0002_0048.uasset" 7463
"../../../Engine/Content/EngineMaterials/Substrate/Glints2/dict_0002_0046.uasset" 7464
"/Engine/EngineMaterials/Substrate/Glints2/dict_0002_0041" 7465
"/Engine/EngineMaterials/Substrate/Glints2/dict_0002_0045" 7466
"/Engine/EngineMaterials/Substrate/Glints2/dict_0002_0048" 7467
"/Engine/EngineMaterials/Substrate/Glints2/dict_0002_0046" 7468
"../../../Engine/Content/EngineMaterials/Substrate/Glints2/dict_0002_0049.uasset" 7469
"../../../Engine/Content/EngineMaterials/Substrate/Glints2/dict_0002_0050.uasset" 7470
"../../../Engine/Content/EngineMaterials/Substrate/Glints2/dict_0002_0051.uasset" 7471
"../../../Engine/Content/EngineMaterials/Substrate/Glints2/dict_0002_0052.uasset" 7472
"../../../Engine/Content/EngineMaterials/Substrate/Glints2/dict_0002_0054.uasset" 7473
"../../../Engine/Content/EngineMaterials/Substrate/Glints2/dict_0002_0053.uasset" 7474
"/Engine/EngineMaterials/Substrate/Glints2/dict_0002_0050" 7475
"/Engine/EngineMaterials/Substrate/Glints2/dict_0002_0049" 7476
"/Engine/EngineMaterials/Substrate/Glints2/dict_0002_0052" 7477
"/Engine/EngineMaterials/Substrate/Glints2/dict_0002_0054" 7478
"/Engine/EngineMaterials/Substrate/Glints2/dict_0002_0053" 7479
"/Engine/EngineMaterials/Substrate/Glints2/dict_0002_0051" 7480
"../../../Engine/Content/EngineMaterials/Substrate/Glints2/dict_0002_0055.uasset" 7481
"../../../Engine/Content/EngineMaterials/Substrate/Glints2/dict_0002_0056.uasset" 7482
"../../../Engine/Content/EngineMaterials/Substrate/Glints2/dict_0002_0057.uasset" 7483
"../../../Engine/Content/EngineMaterials/Substrate/Glints2/dict_0002_0058.uasset" 7484
"../../../Engine/Content/EngineMaterials/Substrate/Glints2/dict_0002_0059.uasset" 7485
"../../../Engine/Content/EngineMaterials/Substrate/Glints2/dict_0002_0060.uasset" 7486
"/Engine/EngineMaterials/Substrate/Glints2/dict_0002_0058" 7487
"/Engine/EngineMaterials/Substrate/Glints2/dict_0002_0057" 7488
"/Engine/EngineMaterials/Substrate/Glints2/dict_0002_0056" 7489
"/Engine/EngineMaterials/Substrate/Glints2/dict_0002_0060" 7490
"/Engine/EngineMaterials/Substrate/Glints2/dict_0002_0059" 7491
"/Engine/EngineMaterials/Substrate/Glints2/dict_0002_0055" 7492
"../../../Engine/Content/EngineMaterials/Substrate/Glints2/dict_0002_0062.uasset" 7493
"../../../Engine/Content/EngineMaterials/Substrate/Glints2/dict_0002_0061.uasset" 7494
"../../../Engine/Content/EngineMaterials/Substrate/Glints2/dict_0002_0063.uasset" 7495
"../../../Engine/Content/EngineMaterials/Substrate/Glints2/dict_0002_0064.uasset" 7496
"../../../Engine/Content/EngineMaterials/Substrate/Glints2/dict_0002_0065.uasset" 7497
"../../../Engine/Content/EngineMaterials/Substrate/Glints2/dict_0002_0066.uasset" 7498
"/Engine/EngineMaterials/Substrate/Glints2/dict_0002_0063" 7499
"/Engine/EngineMaterials/Substrate/Glints2/dict_0002_0062" 7500
"../../../Engine/Content/EngineMaterials/Substrate/Glints2/dict_0002_0067.uasset" 7501
"../../../Engine/Content/EngineMaterials/Substrate/Glints2/dict_0002_0068.uasset" 7502
"/Engine/EngineMaterials/Substrate/Glints2/dict_0002_0066" 7503
"/Engine/EngineMaterials/Substrate/Glints2/dict_0002_0065" 7504
"/Engine/EngineMaterials/Substrate/Glints2/dict_0002_0064" 7505
"/Engine/EngineMaterials/Substrate/Glints2/dict_0002_0061" 7506
"/Engine/EngineMaterials/Substrate/Glints2/dict_0002_0068" 7507
"/Engine/EngineMaterials/Substrate/Glints2/dict_0002_0067" 7508
"../../../Engine/Content/EngineMaterials/Substrate/Glints2/dict_0002_0069.uasset" 7509
"../../../Engine/Content/EngineMaterials/Substrate/Glints2/dict_0002_0070.uasset" 7510
"../../../Engine/Content/EngineMaterials/Substrate/Glints2/dict_0002_0072.uasset" 7511
"../../../Engine/Content/EngineMaterials/Substrate/Glints2/dict_0002_0071.uasset" 7512
"../../../Engine/Content/EngineMaterials/Substrate/Glints2/dict_0002_0074.uasset" 7513
"../../../Engine/Content/EngineMaterials/Substrate/Glints2/dict_0002_0073.uasset" 7514
"/Engine/EngineMaterials/Substrate/Glints2/dict_0002_0072" 7515
"/Engine/EngineMaterials/Substrate/Glints2/dict_0002_0071" 7516
"/Engine/EngineMaterials/Substrate/Glints2/dict_0002_0070" 7517
"/Engine/EngineMaterials/Substrate/Glints2/dict_0002_0069" 7518
"/Engine/EngineMaterials/Substrate/Glints2/dict_0002_0074" 7519
"/Engine/EngineMaterials/Substrate/Glints2/dict_0002_0073" 7520
"../../../Engine/Content/EngineMaterials/Substrate/Glints2/dict_0002_0075.uasset" 7521
"../../../Engine/Content/EngineMaterials/Substrate/Glints2/dict_0002_0076.uasset" 7522
"../../../Engine/Content/EngineMaterials/Substrate/Glints2/dict_0002_0077.uasset" 7523
"../../../Engine/Content/EngineMaterials/Substrate/Glints2/dict_0002_0078.uasset" 7524
"../../../Engine/Content/EngineMaterials/Substrate/Glints2/dict_0002_0079.uasset" 7525
"/Engine/EngineMaterials/Substrate/Glints2/dict_0002_0077" 7526
"/Engine/EngineMaterials/Substrate/Glints2/dict_0002_0076" 7527
"/Engine/EngineMaterials/Substrate/Glints2/dict_0002_0075" 7528
"/Engine/EngineMaterials/Substrate/Glints2/dict_0002_0079" 7529
"/Engine/EngineMaterials/Substrate/Glints2/dict_0002_0078" 7530
"../../../Engine/Content/EngineMaterials/Substrate/Glints2/dict_0002_0082.uasset" 7531
"../../../Engine/Content/EngineMaterials/Substrate/Glints2/dict_0002_0081.uasset" 7532
"/Engine/EngineMaterials/Substrate/Glints2/dict_0002_0082" 7533
"/Engine/EngineMaterials/Substrate/Glints2/dict_0002_0081" 7534
"../../../Engine/Content/EngineMaterials/Substrate/Glints2/dict_0002_0083.uasset" 7535
"../../../Engine/Content/EngineMaterials/Substrate/Glints2/dict_0002_0085.uasset" 7536
"../../../Engine/Content/EngineMaterials/Substrate/Glints2/dict_0002_0084.uasset" 7537
"/Engine/EngineMaterials/Substrate/Glints2/dict_0002_0085" 7538
"/Engine/EngineMaterials/Substrate/Glints2/dict_0002_0084" 7539
"/Engine/EngineMaterials/Substrate/Glints2/dict_0002_0083" 7540
"../../../Engine/Content/EngineMaterials/Substrate/Glints2/dict_0002_0086.uasset" 7541
"/Engine/EngineMaterials/Substrate/Glints2/dict_0002_0086" 7542
"../../../Engine/Content/EngineMaterials/Substrate/Glints2/dict_0002_0087.uasset" 7543
"../../../Engine/Content/EngineMaterials/Substrate/Glints2/dict_0002_0088.uasset" 7544
"../../../Engine/Content/EngineMaterials/Substrate/Glints2/dict_0002_0089.uasset" 7545
"/Engine/EngineMaterials/Substrate/Glints2/dict_0002_0089" 7546
"../../../Engine/Content/EngineMaterials/Substrate/Glints2/dict_0002_0091.uasset" 7547
"../../../Engine/Content/EngineMaterials/Substrate/Glints2/dict_0002_0090.uasset" 7548
"/Engine/EngineMaterials/Substrate/Glints2/dict_0002_0088" 7549
"/Engine/EngineMaterials/Substrate/Glints2/dict_0002_0087" 7550
"/Engine/EngineMaterials/Substrate/Glints2/dict_0002_0091" 7551
"/Engine/EngineMaterials/Substrate/Glints2/dict_0002_0090" 7552
"../../../Engine/Content/EngineMaterials/Substrate/Glints2/dict_0002_0092.uasset" 7553
"../../../Engine/Content/EngineMaterials/Substrate/Glints2/dict_0002_0094.uasset" 7554
"/Engine/EngineMaterials/Substrate/Glints2/dict_0002_0094" 7555
"/Engine/EngineMaterials/Substrate/Glints2/dict_0002_0092" 7556
"../../../Engine/Content/EngineMaterials/Substrate/Glints2/dict_0002_0096.uasset" 7557
"/Engine/EngineMaterials/Substrate/Glints2/dict_0002_0096" 7558
"../../../Engine/Content/EngineMaterials/Substrate/Glints2/dict_0002_0097.uasset" 7559
"/Engine/EngineMaterials/Substrate/Glints2/dict_0002_0097" 7560
"../../../Engine/Content/EngineMaterials/Substrate/Glints2/dict_0002_0098.uasset" 7561
"../../../Engine/Content/EngineMaterials/Substrate/Glints2/dict_0002_0095.uasset" 7562
"../../../Engine/Content/EngineMaterials/Substrate/Glints2/dict_0002_0093.uasset" 7563
"../../../Engine/Content/EngineMaterials/Substrate/Glints2/dict_0002_0101.uasset" 7564
"../../../Engine/Content/EngineMaterials/Substrate/Glints2/dict_0002_0099.uasset" 7565
"../../../Engine/Content/EngineMaterials/Substrate/Glints2/dict_0002_0100.uasset" 7566
"../../../Engine/Content/EngineMaterials/Substrate/Glints2/dict_0002_0047.uasset" 7567
"/Engine/EngineMaterials/Substrate/Glints2/dict_0002_0099" 7568
"/Engine/EngineMaterials/Substrate/Glints2/dict_0002_0098" 7569
"/Engine/EngineMaterials/Substrate/Glints2/dict_0002_0047" 7570
"/Engine/EngineMaterials/Substrate/Glints2/dict_0002_0095" 7571
"/Engine/EngineMaterials/Substrate/Glints2/dict_0002_0101" 7572
"/Engine/EngineMaterials/Substrate/Glints2/dict_0002_0093" 7573
"/Engine/EngineMaterials/Substrate/Glints2/dict_0002_0100" 7574
"../../../Engine/Content/EngineMaterials/Substrate/Glints2/dict_0002_0105.uasset" 7575
"../../../Engine/Content/EngineMaterials/Substrate/Glints2/dict_0002_0104.uasset" 7576
"../../../Engine/Content/EngineMaterials/Substrate/Glints2/dict_0002_0103.uasset" 7577
"../../../Engine/Content/EngineMaterials/Substrate/Glints2/dict_0002_0102.uasset" 7578
"/Engine/EngineMaterials/Substrate/Glints2/dict_0002_0105" 7579
"/Engine/EngineMaterials/Substrate/Glints2/dict_0002_0104" 7580
"/Engine/EngineMaterials/Substrate/Glints2/dict_0002_0103" 7581
"/Engine/EngineMaterials/Substrate/Glints2/dict_0002_0102" 7582
"../../../Engine/Content/EngineMaterials/Substrate/Glints2/dict_0002_0107.uasset" 7583
"../../../Engine/Content/EngineMaterials/Substrate/Glints2/dict_0002_0108.uasset" 7584
"../../../Engine/Content/EngineMaterials/Substrate/Glints2/dict_0002_0106.uasset" 7585
"../../../Engine/Content/EngineMaterials/Substrate/Glints2/dict_0002_0109.uasset" 7586
"../../../Engine/Content/EngineMaterials/Substrate/Glints2/dict_0002_0110.uasset" 7587
"/Engine/EngineMaterials/Substrate/Glints2/dict_0002_0110" 7588
"/Engine/EngineMaterials/Substrate/Glints2/dict_0002_0109" 7589
"/Engine/EngineMaterials/Substrate/Glints2/dict_0002_0108" 7590
"/Engine/EngineMaterials/Substrate/Glints2/dict_0002_0107" 7591
"/Engine/EngineMaterials/Substrate/Glints2/dict_0002_0106" 7592
"../../../Engine/Content/EngineMaterials/Substrate/Glints2/dict_0002_0111.uasset" 7593
"../../../Engine/Content/EngineMaterials/Substrate/Glints2/dict_0002_0112.uasset" 7594
"../../../Engine/Content/EngineMaterials/Substrate/Glints2/dict_0002_0113.uasset" 7595
"../../../Engine/Content/EngineMaterials/Substrate/Glints2/dict_0002_0114.uasset" 7596
"../../../Engine/Content/EngineMaterials/Substrate/Glints2/dict_0002_0116.uasset" 7597
"../../../Engine/Content/EngineMaterials/Substrate/Glints2/dict_0002_0115.uasset" 7598
"/Engine/EngineMaterials/Substrate/Glints2/dict_0002_0115" 7599
"/Engine/EngineMaterials/Substrate/Glints2/dict_0002_0114" 7600
"/Engine/EngineMaterials/Substrate/Glints2/dict_0002_0113" 7601
"/Engine/EngineMaterials/Substrate/Glints2/dict_0002_0116" 7602
"/Engine/EngineMaterials/Substrate/Glints2/dict_0002_0112" 7603
"/Engine/EngineMaterials/Substrate/Glints2/dict_0002_0111" 7604
"../../../Engine/Content/EngineMaterials/Substrate/Glints2/dict_0002_0118.uasset" 7605
"/Engine/EngineMaterials/Substrate/Glints2/dict_0002_0118" 7606
"../../../Engine/Content/EngineMaterials/Substrate/Glints2/dict_0002_0117.uasset" 7607
"/Engine/EngineMaterials/Substrate/Glints2/dict_0002_0117" 7608
"../../../Engine/Content/EngineMaterials/Substrate/Glints2/dict_0002_0122.uasset" 7609
"../../../Engine/Content/EngineMaterials/Substrate/Glints2/dict_0002_0119.uasset" 7610
"../../../Engine/Content/EngineMaterials/Substrate/Glints2/dict_0002_0121.uasset" 7611
"/Engine/EngineMaterials/Substrate/Glints2/dict_0002_0121" 7612
"/Engine/EngineMaterials/Substrate/Glints2/dict_0002_0119" 7613
"/Engine/EngineMaterials/Substrate/Glints2/dict_0002_0122" 7614
"../../../Engine/Content/EngineMaterials/Substrate/Glints2/dict_0002_0120.uasset" 7615
"/Engine/EngineMaterials/Substrate/Glints2/dict_0002_0120" 7616
"../../../Engine/Content/EngineMaterials/Substrate/Glints2/dict_0002_0125.uasset" 7617
"../../../Engine/Content/EngineMaterials/Substrate/Glints2/dict_0002_0124.uasset" 7618
"../../../Engine/Content/EngineMaterials/Substrate/Glints2/dict_0002_0123.uasset" 7619
"../../../Engine/Content/EngineMaterials/Substrate/Glints2/dict_0002_0126.uasset" 7620
"/Engine/EngineMaterials/Substrate/Glints2/dict_0002_0125" 7621
"/Engine/EngineMaterials/Substrate/Glints2/dict_0002_0124" 7622
"/Engine/EngineMaterials/Substrate/Glints2/dict_0002_0123" 7623
"/Engine/EngineMaterials/Substrate/Glints2/dict_0002_0126" 7624
"../../../Engine/Content/EngineMaterials/Substrate/Glints2/dict_0002_0129.uasset" 7625
"../../../Engine/Content/EngineMaterials/Substrate/Glints2/dict_0002_0128.uasset" 7626
"../../../Engine/Content/EngineMaterials/Substrate/Glints2/dict_0002_0127.uasset" 7627
"../../../Engine/Content/EngineMaterials/Substrate/Glints2/dict_0002_0130.uasset" 7628
"../../../Engine/Content/EngineMaterials/Substrate/Glints2/dict_0002_0133.uasset" 7629
"../../../Engine/Content/EngineMaterials/Substrate/Glints2/dict_0002_0132.uasset" 7630
"../../../Engine/Content/EngineMaterials/Substrate/Glints2/dict_0002_0131.uasset" 7631
"/Engine/EngineMaterials/Substrate/Glints2/dict_0002_0133" 7632
"/Engine/EngineMaterials/Substrate/Glints2/dict_0002_0132" 7633
"/Engine/EngineMaterials/Substrate/Glints2/dict_0002_0131" 7634
"/Engine/EngineMaterials/Substrate/Glints2/dict_0002_0130" 7635
"/Engine/EngineMaterials/Substrate/Glints2/dict_0002_0129" 7636
"/Engine/EngineMaterials/Substrate/Glints2/dict_0002_0128" 7637
"/Engine/EngineMaterials/Substrate/Glints2/dict_0002_0127" 7638
"../../../Engine/Content/EngineMaterials/Substrate/Glints2/dict_0002_0135.uasset" 7639
"../../../Engine/Content/EngineMaterials/Substrate/Glints2/dict_0002_0136.uasset" 7640
"../../../Engine/Content/EngineMaterials/Substrate/Glints2/dict_0002_0134.uasset" 7641
"../../../Engine/Content/EngineMaterials/Substrate/Glints2/dict_0002_0137.uasset" 7642
"/Engine/EngineMaterials/Substrate/Glints2/dict_0002_0136" 7643
"/Engine/EngineMaterials/Substrate/Glints2/dict_0002_0135" 7644
"../../../Engine/Content/EngineMaterials/Substrate/Glints2/dict_0002_0140.uasset" 7645
"../../../Engine/Content/EngineMaterials/Substrate/Glints2/dict_0002_0141.uasset" 7646
"../../../Engine/Content/EngineMaterials/Substrate/Glints2/dict_0002_0138.uasset" 7647
"/Engine/EngineMaterials/Substrate/Glints2/dict_0002_0134" 7648
"../../../Engine/Content/EngineMaterials/Substrate/Glints2/dict_0002_0139.uasset" 7649
"../../../Engine/Content/EngineMaterials/Substrate/Glints2/dict_0002_0080.uasset" 7650
"/Engine/EngineMaterials/Substrate/Glints2/dict_0002_0137" 7651
"/Engine/EngineMaterials/Substrate/Glints2/dict_0002_0141" 7652
"/Engine/EngineMaterials/Substrate/Glints2/dict_0002_0140" 7653
"/Engine/EngineMaterials/Substrate/Glints2/dict_0002_0139" 7654
"/Engine/EngineMaterials/Substrate/Glints2/dict_0002_0138" 7655
"/Engine/EngineMaterials/Substrate/Glints2/dict_0002_0080" 7656
"../../../Engine/Content/EngineMaterials/Substrate/Glints2/dict_0002_0143.uasset" 7657
"../../../Engine/Content/EngineMaterials/Substrate/Glints2/dict_0002_0145.uasset" 7658
"../../../Engine/Content/EngineMaterials/Substrate/Glints2/dict_0002_0142.uasset" 7659
"../../../Engine/Content/EngineMaterials/Substrate/Glints2/dict_0002_0144.uasset" 7660
"/Engine/EngineMaterials/Substrate/Glints2/dict_0002_0145" 7661
"/Engine/EngineMaterials/Substrate/Glints2/dict_0002_0144" 7662
"/Engine/EngineMaterials/Substrate/Glints2/dict_0002_0143" 7663
"/Engine/EngineMaterials/Substrate/Glints2/dict_0002_0142" 7664
"../../../Engine/Content/EngineMaterials/Substrate/Glints2/dict_0002_0146.uasset" 7665
"../../../Engine/Content/EngineMaterials/Substrate/Glints2/dict_0002_0147.uasset" 7666
"/Engine/EngineMaterials/Substrate/Glints2/dict_0002_0147" 7667
"/Engine/EngineMaterials/Substrate/Glints2/dict_0002_0146" 7668
"../../../Engine/Content/EngineMaterials/Substrate/Glints2/dict_0002_0148.uasset" 7669
"../../../Engine/Content/EngineMaterials/Substrate/Glints2/dict_0002_0149.uasset" 7670
"../../../Engine/Content/EngineMaterials/Substrate/Glints2/dict_0002_0151.uasset" 7671
"../../../Engine/Content/EngineMaterials/Substrate/Glints2/dict_0002_0152.uasset" 7672
"../../../Engine/Content/EngineMaterials/Substrate/Glints2/dict_0002_0154.uasset" 7673
"../../../Engine/Content/EngineMaterials/Substrate/Glints2/dict_0002_0150.uasset" 7674
"/Engine/EngineMaterials/Substrate/Glints2/dict_0002_0152" 7675
"/Engine/EngineMaterials/Substrate/Glints2/dict_0002_0151" 7676
"/Engine/EngineMaterials/Substrate/Glints2/dict_0002_0154" 7677
"/Engine/EngineMaterials/Substrate/Glints2/dict_0002_0150" 7678
"/Engine/EngineMaterials/Substrate/Glints2/dict_0002_0148" 7679
"/Engine/EngineMaterials/Substrate/Glints2/dict_0002_0149" 7680
"../../../Engine/Content/EngineMaterials/Substrate/Glints2/dict_0002_0155.uasset" 7681
"../../../Engine/Content/EngineMaterials/Substrate/Glints2/dict_0002_0153.uasset" 7682
"../../../Engine/Content/EngineMaterials/Substrate/Glints2/dict_0002_0156.uasset" 7683
"../../../Engine/Content/EngineMaterials/Substrate/Glints2/dict_0002_0158.uasset" 7684
"../../../Engine/Content/EngineMaterials/Substrate/Glints2/dict_0002_0157.uasset" 7685
"../../../Engine/Content/EngineMaterials/Substrate/Glints2/dict_0002_0159.uasset" 7686
"/Engine/EngineMaterials/Substrate/Glints2/dict_0002_0157" 7687
"/Engine/EngineMaterials/Substrate/Glints2/dict_0002_0156" 7688
"../../../Engine/Content/EngineMaterials/Substrate/Glints2/dict_0002_0162.uasset" 7689
"/Engine/EngineMaterials/Substrate/Glints2/dict_0002_0153" 7690
"../../../Engine/Content/EngineMaterials/Substrate/Glints2/dict_0002_0163.uasset" 7691
"/Engine/EngineMaterials/Substrate/Glints2/dict_0002_0159" 7692
"../../../Engine/Content/EngineMaterials/Substrate/Glints2/dict_0002_0160.uasset" 7693
"/Engine/EngineMaterials/Substrate/Glints2/dict_0002_0155" 7694
"/Engine/EngineMaterials/Substrate/Glints2/dict_0002_0158" 7695
"../../../Engine/Content/EngineMaterials/Substrate/Glints2/dict_0002_0161.uasset" 7696
"/Engine/EngineMaterials/Substrate/Glints2/dict_0002_0163" 7697
"/Engine/EngineMaterials/Substrate/Glints2/dict_0002_0162" 7698
"/Engine/EngineMaterials/Substrate/Glints2/dict_0002_0161" 7699
"/Engine/EngineMaterials/Substrate/Glints2/dict_0002_0160" 7700
"../../../Engine/Content/EngineMaterials/Substrate/Glints2/dict_0002_0164.uasset" 7701
"../../../Engine/Content/EngineMaterials/Substrate/Glints2/dict_0002_0165.uasset" 7702
"../../../Engine/Content/EngineMaterials/Substrate/Glints2/dict_0002_0166.uasset" 7703
"../../../Engine/Content/EngineMaterials/Substrate/Glints2/dict_0002_0168.uasset" 7704
"../../../Engine/Content/EngineMaterials/Substrate/Glints2/dict_0002_0167.uasset" 7705
"/Engine/EngineMaterials/Substrate/Glints2/dict_0002_0168" 7706
"../../../Engine/Content/EngineMaterials/Substrate/Glints2/dict_0002_0169.uasset" 7707
"/Engine/EngineMaterials/Substrate/Glints2/dict_0002_0167" 7708
"/Engine/EngineMaterials/Substrate/Glints2/dict_0002_0166" 7709
"/Engine/EngineMaterials/Substrate/Glints2/dict_0002_0164" 7710
"/Engine/EngineMaterials/Substrate/Glints2/dict_0002_0165" 7711
"/Engine/EngineMaterials/Substrate/Glints2/dict_0002_0169" 7712
"../../../Engine/Content/EngineMaterials/Substrate/Glints2/dict_0002_0170.uasset" 7713
"../../../Engine/Content/EngineMaterials/Substrate/Glints2/dict_0002_0171.uasset" 7714
"../../../Engine/Content/EngineMaterials/Substrate/Glints2/dict_0002_0172.uasset" 7715
"../../../Engine/Content/EngineMaterials/Substrate/Glints2/dict_0002_0173.uasset" 7716
"../../../Engine/Content/EngineMaterials/Substrate/Glints2/dict_0002_0174.uasset" 7717
"../../../Engine/Content/EngineMaterials/Substrate/Glints2/dict_0002_0175.uasset" 7718
"/Engine/EngineMaterials/Substrate/Glints2/dict_0002_0173" 7719
"/Engine/EngineMaterials/Substrate/Glints2/dict_0002_0172" 7720
"/Engine/EngineMaterials/Substrate/Glints2/dict_0002_0171" 7721
"/Engine/EngineMaterials/Substrate/Glints2/dict_0002_0170" 7722
"/Engine/EngineMaterials/Substrate/Glints2/dict_0002_0175" 7723
"/Engine/EngineMaterials/Substrate/Glints2/dict_0002_0174" 7724
"../../../Engine/Content/EngineMaterials/Substrate/Glints2/dict_0002_0177.uasset" 7725
"../../../Engine/Content/EngineMaterials/Substrate/Glints2/dict_0002_0179.uasset" 7726
"../../../Engine/Content/EngineMaterials/Substrate/Glints2/dict_0002_0176.uasset" 7727
"../../../Engine/Content/EngineMaterials/Substrate/Glints2/dict_0002_0180.uasset" 7728
"../../../Engine/Content/EngineMaterials/Substrate/Glints2/dict_0002_0178.uasset" 7729
"../../../Engine/Content/EngineMaterials/Substrate/Glints2/dict_0002_0182.uasset" 7730
"/Engine/EngineMaterials/Substrate/Glints2/dict_0002_0179" 7731
"../../../Engine/Content/EngineMaterials/Substrate/Glints2/dict_0002_0183.uasset" 7732
"/Engine/EngineMaterials/Substrate/Glints2/dict_0002_0178" 7733
"/Engine/EngineMaterials/Substrate/Glints2/dict_0002_0177" 7734
"/Engine/EngineMaterials/Substrate/Glints2/dict_0002_0182" 7735
"/Engine/EngineMaterials/Substrate/Glints2/dict_0002_0180" 7736
"/Engine/EngineMaterials/Substrate/Glints2/dict_0002_0176" 7737
"/Engine/EngineMaterials/Substrate/Glints2/dict_0002_0183" 7738
"../../../Engine/Content/EngineMaterials/Substrate/Glints2/dict_0002_0184.uasset" 7739
"../../../Engine/Content/EngineMaterials/Substrate/Glints2/dict_0002_0181.uasset" 7740
"/Engine/EngineMaterials/Substrate/Glints2/dict_0002_0184" 7741
"../../../Engine/Content/EngineMaterials/Substrate/Glints2/dict_0002_0185.uasset" 7742
"/Engine/EngineMaterials/Substrate/Glints2/dict_0002_0181" 7743
"/Engine/EngineMaterials/Substrate/Glints2/dict_0002_0185" 7744
"../../../Engine/Content/EngineMaterials/Substrate/Glints2/dict_0002_0186.uasset" 7745
"../../../Engine/Content/EngineMaterials/Substrate/Glints2/dict_0002_0188.uasset" 7746
"../../../Engine/Content/EngineMaterials/Substrate/Glints2/dict_0002_0190.uasset" 7747
"../../../Engine/Content/EngineMaterials/Substrate/Glints2/dict_0002_0189.uasset" 7748
"../../../Engine/Content/EngineMaterials/Substrate/Glints2/dict_0002_0187.uasset" 7749
"/Engine/EngineMaterials/Substrate/Glints2/dict_0002_0190" 7750
"/Engine/EngineMaterials/Substrate/Glints2/dict_0002_0189" 7751
"/Engine/EngineMaterials/Substrate/Glints2/dict_0002_0188" 7752
"/Engine/EngineMaterials/Substrate/Glints2/dict_0002_0187" 7753
"/Engine/EngineMaterials/Substrate/Glints2/dict_0002_0186" 7754
"../../../Engine/Content/EngineMaterials/Substrate/Glints2/dict_0002_0191.uasset" 7755
"../../../Engine/Content/EngineMaterials/Substrate/Glints2/dict_0002_0195.uasset" 7756
"../../../Engine/Content/EngineMaterials/Substrate/Glints2/dict_0002_0193.uasset" 7757
"../../../Engine/Content/EngineMaterials/Substrate/Glints2/dict_0002_0192.uasset" 7758
"../../../Engine/Content/EngineMaterials/Substrate/Glints2/dict_0002_0196.uasset" 7759
"/Engine/EngineMaterials/Substrate/Glints2/dict_0002_0191" 7760
"/Engine/EngineMaterials/Substrate/Glints2/dict_0002_0195" 7761
"../../../Engine/Content/EngineMaterials/Substrate/Glints2/dict_0002_0199.uasset" 7762
"/Engine/EngineMaterials/Substrate/Glints2/dict_0002_0193" 7763
"/Engine/EngineMaterials/Substrate/Glints2/dict_0002_0196" 7764
"/Engine/EngineMaterials/Substrate/Glints2/dict_0002_0192" 7765
"/Engine/EngineMaterials/Substrate/Glints2/dict_0002_0199" 7766
"../../../Engine/Content/EngineMaterials/Substrate/Glints2/dict_0002_0198.uasset" 7767
"../../../Engine/Content/EngineMaterials/Substrate/Glints2/dict_0002_0197.uasset" 7768
"../../../Engine/Content/EngineMaterials/Substrate/Glints2/dict_0002_0200.uasset" 7769
"../../../Engine/Content/EngineMaterials/Substrate/Glints2/dict_0002_0201.uasset" 7770
"../../../Engine/Content/EngineMaterials/Substrate/Glints2/dict_0002_0194.uasset" 7771
"../../../Engine/Content/EngineMaterials/Substrate/Glints2/dict_0002_0202.uasset" 7772
"../../../Engine/Content/EngineMaterials/Substrate/Glints2/dict_0002_0203.uasset" 7773
"/Engine/EngineMaterials/Substrate/Glints2/dict_0002_0200" 7774
"/Engine/EngineMaterials/Substrate/Glints2/dict_0002_0198" 7775
"/Engine/EngineMaterials/Substrate/Glints2/dict_0002_0197" 7776
"/Engine/EngineMaterials/Substrate/Glints2/dict_0002_0194" 7777
"/Engine/EngineMaterials/Substrate/Glints2/dict_0002_0202" 7778
"/Engine/EngineMaterials/Substrate/Glints2/dict_0002_0201" 7779
"/Engine/EngineMaterials/Substrate/Glints2/dict_0002_0203" 7780
"../../../Engine/Content/EngineMaterials/Substrate/Glints2/dict_0002_0204.uasset" 7781
"../../../Engine/Content/EngineMaterials/Substrate/Glints2/dict_0002_0205.uasset" 7782
"../../../Engine/Content/EngineMaterials/Substrate/Glints2/dict_0002_0207.uasset" 7783
"../../../Engine/Content/EngineMaterials/Substrate/Glints2/dict_0002_0209.uasset" 7784
"../../../Engine/Content/EngineMaterials/Substrate/Glints2/dict_0002_0208.uasset" 7785
"/Engine/EngineMaterials/Substrate/Glints2/dict_0002_0207" 7786
"/Engine/EngineMaterials/Substrate/Glints2/dict_0002_0205" 7787
"/Engine/EngineMaterials/Substrate/Glints2/dict_0002_0204" 7788
"../../../Engine/Content/EngineMaterials/Substrate/Glints2/dict_0002_0210.uasset" 7789
"/Engine/EngineMaterials/Substrate/Glints2/dict_0002_0209" 7790
"/Engine/EngineMaterials/Substrate/Glints2/dict_0002_0208" 7791
"/Engine/EngineMaterials/Substrate/Glints2/dict_0002_0210" 7792
"../../../Engine/Content/EngineMaterials/Substrate/Glints2/dict_0002_0206.uasset" 7793
"../../../Engine/Content/EngineMaterials/Substrate/Glints2/dict_0002_0213.uasset" 7794
"../../../Engine/Content/EngineMaterials/Substrate/Glints2/dict_0002_0211.uasset" 7795
"../../../Engine/Content/EngineMaterials/Substrate/Glints2/dict_0002_0212.uasset" 7796
"../../../Engine/Content/EngineMaterials/Substrate/Glints2/dict_0002_0214.uasset" 7797
"/Engine/EngineMaterials/Substrate/Glints2/dict_0002_0213" 7798
"/Engine/EngineMaterials/Substrate/Glints2/dict_0002_0212" 7799
"/Engine/EngineMaterials/Substrate/Glints2/dict_0002_0211" 7800
"../../../Engine/Content/EngineMaterials/Substrate/Glints2/dict_0002_0217.uasset" 7801
"../../../Engine/Content/EngineMaterials/Substrate/Glints2/dict_0002_0218.uasset" 7802
"../../../Engine/Content/EngineMaterials/Substrate/Glints2/dict_0002_0216.uasset" 7803
"/Engine/EngineMaterials/Substrate/Glints2/dict_0002_0206" 7804
"/Engine/EngineMaterials/Substrate/Glints2/dict_0002_0214" 7805
"/Engine/EngineMaterials/Substrate/Glints2/dict_0002_0217" 7806
"/Engine/EngineMaterials/Substrate/Glints2/dict_0002_0216" 7807
"/Engine/EngineMaterials/Substrate/Glints2/dict_0002_0218" 7808
"../../../Engine/Content/EngineMaterials/Substrate/Glints2/dict_0002_0219.uasset" 7809
"../../../Engine/Content/EngineMaterials/Substrate/Glints2/dict_0002_0222.uasset" 7810
"../../../Engine/Content/EngineMaterials/Substrate/Glints2/dict_0002_0221.uasset" 7811
"../../../Engine/Content/EngineMaterials/Substrate/Glints2/dict_0002_0220.uasset" 7812
"../../../Engine/Content/EngineMaterials/Substrate/Glints2/dict_0002_0215.uasset" 7813
"../../../Engine/Content/EngineMaterials/Substrate/Glints2/dict_0002_0223.uasset" 7814
"/Engine/EngineMaterials/Substrate/Glints2/dict_0002_0222" 7815
"/Engine/EngineMaterials/Substrate/Glints2/dict_0002_0221" 7816
"/Engine/EngineMaterials/Substrate/Glints2/dict_0002_0223" 7817
"/Engine/EngineMaterials/Substrate/Glints2/dict_0002_0220" 7818
"/Engine/EngineMaterials/Substrate/Glints2/dict_0002_0219" 7819
"/Engine/EngineMaterials/Substrate/Glints2/dict_0002_0215" 7820
"../../../Engine/Content/EngineMaterials/Substrate/Glints2/dict_0002_0224.uasset" 7821
"../../../Engine/Content/EngineMaterials/Substrate/Glints2/dict_0002_0226.uasset" 7822
"../../../Engine/Content/EngineMaterials/Substrate/Glints2/dict_0002_0225.uasset" 7823
"/Engine/EngineMaterials/Substrate/Glints2/dict_0002_0224" 7824
"/Engine/EngineMaterials/Substrate/Glints2/dict_0002_0226" 7825
"/Engine/EngineMaterials/Substrate/Glints2/dict_0002_0225" 7826
"../../../Engine/Content/EngineMaterials/Substrate/Glints2/dict_0002_0228.uasset" 7827
"../../../Engine/Content/EngineMaterials/Substrate/Glints2/dict_0002_0229.uasset" 7828
"../../../Engine/Content/EngineMaterials/Substrate/Glints2/dict_0002_0230.uasset" 7829
"../../../Engine/Content/EngineMaterials/Substrate/Glints2/dict_0002_0231.uasset" 7830
"/Engine/EngineMaterials/Substrate/Glints2/dict_0002_0228" 7831
"/Engine/EngineMaterials/Substrate/Glints2/dict_0002_0231" 7832
"/Engine/EngineMaterials/Substrate/Glints2/dict_0002_0230" 7833
"/Engine/EngineMaterials/Substrate/Glints2/dict_0002_0229" 7834
"../../../Engine/Content/EngineMaterials/Substrate/Glints2/dict_0002_0232.uasset" 7835
"../../../Engine/Content/EngineMaterials/Substrate/Glints2/dict_0002_0233.uasset" 7836
"../../../Engine/Content/EngineMaterials/Substrate/Glints2/dict_0002_0234.uasset" 7837
"../../../Engine/Content/EngineMaterials/Substrate/Glints2/dict_0002_0235.uasset" 7838
"../../../Engine/Content/EngineMaterials/Substrate/Glints2/dict_0002_0227.uasset" 7839
"../../../Engine/Content/EngineMaterials/Substrate/Glints2/dict_0002_0236.uasset" 7840
"/Engine/EngineMaterials/Substrate/Glints2/dict_0002_0234" 7841
"../../../Engine/Content/EngineMaterials/Substrate/Glints2/dict_0002_0237.uasset" 7842
"../../../Engine/Content/EngineMaterials/Substrate/Glints2/dict_0002_0239.uasset" 7843
"../../../Engine/Content/EngineMaterials/Substrate/Glints2/dict_0002_0238.uasset" 7844
"/Engine/EngineMaterials/Substrate/Glints2/dict_0002_0233" 7845
"/Engine/EngineMaterials/Substrate/Glints2/dict_0002_0227" 7846
"/Engine/EngineMaterials/Substrate/Glints2/dict_0002_0232" 7847
"/Engine/EngineMaterials/Substrate/Glints2/dict_0002_0236" 7848
"/Engine/EngineMaterials/Substrate/Glints2/dict_0002_0235" 7849
"/Engine/EngineMaterials/Substrate/Glints2/dict_0002_0239" 7850
"/Engine/EngineMaterials/Substrate/Glints2/dict_0002_0238" 7851
"/Engine/EngineMaterials/Substrate/Glints2/dict_0002_0237" 7852
"../../../Engine/Content/EngineMaterials/Substrate/Glints2/dict_0002_0240.uasset" 7853
"../../../Engine/Content/EngineMaterials/Substrate/Glints2/dict_0002_0242.uasset" 7854
"../../../Engine/Content/EngineMaterials/Substrate/Glints2/dict_0002_0241.uasset" 7855
"/Engine/EngineMaterials/Substrate/Glints2/dict_0002_0240" 7856
"/Engine/EngineMaterials/Substrate/Glints2/dict_0002_0242" 7857
"../../../Engine/Content/EngineMaterials/Substrate/Glints2/dict_0002_0243.uasset" 7858
"../../../Engine/Content/EngineMaterials/Substrate/Glints2/dict_0002_0245.uasset" 7859
"../../../Engine/Content/EngineMaterials/Substrate/Glints2/dict_0002_0244.uasset" 7860
"../../../Engine/Content/EngineMaterials/Substrate/Glints2/dict_0002_0246.uasset" 7861
"../../../Engine/Content/EngineMaterials/Substrate/Glints2/dict_0002_0247.uasset" 7862
"/Engine/EngineMaterials/Substrate/Glints2/dict_0002_0241" 7863
"/Engine/EngineMaterials/Substrate/Glints2/dict_0002_0246" 7864
"/Engine/EngineMaterials/Substrate/Glints2/dict_0002_0245" 7865
"/Engine/EngineMaterials/Substrate/Glints2/dict_0002_0244" 7866
"/Engine/EngineMaterials/Substrate/Glints2/dict_0002_0243" 7867
"/Engine/EngineMaterials/Substrate/Glints2/dict_0002_0247" 7868
"../../../Engine/Content/EngineMaterials/Substrate/Glints2/dict_0002_0249.uasset" 7869
"../../../Engine/Content/EngineMaterials/Substrate/Glints2/dict_0002_0251.uasset" 7870
"../../../Engine/Content/EngineMaterials/Substrate/Glints2/dict_0002_0248.uasset" 7871
"../../../Engine/Content/EngineMaterials/Substrate/Glints2/dict_0002_0252.uasset" 7872
"/Engine/EngineMaterials/Substrate/Glints2/dict_0002_0249" 7873
"/Engine/EngineMaterials/Substrate/Glints2/dict_0002_0248" 7874
"/Engine/EngineMaterials/Substrate/Glints2/dict_0002_0252" 7875
"/Engine/EngineMaterials/Substrate/Glints2/dict_0002_0251" 7876
"../../../Engine/Content/EngineMaterials/Substrate/Glints2/dict_0002_0253.uasset" 7877
"../../../Engine/Content/EngineMaterials/Substrate/Glints2/dict_0002_0250.uasset" 7878
"../../../Engine/Content/EngineMaterials/Substrate/Glints2/dict_0002_0255.uasset" 7879
"../../../Engine/Content/EngineMaterials/Substrate/Glints2/dict_0002_0254.uasset" 7880
"../../../Engine/Content/EngineMaterials/Substrate/Glints2/dict_0003_0000.uasset" 7881
"/Engine/EngineMaterials/Substrate/Glints2/dict_0002_0255" 7882
"../../../Engine/Content/EngineMaterials/Substrate/Glints2/dict_0003_0001.uasset" 7883
"/Engine/EngineMaterials/Substrate/Glints2/dict_0002_0254" 7884
"/Engine/EngineMaterials/Substrate/Glints2/dict_0003_0000" 7885
"../../../Engine/Content/EngineMaterials/Substrate/Glints2/dict_0003_0004.uasset" 7886
"/Engine/EngineMaterials/Substrate/Glints2/dict_0002_0253" 7887
"../../../Engine/Content/EngineMaterials/Substrate/Glints2/dict_0003_0002.uasset" 7888
"../../../Engine/Content/EngineMaterials/Substrate/Glints2/dict_0003_0003.uasset" 7889
"/Engine/EngineMaterials/Substrate/Glints2/dict_0002_0250" 7890
"/Engine/EngineMaterials/Substrate/Glints2/dict_0003_0002" 7891
"/Engine/EngineMaterials/Substrate/Glints2/dict_0003_0001" 7892
"/Engine/EngineMaterials/Substrate/Glints2/dict_0003_0004" 7893
"/Engine/EngineMaterials/Substrate/Glints2/dict_0003_0003" 7894
"../../../Engine/Content/EngineMaterials/Substrate/Glints2/dict_0003_0006.uasset" 7895
"../../../Engine/Content/EngineMaterials/Substrate/Glints2/dict_0003_0005.uasset" 7896
"../../../Engine/Content/EngineMaterials/Substrate/Glints2/dict_0003_0007.uasset" 7897
"../../../Engine/Content/EngineMaterials/Substrate/Glints2/dict_0003_0009.uasset" 7898
"/Engine/EngineMaterials/Substrate/Glints2/dict_0003_0006" 7899
"/Engine/EngineMaterials/Substrate/Glints2/dict_0003_0009" 7900
"/Engine/EngineMaterials/Substrate/Glints2/dict_0003_0005" 7901
"/Engine/EngineMaterials/Substrate/Glints2/dict_0003_0007" 7902
"../../../Engine/Content/EngineMaterials/Substrate/Glints2/dict_0003_0010.uasset" 7903
"../../../Engine/Content/EngineMaterials/Substrate/Glints2/dict_0003_0008.uasset" 7904
"../../../Engine/Content/EngineMaterials/Substrate/Glints2/dict_0003_0013.uasset" 7905
"../../../Engine/Content/EngineMaterials/Substrate/Glints2/dict_0003_0011.uasset" 7906
"../../../Engine/Content/EngineMaterials/Substrate/Glints2/dict_0003_0012.uasset" 7907
"../../../Engine/Content/EngineMaterials/Substrate/Glints2/dict_0003_0017.uasset" 7908
"/Engine/EngineMaterials/Substrate/Glints2/dict_0003_0012" 7909
"../../../Engine/Content/EngineMaterials/Substrate/Glints2/dict_0003_0016.uasset" 7910
"../../../Engine/Content/EngineMaterials/Substrate/Glints2/dict_0003_0014.uasset" 7911
"/Engine/EngineMaterials/Substrate/Glints2/dict_0003_0011" 7912
"/Engine/EngineMaterials/Substrate/Glints2/dict_0003_0010" 7913
"/Engine/EngineMaterials/Substrate/Glints2/dict_0003_0017" 7914
"/Engine/EngineMaterials/Substrate/Glints2/dict_0003_0013" 7915
"../../../Engine/Content/EngineMaterials/Substrate/Glints2/dict_0003_0015.uasset" 7916
"/Engine/EngineMaterials/Substrate/Glints2/dict_0003_0008" 7917
"/Engine/EngineMaterials/Substrate/Glints2/dict_0003_0015" 7918
"/Engine/EngineMaterials/Substrate/Glints2/dict_0003_0014" 7919
"/Engine/EngineMaterials/Substrate/Glints2/dict_0003_0016" 7920
"../../../Engine/Content/EngineMaterials/Substrate/Glints2/dict_0003_0018.uasset" 7921
"../../../Engine/Content/EngineMaterials/Substrate/Glints2/dict_0003_0021.uasset" 7922
"../../../Engine/Content/EngineMaterials/Substrate/Glints2/dict_0003_0020.uasset" 7923
"../../../Engine/Content/EngineMaterials/Substrate/Glints2/dict_0003_0019.uasset" 7924
"../../../Engine/Content/EngineMaterials/Substrate/Glints2/dict_0003_0022.uasset" 7925
"../../../Engine/Content/EngineMaterials/Substrate/Glints2/dict_0003_0023.uasset" 7926
"/Engine/EngineMaterials/Substrate/Glints2/dict_0003_0023" 7927
"/Engine/EngineMaterials/Substrate/Glints2/dict_0003_0022" 7928
"/Engine/EngineMaterials/Substrate/Glints2/dict_0003_0021" 7929
"/Engine/EngineMaterials/Substrate/Glints2/dict_0003_0018" 7930
"/Engine/EngineMaterials/Substrate/Glints2/dict_0003_0020" 7931
"/Engine/EngineMaterials/Substrate/Glints2/dict_0003_0019" 7932
"../../../Engine/Content/EngineMaterials/Substrate/Glints2/dict_0003_0024.uasset" 7933
"../../../Engine/Content/EngineMaterials/Substrate/Glints2/dict_0003_0026.uasset" 7934
"../../../Engine/Content/EngineMaterials/Substrate/Glints2/dict_0003_0027.uasset" 7935
"../../../Engine/Content/EngineMaterials/Substrate/Glints2/dict_0003_0028.uasset" 7936
"../../../Engine/Content/EngineMaterials/Substrate/Glints2/dict_0003_0025.uasset" 7937
"../../../Engine/Content/EngineMaterials/Substrate/Glints2/dict_0003_0029.uasset" 7938
"/Engine/EngineMaterials/Substrate/Glints2/dict_0003_0027" 7939
"../../../Engine/Content/EngineMaterials/Substrate/Glints2/dict_0003_0031.uasset" 7940
"/Engine/EngineMaterials/Substrate/Glints2/dict_0003_0026" 7941
"/Engine/EngineMaterials/Substrate/Glints2/dict_0003_0029" 7942
"/Engine/EngineMaterials/Substrate/Glints2/dict_0003_0025" 7943
"/Engine/EngineMaterials/Substrate/Glints2/dict_0003_0024" 7944
"/Engine/EngineMaterials/Substrate/Glints2/dict_0003_0028" 7945
"/Engine/EngineMaterials/Substrate/Glints2/dict_0003_0031" 7946
"../../../Engine/Content/EngineMaterials/Substrate/Glints2/dict_0003_0032.uasset" 7947
"../../../Engine/Content/EngineMaterials/Substrate/Glints2/dict_0003_0033.uasset" 7948
"../../../Engine/Content/EngineMaterials/Substrate/Glints2/dict_0003_0030.uasset" 7949
"../../../Engine/Content/EngineMaterials/Substrate/Glints2/dict_0003_0034.uasset" 7950
"../../../Engine/Content/EngineMaterials/Substrate/Glints2/dict_0003_0035.uasset" 7951
"../../../Engine/Content/EngineMaterials/Substrate/Glints2/dict_0003_0037.uasset" 7952
"../../../Engine/Content/EngineMaterials/Substrate/Glints2/dict_0003_0036.uasset" 7953
"/Engine/EngineMaterials/Substrate/Glints2/dict_0003_0032" 7954
"/Engine/EngineMaterials/Substrate/Glints2/dict_0003_0036" 7955
"/Engine/EngineMaterials/Substrate/Glints2/dict_0003_0035" 7956
"/Engine/EngineMaterials/Substrate/Glints2/dict_0003_0030" 7957
"../../../Engine/Content/EngineMaterials/Substrate/Glints2/dict_0003_0039.uasset" 7958
"/Engine/EngineMaterials/Substrate/Glints2/dict_0003_0037" 7959
"/Engine/EngineMaterials/Substrate/Glints2/dict_0003_0034" 7960
"/Engine/EngineMaterials/Substrate/Glints2/dict_0003_0033" 7961
"/Engine/EngineMaterials/Substrate/Glints2/dict_0003_0039" 7962
"../../../Engine/Content/EngineMaterials/Substrate/Glints2/dict_0003_0042.uasset" 7963
"../../../Engine/Content/EngineMaterials/Substrate/Glints2/dict_0003_0038.uasset" 7964
"../../../Engine/Content/EngineMaterials/Substrate/Glints2/dict_0003_0041.uasset" 7965
"../../../Engine/Content/EngineMaterials/Substrate/Glints2/dict_0003_0040.uasset" 7966
"../../../Engine/Content/EngineMaterials/Substrate/Glints2/dict_0003_0043.uasset" 7967
"/Engine/EngineMaterials/Substrate/Glints2/dict_0003_0040" 7968
"../../../Engine/Content/EngineMaterials/Substrate/Glints2/dict_0003_0044.uasset" 7969
"/Engine/EngineMaterials/Substrate/Glints2/dict_0003_0038" 7970
"../../../Engine/Content/EngineMaterials/Substrate/Glints2/dict_0003_0045.uasset" 7971
"/Engine/EngineMaterials/Substrate/Glints2/dict_0003_0043" 7972
"/Engine/EngineMaterials/Substrate/Glints2/dict_0003_0042" 7973
"/Engine/EngineMaterials/Substrate/Glints2/dict_0003_0041" 7974
"/Engine/EngineMaterials/Substrate/Glints2/dict_0003_0045" 7975
"/Engine/EngineMaterials/Substrate/Glints2/dict_0003_0044" 7976
"../../../Engine/Content/EngineMaterials/Substrate/Glints2/dict_0003_0048.uasset" 7977
"../../../Engine/Content/EngineMaterials/Substrate/Glints2/dict_0003_0047.uasset" 7978
"../../../Engine/Content/EngineMaterials/Substrate/Glints2/dict_0003_0046.uasset" 7979
"../../../Engine/Content/EngineMaterials/Substrate/Glints2/dict_0003_0049.uasset" 7980
"../../../Engine/Content/EngineMaterials/Substrate/Glints2/dict_0003_0050.uasset" 7981
"../../../Engine/Content/EngineMaterials/Substrate/Glints2/dict_0003_0051.uasset" 7982
"/Engine/EngineMaterials/Substrate/Glints2/dict_0003_0046" 7983
"/Engine/EngineMaterials/Substrate/Glints2/dict_0003_0051" 7984
"/Engine/EngineMaterials/Substrate/Glints2/dict_0003_0049" 7985
"/Engine/EngineMaterials/Substrate/Glints2/dict_0003_0048" 7986
"/Engine/EngineMaterials/Substrate/Glints2/dict_0003_0050" 7987
"/Engine/EngineMaterials/Substrate/Glints2/dict_0003_0047" 7988
"../../../Engine/Content/EngineMaterials/Substrate/Glints2/dict_0003_0054.uasset" 7989
"../../../Engine/Content/EngineMaterials/Substrate/Glints2/dict_0003_0052.uasset" 7990
"../../../Engine/Content/EngineMaterials/Substrate/Glints2/dict_0003_0053.uasset" 7991
"../../../Engine/Content/EngineMaterials/Substrate/Glints2/dict_0003_0056.uasset" 7992
"/Engine/EngineMaterials/Substrate/Glints2/dict_0003_0054" 7993
"/Engine/EngineMaterials/Substrate/Glints2/dict_0003_0053" 7994
"/Engine/EngineMaterials/Substrate/Glints2/dict_0003_0052" 7995
"../../../Engine/Content/EngineMaterials/Substrate/Glints2/dict_0003_0055.uasset" 7996
"/Engine/EngineMaterials/Substrate/Glints2/dict_0003_0056" 7997
"../../../Engine/Content/EngineMaterials/Substrate/Glints2/dict_0003_0057.uasset" 7998
"/Engine/EngineMaterials/Substrate/Glints2/dict_0003_0055" 7999
"/Engine/EngineMaterials/Substrate/Glints2/dict_0003_0057" 8000
"../../../Engine/Content/EngineMaterials/Substrate/Glints2/dict_0003_0060.uasset" 8001
"../../../Engine/Content/EngineMaterials/Substrate/Glints2/dict_0003_0058.uasset" 8002
"../../../Engine/Content/EngineMaterials/Substrate/Glints2/dict_0003_0059.uasset" 8003
"../../../Engine/Content/EngineMaterials/Substrate/Glints2/dict_0003_0062.uasset" 8004
"../../../Engine/Content/EngineMaterials/Substrate/Glints2/dict_0003_0063.uasset" 8005
"../../../Engine/Content/EngineMaterials/Substrate/Glints2/dict_0003_0061.uasset" 8006
"../../../Engine/Content/EngineMaterials/Substrate/Glints2/dict_0003_0064.uasset" 8007
"/Engine/EngineMaterials/Substrate/Glints2/dict_0003_0061" 8008
"/Engine/EngineMaterials/Substrate/Glints2/dict_0003_0062" 8009
"/Engine/EngineMaterials/Substrate/Glints2/dict_0003_0060" 8010
"/Engine/EngineMaterials/Substrate/Glints2/dict_0003_0059" 8011
"/Engine/EngineMaterials/Substrate/Glints2/dict_0003_0058" 8012
"/Engine/EngineMaterials/Substrate/Glints2/dict_0003_0064" 8013
"/Engine/EngineMaterials/Substrate/Glints2/dict_0003_0063" 8014
"../../../Engine/Content/EngineMaterials/Substrate/Glints2/dict_0003_0067.uasset" 8015
"../../../Engine/Content/EngineMaterials/Substrate/Glints2/dict_0003_0065.uasset" 8016
"../../../Engine/Content/EngineMaterials/Substrate/Glints2/dict_0003_0069.uasset" 8017
"../../../Engine/Content/EngineMaterials/Substrate/Glints2/dict_0003_0068.uasset" 8018
"/Engine/EngineMaterials/Substrate/Glints2/dict_0003_0069" 8019
"../../../Engine/Content/EngineMaterials/Substrate/Glints2/dict_0003_0072.uasset" 8020
"../../../Engine/Content/EngineMaterials/Substrate/Glints2/dict_0003_0071.uasset" 8021
"../../../Engine/Content/EngineMaterials/Substrate/Glints2/dict_0003_0070.uasset" 8022
"/Engine/EngineMaterials/Substrate/Glints2/dict_0003_0068" 8023
"/Engine/EngineMaterials/Substrate/Glints2/dict_0003_0067" 8024
"/Engine/EngineMaterials/Substrate/Glints2/dict_0003_0065" 8025
"/Engine/EngineMaterials/Substrate/Glints2/dict_0003_0070" 8026
"/Engine/EngineMaterials/Substrate/Glints2/dict_0003_0072" 8027
"/Engine/EngineMaterials/Substrate/Glints2/dict_0003_0071" 8028
"../../../Engine/Content/EngineMaterials/Substrate/Glints2/dict_0003_0076.uasset" 8029
"../../../Engine/Content/EngineMaterials/Substrate/Glints2/dict_0003_0073.uasset" 8030
"../../../Engine/Content/EngineMaterials/Substrate/Glints2/dict_0003_0074.uasset" 8031
"/Engine/EngineMaterials/Substrate/Glints2/dict_0003_0076" 8032
"/Engine/EngineMaterials/Substrate/Glints2/dict_0003_0073" 8033
"/Engine/EngineMaterials/Substrate/Glints2/dict_0003_0074" 8034
"../../../Engine/Content/EngineMaterials/Substrate/Glints2/dict_0003_0075.uasset" 8035
"../../../Engine/Content/EngineMaterials/Substrate/Glints2/dict_0003_0077.uasset" 8036
"../../../Engine/Content/EngineMaterials/Substrate/Glints2/dict_0003_0078.uasset" 8037
"/Engine/EngineMaterials/Substrate/Glints2/dict_0003_0075" 8038
"/Engine/EngineMaterials/Substrate/Glints2/dict_0003_0077" 8039
"/Engine/EngineMaterials/Substrate/Glints2/dict_0003_0078" 8040
"../../../Engine/Content/EngineMaterials/Substrate/Glints2/dict_0003_0079.uasset" 8041
"../../../Engine/Content/EngineMaterials/Substrate/Glints2/dict_0003_0081.uasset" 8042
"../../../Engine/Content/EngineMaterials/Substrate/Glints2/dict_0003_0080.uasset" 8043
"../../../Engine/Content/EngineMaterials/Substrate/Glints2/dict_0003_0082.uasset" 8044
"../../../Engine/Content/EngineMaterials/Substrate/Glints2/dict_0003_0084.uasset" 8045
"../../../Engine/Content/EngineMaterials/Substrate/Glints2/dict_0003_0083.uasset" 8046
"/Engine/EngineMaterials/Substrate/Glints2/dict_0003_0083" 8047
"/Engine/EngineMaterials/Substrate/Glints2/dict_0003_0082" 8048
"/Engine/EngineMaterials/Substrate/Glints2/dict_0003_0081" 8049
"/Engine/EngineMaterials/Substrate/Glints2/dict_0003_0080" 8050
"/Engine/EngineMaterials/Substrate/Glints2/dict_0003_0079" 8051
"/Engine/EngineMaterials/Substrate/Glints2/dict_0003_0084" 8052
"../../../Engine/Content/EngineMaterials/Substrate/Glints2/dict_0003_0086.uasset" 8053
"../../../Engine/Content/EngineMaterials/Substrate/Glints2/dict_0003_0085.uasset" 8054
"../../../Engine/Content/EngineMaterials/Substrate/Glints2/dict_0003_0088.uasset" 8055
"../../../Engine/Content/EngineMaterials/Substrate/Glints2/dict_0003_0087.uasset" 8056
"../../../Engine/Content/EngineMaterials/Substrate/Glints2/dict_0003_0090.uasset" 8057
"/Engine/EngineMaterials/Substrate/Glints2/dict_0003_0087" 8058
"../../../Engine/Content/EngineMaterials/Substrate/Glints2/dict_0003_0089.uasset" 8059
"/Engine/EngineMaterials/Substrate/Glints2/dict_0003_0086" 8060
"/Engine/EngineMaterials/Substrate/Glints2/dict_0003_0085" 8061
"/Engine/EngineMaterials/Substrate/Glints2/dict_0003_0088" 8062
"/Engine/EngineMaterials/Substrate/Glints2/dict_0003_0090" 8063
"/Engine/EngineMaterials/Substrate/Glints2/dict_0003_0089" 8064
"../../../Engine/Content/EngineMaterials/Substrate/Glints2/dict_0003_0092.uasset" 8065
"/Engine/EngineMaterials/Substrate/Glints2/dict_0003_0092" 8066
"../../../Engine/Content/EngineMaterials/Substrate/Glints2/dict_0003_0091.uasset" 8067
"../../../Engine/Content/EngineMaterials/Substrate/Glints2/dict_0003_0094.uasset" 8068
"../../../Engine/Content/EngineMaterials/Substrate/Glints2/dict_0003_0093.uasset" 8069
"../../../Engine/Content/EngineMaterials/Substrate/Glints2/dict_0003_0095.uasset" 8070
"/Engine/EngineMaterials/Substrate/Glints2/dict_0003_0095" 8071
"../../../Engine/Content/EngineMaterials/Substrate/Glints2/dict_0003_0096.uasset" 8072
"/Engine/EngineMaterials/Substrate/Glints2/dict_0003_0094" 8073
"/Engine/EngineMaterials/Substrate/Glints2/dict_0003_0093" 8074
"../../../Engine/Content/EngineMaterials/Substrate/Glints2/dict_0003_0098.uasset" 8075
"../../../Engine/Content/EngineMaterials/Substrate/Glints2/dict_0003_0097.uasset" 8076
"/Engine/EngineMaterials/Substrate/Glints2/dict_0003_0091" 8077
"/Engine/EngineMaterials/Substrate/Glints2/dict_0003_0096" 8078
"/Engine/EngineMaterials/Substrate/Glints2/dict_0003_0098" 8079
"/Engine/EngineMaterials/Substrate/Glints2/dict_0003_0097" 8080
"../../../Engine/Content/EngineMaterials/Substrate/Glints2/dict_0003_0099.uasset" 8081
"../../../Engine/Content/EngineMaterials/Substrate/Glints2/dict_0003_0100.uasset" 8082
"../../../Engine/Content/EngineMaterials/Substrate/Glints2/dict_0003_0101.uasset" 8083
"/Engine/EngineMaterials/Substrate/Glints2/dict_0003_0100" 8084
"/Engine/EngineMaterials/Substrate/Glints2/dict_0003_0099" 8085
"/Engine/EngineMaterials/Substrate/Glints2/dict_0003_0101" 8086
"../../../Engine/Content/EngineMaterials/Substrate/Glints2/dict_0003_0102.uasset" 8087
"../../../Engine/Content/EngineMaterials/Substrate/Glints2/dict_0003_0103.uasset" 8088
"/Engine/EngineMaterials/Substrate/Glints2/dict_0003_0103" 8089
"/Engine/EngineMaterials/Substrate/Glints2/dict_0003_0102" 8090
"../../../Engine/Content/EngineMaterials/Substrate/Glints2/dict_0003_0104.uasset" 8091
"../../../Engine/Content/EngineMaterials/Substrate/Glints2/dict_0003_0106.uasset" 8092
"../../../Engine/Content/EngineMaterials/Substrate/Glints2/dict_0003_0105.uasset" 8093
"../../../Engine/Content/EngineMaterials/Substrate/Glints2/dict_0003_0107.uasset" 8094
"../../../Engine/Content/EngineMaterials/Substrate/Glints2/dict_0003_0108.uasset" 8095
"/Engine/EngineMaterials/Substrate/Glints2/dict_0003_0108" 8096
"/Engine/EngineMaterials/Substrate/Glints2/dict_0003_0105" 8097
"/Engine/EngineMaterials/Substrate/Glints2/dict_0003_0106" 8098
"/Engine/EngineMaterials/Substrate/Glints2/dict_0003_0104" 8099
"/Engine/EngineMaterials/Substrate/Glints2/dict_0003_0107" 8100
"../../../Engine/Content/EngineMaterials/Substrate/Glints2/dict_0003_0066.uasset" 8101
"../../../Engine/Content/EngineMaterials/Substrate/Glints2/dict_0003_0110.uasset" 8102
"../../../Engine/Content/EngineMaterials/Substrate/Glints2/dict_0003_0112.uasset" 8103
"/Engine/EngineMaterials/Substrate/Glints2/dict_0003_0112" 8104
"/Engine/EngineMaterials/Substrate/Glints2/dict_0003_0066" 8105
"/Engine/EngineMaterials/Substrate/Glints2/dict_0003_0110" 8106
"../../../Engine/Content/EngineMaterials/Substrate/Glints2/dict_0003_0109.uasset" 8107
"../../../Engine/Content/EngineMaterials/Substrate/Glints2/dict_0003_0115.uasset" 8108
"../../../Engine/Content/EngineMaterials/Substrate/Glints2/dict_0003_0114.uasset" 8109
"../../../Engine/Content/EngineMaterials/Substrate/Glints2/dict_0003_0113.uasset" 8110
"../../../Engine/Content/EngineMaterials/Substrate/Glints2/dict_0003_0111.uasset" 8111
"/Engine/EngineMaterials/Substrate/Glints2/dict_0003_0115" 8112
"/Engine/EngineMaterials/Substrate/Glints2/dict_0003_0109" 8113
"/Engine/EngineMaterials/Substrate/Glints2/dict_0003_0114" 8114
"/Engine/EngineMaterials/Substrate/Glints2/dict_0003_0113" 8115
"/Engine/EngineMaterials/Substrate/Glints2/dict_0003_0111" 8116
"../../../Engine/Content/EngineMaterials/Substrate/Glints2/dict_0003_0118.uasset" 8117
"../../../Engine/Content/EngineMaterials/Substrate/Glints2/dict_0003_0117.uasset" 8118
"/Engine/EngineMaterials/Substrate/Glints2/dict_0003_0118" 8119
"/Engine/EngineMaterials/Substrate/Glints2/dict_0003_0117" 8120
"../../../Engine/Content/EngineMaterials/Substrate/Glints2/dict_0003_0119.uasset" 8121
"../../../Engine/Content/EngineMaterials/Substrate/Glints2/dict_0003_0122.uasset" 8122
"../../../Engine/Content/EngineMaterials/Substrate/Glints2/dict_0003_0121.uasset" 8123
"/Engine/EngineMaterials/Substrate/Glints2/dict_0003_0121" 8124
"/Engine/EngineMaterials/Substrate/Glints2/dict_0003_0119" 8125
"/Engine/EngineMaterials/Substrate/Glints2/dict_0003_0122" 8126
"../../../Engine/Content/EngineMaterials/Substrate/Glints2/dict_0003_0124.uasset" 8127
"../../../Engine/Content/EngineMaterials/Substrate/Glints2/dict_0003_0125.uasset" 8128
"../../../Engine/Content/EngineMaterials/Substrate/Glints2/dict_0003_0123.uasset" 8129
"../../../Engine/Content/EngineMaterials/Substrate/Glints2/dict_0003_0116.uasset" 8130
"../../../Engine/Content/EngineMaterials/Substrate/Glints2/dict_0003_0120.uasset" 8131
"/Engine/EngineMaterials/Substrate/Glints2/dict_0003_0120" 8132
"/Engine/EngineMaterials/Substrate/Glints2/dict_0003_0125" 8133
"../../../Engine/Content/EngineMaterials/Substrate/Glints2/dict_0003_0126.uasset" 8134
"../../../Engine/Content/EngineMaterials/Substrate/Glints2/dict_0003_0128.uasset" 8135
"../../../Engine/Content/EngineMaterials/Substrate/Glints2/dict_0003_0127.uasset" 8136
"/Engine/EngineMaterials/Substrate/Glints2/dict_0003_0124" 8137
"/Engine/EngineMaterials/Substrate/Glints2/dict_0003_0123" 8138
"/Engine/EngineMaterials/Substrate/Glints2/dict_0003_0116" 8139
"/Engine/EngineMaterials/Substrate/Glints2/dict_0003_0126" 8140
"/Engine/EngineMaterials/Substrate/Glints2/dict_0003_0128" 8141
"/Engine/EngineMaterials/Substrate/Glints2/dict_0003_0127" 8142
"../../../Engine/Content/EngineMaterials/Substrate/Glints2/dict_0003_0130.uasset" 8143
"../../../Engine/Content/EngineMaterials/Substrate/Glints2/dict_0003_0133.uasset" 8144
"../../../Engine/Content/EngineMaterials/Substrate/Glints2/dict_0003_0131.uasset" 8145
"../../../Engine/Content/EngineMaterials/Substrate/Glints2/dict_0003_0132.uasset" 8146
"/Engine/EngineMaterials/Substrate/Glints2/dict_0003_0132" 8147
"/Engine/EngineMaterials/Substrate/Glints2/dict_0003_0131" 8148
"/Engine/EngineMaterials/Substrate/Glints2/dict_0003_0133" 8149
"/Engine/EngineMaterials/Substrate/Glints2/dict_0003_0130" 8150
"../../../Engine/Content/EngineMaterials/Substrate/Glints2/dict_0003_0135.uasset" 8151
"../../../Engine/Content/EngineMaterials/Substrate/Glints2/dict_0003_0136.uasset" 8152
"../../../Engine/Content/EngineMaterials/Substrate/Glints2/dict_0003_0137.uasset" 8153
"../../../Engine/Content/EngineMaterials/Substrate/Glints2/dict_0003_0129.uasset" 8154
"../../../Engine/Content/EngineMaterials/Substrate/Glints2/dict_0003_0139.uasset" 8155
"../../../Engine/Content/EngineMaterials/Substrate/Glints2/dict_0003_0138.uasset" 8156
"../../../Engine/Content/EngineMaterials/Substrate/Glints2/dict_0003_0140.uasset" 8157
"/Engine/EngineMaterials/Substrate/Glints2/dict_0003_0139" 8158
"../../../Engine/Content/EngineMaterials/Substrate/Glints2/dict_0003_0134.uasset" 8159
"/Engine/EngineMaterials/Substrate/Glints2/dict_0003_0129" 8160
"/Engine/EngineMaterials/Substrate/Glints2/dict_0003_0138" 8161
"/Engine/EngineMaterials/Substrate/Glints2/dict_0003_0137" 8162
"/Engine/EngineMaterials/Substrate/Glints2/dict_0003_0136" 8163
"/Engine/EngineMaterials/Substrate/Glints2/dict_0003_0135" 8164
"/Engine/EngineMaterials/Substrate/Glints2/dict_0003_0134" 8165
"/Engine/EngineMaterials/Substrate/Glints2/dict_0003_0140" 8166
"../../../Engine/Content/EngineMaterials/Substrate/Glints2/dict_0003_0142.uasset" 8167
"../../../Engine/Content/EngineMaterials/Substrate/Glints2/dict_0003_0144.uasset" 8168
"../../../Engine/Content/EngineMaterials/Substrate/Glints2/dict_0003_0143.uasset" 8169
"../../../Engine/Content/EngineMaterials/Substrate/Glints2/dict_0003_0145.uasset" 8170
"/Engine/EngineMaterials/Substrate/Glints2/dict_0003_0145" 8171
"/Engine/EngineMaterials/Substrate/Glints2/dict_0003_0144" 8172
"/Engine/EngineMaterials/Substrate/Glints2/dict_0003_0143" 8173
"/Engine/EngineMaterials/Substrate/Glints2/dict_0003_0142" 8174
"../../../Engine/Content/EngineMaterials/Substrate/Glints2/dict_0003_0148.uasset" 8175
"../../../Engine/Content/EngineMaterials/Substrate/Glints2/dict_0003_0147.uasset" 8176
"../../../Engine/Content/EngineMaterials/Substrate/Glints2/dict_0003_0149.uasset" 8177
"../../../Engine/Content/EngineMaterials/Substrate/Glints2/dict_0003_0141.uasset" 8178
"../../../Engine/Content/EngineMaterials/Substrate/Glints2/dict_0003_0150.uasset" 8179
"../../../Engine/Content/EngineMaterials/Substrate/Glints2/dict_0003_0151.uasset" 8180
"/Engine/EngineMaterials/Substrate/Glints2/dict_0003_0151" 8181
"/Engine/EngineMaterials/Substrate/Glints2/dict_0003_0149" 8182
"/Engine/EngineMaterials/Substrate/Glints2/dict_0003_0141" 8183
"/Engine/EngineMaterials/Substrate/Glints2/dict_0003_0150" 8184
"/Engine/EngineMaterials/Substrate/Glints2/dict_0003_0148" 8185
"/Engine/EngineMaterials/Substrate/Glints2/dict_0003_0147" 8186
"../../../Engine/Content/EngineMaterials/Substrate/Glints2/dict_0003_0153.uasset" 8187
"../../../Engine/Content/EngineMaterials/Substrate/Glints2/dict_0003_0154.uasset" 8188
"../../../Engine/Content/EngineMaterials/Substrate/Glints2/dict_0003_0155.uasset" 8189
"../../../Engine/Content/EngineMaterials/Substrate/Glints2/dict_0003_0152.uasset" 8190
"../../../Engine/Content/EngineMaterials/Substrate/Glints2/dict_0003_0146.uasset" 8191
"/Engine/EngineMaterials/Substrate/Glints2/dict_0003_0152" 8192
"/Engine/EngineMaterials/Substrate/Glints2/dict_0003_0146" 8193
"/Engine/EngineMaterials/Substrate/Glints2/dict_0003_0155" 8194
"/Engine/EngineMaterials/Substrate/Glints2/dict_0003_0154" 8195
"/Engine/EngineMaterials/Substrate/Glints2/dict_0003_0153" 8196
"../../../Engine/Content/EngineMaterials/Substrate/Glints2/dict_0003_0156.uasset" 8197
"/Engine/EngineMaterials/Substrate/Glints2/dict_0003_0156" 8198
"../../../Engine/Content/EngineMaterials/Substrate/Glints2/dict_0003_0157.uasset" 8199
"../../../Engine/Content/EngineMaterials/Substrate/Glints2/dict_0003_0159.uasset" 8200
"/Engine/EngineMaterials/Substrate/Glints2/dict_0003_0157" 8201
"/Engine/EngineMaterials/Substrate/Glints2/dict_0003_0159" 8202
"../../../Engine/Content/EngineMaterials/Substrate/Glints2/dict_0003_0158.uasset" 8203
"../../../Engine/Content/EngineMaterials/Substrate/Glints2/dict_0003_0161.uasset" 8204
"../../../Engine/Content/EngineMaterials/Substrate/Glints2/dict_0003_0162.uasset" 8205
"../../../Engine/Content/EngineMaterials/Substrate/Glints2/dict_0003_0163.uasset" 8206
"../../../Engine/Content/EngineMaterials/Substrate/Glints2/dict_0003_0164.uasset" 8207
"/Engine/EngineMaterials/Substrate/Glints2/dict_0003_0164" 8208
"/Engine/EngineMaterials/Substrate/Glints2/dict_0003_0163" 8209
"/Engine/EngineMaterials/Substrate/Glints2/dict_0003_0162" 8210
"/Engine/EngineMaterials/Substrate/Glints2/dict_0003_0161" 8211
"/Engine/EngineMaterials/Substrate/Glints2/dict_0003_0158" 8212
"../../../Engine/Content/EngineMaterials/Substrate/Glints2/dict_0003_0166.uasset" 8213
"../../../Engine/Content/EngineMaterials/Substrate/Glints2/dict_0003_0167.uasset" 8214
"../../../Engine/Content/EngineMaterials/Substrate/Glints2/dict_0003_0165.uasset" 8215
"../../../Engine/Content/EngineMaterials/Substrate/Glints2/dict_0003_0168.uasset" 8216
"/Engine/EngineMaterials/Substrate/Glints2/dict_0003_0168" 8217
"/Engine/EngineMaterials/Substrate/Glints2/dict_0003_0167" 8218
"/Engine/EngineMaterials/Substrate/Glints2/dict_0003_0166" 8219
"/Engine/EngineMaterials/Substrate/Glints2/dict_0003_0165" 8220
"../../../Engine/Content/EngineMaterials/Substrate/Glints2/dict_0003_0170.uasset" 8221
"../../../Engine/Content/EngineMaterials/Substrate/Glints2/dict_0003_0169.uasset" 8222
"../../../Engine/Content/EngineMaterials/Substrate/Glints2/dict_0003_0171.uasset" 8223
"../../../Engine/Content/EngineMaterials/Substrate/Glints2/dict_0003_0172.uasset" 8224
"../../../Engine/Content/EngineMaterials/Substrate/Glints2/dict_0003_0173.uasset" 8225
"../../../Engine/Content/EngineMaterials/Substrate/Glints2/dict_0003_0174.uasset" 8226
"../../../Engine/Content/EngineMaterials/Substrate/Glints2/dict_0003_0175.uasset" 8227
"/Engine/EngineMaterials/Substrate/Glints2/dict_0003_0170" 8228
"/Engine/EngineMaterials/Substrate/Glints2/dict_0003_0169" 8229
"/Engine/EngineMaterials/Substrate/Glints2/dict_0003_0172" 8230
"/Engine/EngineMaterials/Substrate/Glints2/dict_0003_0175" 8231
"/Engine/EngineMaterials/Substrate/Glints2/dict_0003_0174" 8232
"/Engine/EngineMaterials/Substrate/Glints2/dict_0003_0173" 8233
"/Engine/EngineMaterials/Substrate/Glints2/dict_0003_0171" 8234
"../../../Engine/Content/EngineMaterials/Substrate/Glints2/dict_0003_0160.uasset" 8235
"../../../Engine/Content/EngineMaterials/Substrate/Glints2/dict_0003_0179.uasset" 8236
"../../../Engine/Content/EngineMaterials/Substrate/Glints2/dict_0003_0176.uasset" 8237
"../../../Engine/Content/EngineMaterials/Substrate/Glints2/dict_0003_0177.uasset" 8238
"../../../Engine/Content/EngineMaterials/Substrate/Glints2/dict_0003_0183.uasset" 8239
"../../../Engine/Content/EngineMaterials/Substrate/Glints2/dict_0003_0181.uasset" 8240
"../../../Engine/Content/EngineMaterials/Substrate/Glints2/dict_0003_0178.uasset" 8241
"/Engine/EngineMaterials/Substrate/Glints2/dict_0003_0176" 8242
"../../../Engine/Content/EngineMaterials/Substrate/Glints2/dict_0003_0182.uasset" 8243
"/Engine/EngineMaterials/Substrate/Glints2/dict_0003_0181" 8244
"/Engine/EngineMaterials/Substrate/Glints2/dict_0003_0160" 8245
"/Engine/EngineMaterials/Substrate/Glints2/dict_0003_0179" 8246
"/Engine/EngineMaterials/Substrate/Glints2/dict_0003_0178" 8247
"/Engine/EngineMaterials/Substrate/Glints2/dict_0003_0177" 8248
"/Engine/EngineMaterials/Substrate/Glints2/dict_0003_0183" 8249
"../../../Engine/Content/EngineMaterials/Substrate/Glints2/dict_0003_0180.uasset" 8250
"/Engine/EngineMaterials/Substrate/Glints2/dict_0003_0182" 8251
"/Engine/EngineMaterials/Substrate/Glints2/dict_0003_0180" 8252
"../../../Engine/Content/EngineMaterials/Substrate/Glints2/dict_0003_0184.uasset" 8253
"../../../Engine/Content/EngineMaterials/Substrate/Glints2/dict_0003_0186.uasset" 8254
"../../../Engine/Content/EngineMaterials/Substrate/Glints2/dict_0003_0185.uasset" 8255
"../../../Engine/Content/EngineMaterials/Substrate/Glints2/dict_0003_0188.uasset" 8256
"/Engine/EngineMaterials/Substrate/Glints2/dict_0003_0186" 8257
"/Engine/EngineMaterials/Substrate/Glints2/dict_0003_0188" 8258
"/Engine/EngineMaterials/Substrate/Glints2/dict_0003_0185" 8259
"/Engine/EngineMaterials/Substrate/Glints2/dict_0003_0184" 8260
"../../../Engine/Content/EngineMaterials/Substrate/Glints2/dict_0003_0187.uasset" 8261
"../../../Engine/Content/EngineMaterials/Substrate/Glints2/dict_0003_0189.uasset" 8262
"../../../Engine/Content/EngineMaterials/Substrate/Glints2/dict_0003_0191.uasset" 8263
"../../../Engine/Content/EngineMaterials/Substrate/Glints2/dict_0003_0192.uasset" 8264
"../../../Engine/Content/EngineMaterials/Substrate/Glints2/dict_0003_0194.uasset" 8265
"/Engine/EngineMaterials/Substrate/Glints2/dict_0003_0187" 8266
"/Engine/EngineMaterials/Substrate/Glints2/dict_0003_0189" 8267
"/Engine/EngineMaterials/Substrate/Glints2/dict_0003_0192" 8268
"/Engine/EngineMaterials/Substrate/Glints2/dict_0003_0191" 8269
"/Engine/EngineMaterials/Substrate/Glints2/dict_0003_0194" 8270
"../../../Engine/Content/EngineMaterials/Substrate/Glints2/dict_0003_0193.uasset" 8271
"../../../Engine/Content/EngineMaterials/Substrate/Glints2/dict_0003_0196.uasset" 8272
"../../../Engine/Content/EngineMaterials/Substrate/Glints2/dict_0003_0195.uasset" 8273
"../../../Engine/Content/EngineMaterials/Substrate/Glints2/dict_0003_0190.uasset" 8274
"../../../Engine/Content/EngineMaterials/Substrate/Glints2/dict_0003_0197.uasset" 8275
"/Engine/EngineMaterials/Substrate/Glints2/dict_0003_0190" 8276
"/Engine/EngineMaterials/Substrate/Glints2/dict_0003_0195" 8277
"/Engine/EngineMaterials/Substrate/Glints2/dict_0003_0197" 8278
"/Engine/EngineMaterials/Substrate/Glints2/dict_0003_0196" 8279
"/Engine/EngineMaterials/Substrate/Glints2/dict_0003_0193" 8280
"../../../Engine/Content/EngineMaterials/Substrate/Glints2/dict_0003_0200.uasset" 8281
"../../../Engine/Content/EngineMaterials/Substrate/Glints2/dict_0003_0202.uasset" 8282
"../../../Engine/Content/EngineMaterials/Substrate/Glints2/dict_0003_0198.uasset" 8283
"../../../Engine/Content/EngineMaterials/Substrate/Glints2/dict_0003_0201.uasset" 8284
"../../../Engine/Content/EngineMaterials/Substrate/Glints2/dict_0003_0199.uasset" 8285
"/Engine/EngineMaterials/Substrate/Glints2/dict_0003_0199" 8286
"/Engine/EngineMaterials/Substrate/Glints2/dict_0003_0198" 8287
"/Engine/EngineMaterials/Substrate/Glints2/dict_0003_0202" 8288
"/Engine/EngineMaterials/Substrate/Glints2/dict_0003_0201" 8289
"/Engine/EngineMaterials/Substrate/Glints2/dict_0003_0200" 8290
"../../../Engine/Content/EngineMaterials/Substrate/Glints2/dict_0003_0204.uasset" 8291
"../../../Engine/Content/EngineMaterials/Substrate/Glints2/dict_0003_0203.uasset" 8292
"../../../Engine/Content/EngineMaterials/Substrate/Glints2/dict_0003_0205.uasset" 8293
"../../../Engine/Content/EngineMaterials/Substrate/Glints2/dict_0003_0207.uasset" 8294
"../../../Engine/Content/EngineMaterials/Substrate/Glints2/dict_0003_0206.uasset" 8295
"../../../Engine/Content/EngineMaterials/Substrate/Glints2/dict_0003_0208.uasset" 8296
"/Engine/EngineMaterials/Substrate/Glints2/dict_0003_0206" 8297
"/Engine/EngineMaterials/Substrate/Glints2/dict_0003_0205" 8298
"../../../Engine/Content/EngineMaterials/Substrate/Glints2/dict_0003_0210.uasset" 8299
"/Engine/EngineMaterials/Substrate/Glints2/dict_0003_0204" 8300
"/Engine/EngineMaterials/Substrate/Glints2/dict_0003_0203" 8301
"/Engine/EngineMaterials/Substrate/Glints2/dict_0003_0208" 8302
"../../../Engine/Content/EngineMaterials/Substrate/Glints2/dict_0003_0209.uasset" 8303
"/Engine/EngineMaterials/Substrate/Glints2/dict_0003_0207" 8304
"/Engine/EngineMaterials/Substrate/Glints2/dict_0003_0210" 8305
"/Engine/EngineMaterials/Substrate/Glints2/dict_0003_0209" 8306
"../../../Engine/Content/EngineMaterials/Substrate/Glints2/dict_0003_0211.uasset" 8307
"../../../Engine/Content/EngineMaterials/Substrate/Glints2/dict_0003_0213.uasset" 8308
"../../../Engine/Content/EngineMaterials/Substrate/Glints2/dict_0003_0214.uasset" 8309
"../../../Engine/Content/EngineMaterials/Substrate/Glints2/dict_0003_0212.uasset" 8310
"/Engine/EngineMaterials/Substrate/Glints2/dict_0003_0213" 8311
"/Engine/EngineMaterials/Substrate/Glints2/dict_0003_0212" 8312
"/Engine/EngineMaterials/Substrate/Glints2/dict_0003_0211" 8313
"/Engine/EngineMaterials/Substrate/Glints2/dict_0003_0214" 8314
"../../../Engine/Content/EngineMaterials/Substrate/Glints2/dict_0003_0215.uasset" 8315
"../../../Engine/Content/EngineMaterials/Substrate/Glints2/dict_0003_0217.uasset" 8316
"../../../Engine/Content/EngineMaterials/Substrate/Glints2/dict_0003_0218.uasset" 8317
"../../../Engine/Content/EngineMaterials/Substrate/Glints2/dict_0003_0216.uasset" 8318
"../../../Engine/Content/EngineMaterials/Substrate/Glints2/dict_0003_0221.uasset" 8319
"/Engine/EngineMaterials/Substrate/Glints2/dict_0003_0215" 8320
"../../../Engine/Content/EngineMaterials/Substrate/Glints2/dict_0003_0222.uasset" 8321
"/Engine/EngineMaterials/Substrate/Glints2/dict_0003_0218" 8322
"../../../Engine/Content/EngineMaterials/Substrate/Glints2/dict_0003_0219.uasset" 8323
"/Engine/EngineMaterials/Substrate/Glints2/dict_0003_0217" 8324
"/Engine/EngineMaterials/Substrate/Glints2/dict_0003_0216" 8325
"/Engine/EngineMaterials/Substrate/Glints2/dict_0003_0219" 8326
"/Engine/EngineMaterials/Substrate/Glints2/dict_0003_0222" 8327
"/Engine/EngineMaterials/Substrate/Glints2/dict_0003_0221" 8328
"../../../Engine/Content/EngineMaterials/Substrate/Glints2/dict_0003_0220.uasset" 8329
"../../../Engine/Content/EngineMaterials/Substrate/Glints2/dict_0003_0224.uasset" 8330
"../../../Engine/Content/EngineMaterials/Substrate/Glints2/dict_0003_0223.uasset" 8331
"../../../Engine/Content/EngineMaterials/Substrate/Glints2/dict_0003_0227.uasset" 8332
"../../../Engine/Content/EngineMaterials/Substrate/Glints2/dict_0003_0226.uasset" 8333
"/Engine/EngineMaterials/Substrate/Glints2/dict_0003_0223" 8334
"/Engine/EngineMaterials/Substrate/Glints2/dict_0003_0224" 8335
"/Engine/EngineMaterials/Substrate/Glints2/dict_0003_0227" 8336
"/Engine/EngineMaterials/Substrate/Glints2/dict_0003_0226" 8337
"/Engine/EngineMaterials/Substrate/Glints2/dict_0003_0220" 8338
"../../../Engine/Content/EngineMaterials/Substrate/Glints2/dict_0003_0229.uasset" 8339
"../../../Engine/Content/EngineMaterials/Substrate/Glints2/dict_0003_0228.uasset" 8340
"/Engine/EngineMaterials/Substrate/Glints2/dict_0003_0229" 8341
"../../../Engine/Content/EngineMaterials/Substrate/Glints2/dict_0003_0225.uasset" 8342
"/Engine/EngineMaterials/Substrate/Glints2/dict_0003_0228" 8343
"/Engine/EngineMaterials/Substrate/Glints2/dict_0003_0225" 8344
"../../../Engine/Content/EngineMaterials/Substrate/Glints2/dict_0003_0230.uasset" 8345
"../../../Engine/Content/EngineMaterials/Substrate/Glints2/dict_0003_0232.uasset" 8346
"../../../Engine/Content/EngineMaterials/Substrate/Glints2/dict_0003_0231.uasset" 8347
"../../../Engine/Content/EngineMaterials/Substrate/Glints2/dict_0003_0233.uasset" 8348
"/Engine/EngineMaterials/Substrate/Glints2/dict_0003_0233" 8349
"/Engine/EngineMaterials/Substrate/Glints2/dict_0003_0232" 8350
"/Engine/EngineMaterials/Substrate/Glints2/dict_0003_0231" 8351
"/Engine/EngineMaterials/Substrate/Glints2/dict_0003_0230" 8352
"../../../Engine/Content/EngineMaterials/Substrate/Glints2/dict_0003_0235.uasset" 8353
"../../../Engine/Content/EngineMaterials/Substrate/Glints2/dict_0003_0236.uasset" 8354
"../../../Engine/Content/EngineMaterials/Substrate/Glints2/dict_0003_0234.uasset" 8355
"../../../Engine/Content/EngineMaterials/Substrate/Glints2/dict_0003_0238.uasset" 8356
"../../../Engine/Content/EngineMaterials/Substrate/Glints2/dict_0003_0239.uasset" 8357
"../../../Engine/Content/EngineMaterials/Substrate/Glints2/dict_0003_0237.uasset" 8358
"/Engine/EngineMaterials/Substrate/Glints2/dict_0003_0239" 8359
"/Engine/EngineMaterials/Substrate/Glints2/dict_0003_0234" 8360
"/Engine/EngineMaterials/Substrate/Glints2/dict_0003_0238" 8361
"/Engine/EngineMaterials/Substrate/Glints2/dict_0003_0237" 8362
"/Engine/EngineMaterials/Substrate/Glints2/dict_0003_0236" 8363
"../../../Engine/Content/EngineMaterials/Substrate/Glints2/dict_0003_0241.uasset" 8364
"../../../Engine/Content/EngineMaterials/Substrate/Glints2/dict_0003_0242.uasset" 8365
"/Engine/EngineMaterials/Substrate/Glints2/dict_0003_0235" 8366
"/Engine/EngineMaterials/Substrate/Glints2/dict_0003_0242" 8367
"/Engine/EngineMaterials/Substrate/Glints2/dict_0003_0241" 8368
"../../../Engine/Content/EngineMaterials/Substrate/Glints2/dict_0003_0240.uasset" 8369
"../../../Engine/Content/EngineMaterials/Substrate/Glints2/dict_0003_0243.uasset" 8370
"../../../Engine/Content/EngineMaterials/Substrate/Glints2/dict_0003_0244.uasset" 8371
"../../../Engine/Content/EngineMaterials/Substrate/Glints2/dict_0003_0246.uasset" 8372
"../../../Engine/Content/EngineMaterials/Substrate/Glints2/dict_0003_0247.uasset" 8373
"/Engine/EngineMaterials/Substrate/Glints2/dict_0003_0246" 8374
"/Engine/EngineMaterials/Substrate/Glints2/dict_0003_0240" 8375
"/Engine/EngineMaterials/Substrate/Glints2/dict_0003_0244" 8376
"/Engine/EngineMaterials/Substrate/Glints2/dict_0003_0243" 8377
"/Engine/EngineMaterials/Substrate/Glints2/dict_0003_0247" 8378
"../../../Engine/Content/EngineMaterials/Substrate/Glints2/dict_0003_0248.uasset" 8379
"../../../Engine/Content/EngineMaterials/Substrate/Glints2/dict_0003_0249.uasset" 8380
"../../../Engine/Content/EngineMaterials/Substrate/Glints2/dict_0003_0250.uasset" 8381
"../../../Engine/Content/EngineMaterials/Substrate/Glints2/dict_0003_0251.uasset" 8382
"../../../Engine/Content/EngineMaterials/Substrate/Glints2/dict_0003_0252.uasset" 8383
"/Engine/EngineMaterials/Substrate/Glints2/dict_0003_0250" 8384
"/Engine/EngineMaterials/Substrate/Glints2/dict_0003_0249" 8385
"/Engine/EngineMaterials/Substrate/Glints2/dict_0003_0252" 8386
"/Engine/EngineMaterials/Substrate/Glints2/dict_0003_0248" 8387
"/Engine/EngineMaterials/Substrate/Glints2/dict_0003_0251" 8388
"../../../Engine/Content/EngineMaterials/Substrate/Glints2/dict_0003_0255.uasset" 8389
"../../../Engine/Content/EngineMaterials/Substrate/Glints2/dict_0003_0254.uasset" 8390
"../../../Engine/Content/EngineMaterials/Substrate/Glints2/dict_0003_0253.uasset" 8391
"../../../Engine/Content/EngineMaterials/Substrate/Glints2/dict_0003_0245.uasset" 8392
"../../../Engine/Content/EngineMaterials/Substrate/Glints2/dict_0004_0000.uasset" 8393
"/Engine/EngineMaterials/Substrate/Glints2/dict_0003_0253" 8394
"../../../Engine/Content/EngineMaterials/Substrate/Glints2/dict_0004_0003.uasset" 8395
"../../../Engine/Content/EngineMaterials/Substrate/Glints2/dict_0004_0002.uasset" 8396
"../../../Engine/Content/EngineMaterials/Substrate/Glints2/dict_0004_0001.uasset" 8397
"/Engine/EngineMaterials/Substrate/Glints2/dict_0003_0245" 8398
"/Engine/EngineMaterials/Substrate/Glints2/dict_0004_0000" 8399
"/Engine/EngineMaterials/Substrate/Glints2/dict_0003_0255" 8400
"/Engine/EngineMaterials/Substrate/Glints2/dict_0003_0254" 8401
"/Engine/EngineMaterials/Substrate/Glints2/dict_0004_0002" 8402
"/Engine/EngineMaterials/Substrate/Glints2/dict_0004_0003" 8403
"/Engine/EngineMaterials/Substrate/Glints2/dict_0004_0001" 8404
"../../../Engine/Content/EngineMaterials/Substrate/Glints2/dict_0004_0005.uasset" 8405
"../../../Engine/Content/EngineMaterials/Substrate/Glints2/dict_0004_0007.uasset" 8406
"../../../Engine/Content/EngineMaterials/Substrate/Glints2/dict_0004_0006.uasset" 8407
"../../../Engine/Content/EngineMaterials/Substrate/Glints2/dict_0004_0008.uasset" 8408
"../../../Engine/Content/EngineMaterials/Substrate/Glints2/dict_0004_0009.uasset" 8409
"/Engine/EngineMaterials/Substrate/Glints2/dict_0004_0005" 8410
"/Engine/EngineMaterials/Substrate/Glints2/dict_0004_0009" 8411
"/Engine/EngineMaterials/Substrate/Glints2/dict_0004_0008" 8412
"/Engine/EngineMaterials/Substrate/Glints2/dict_0004_0007" 8413
"/Engine/EngineMaterials/Substrate/Glints2/dict_0004_0006" 8414
"../../../Engine/Content/EngineMaterials/Substrate/Glints2/dict_0004_0010.uasset" 8415
"/Engine/EngineMaterials/Substrate/Glints2/dict_0004_0010" 8416
"../../../Engine/Content/EngineMaterials/Substrate/Glints2/dict_0004_0011.uasset" 8417
"../../../Engine/Content/EngineMaterials/Substrate/Glints2/dict_0004_0012.uasset" 8418
"../../../Engine/Content/EngineMaterials/Substrate/Glints2/dict_0004_0013.uasset" 8419
"../../../Engine/Content/EngineMaterials/Substrate/Glints2/dict_0004_0014.uasset" 8420
"../../../Engine/Content/EngineMaterials/Substrate/Glints2/dict_0004_0015.uasset" 8421
"/Engine/EngineMaterials/Substrate/Glints2/dict_0004_0015" 8422
"/Engine/EngineMaterials/Substrate/Glints2/dict_0004_0014" 8423
"/Engine/EngineMaterials/Substrate/Glints2/dict_0004_0013" 8424
"../../../Engine/Content/EngineMaterials/Substrate/Glints2/dict_0004_0016.uasset" 8425
"/Engine/EngineMaterials/Substrate/Glints2/dict_0004_0012" 8426
"/Engine/EngineMaterials/Substrate/Glints2/dict_0004_0011" 8427
"/Engine/EngineMaterials/Substrate/Glints2/dict_0004_0016" 8428
"../../../Engine/Content/EngineMaterials/Substrate/Glints2/dict_0004_0017.uasset" 8429
"../../../Engine/Content/EngineMaterials/Substrate/Glints2/dict_0004_0018.uasset" 8430
"../../../Engine/Content/EngineMaterials/Substrate/Glints2/dict_0004_0019.uasset" 8431
"../../../Engine/Content/EngineMaterials/Substrate/Glints2/dict_0004_0020.uasset" 8432
"../../../Engine/Content/EngineMaterials/Substrate/Glints2/dict_0004_0004.uasset" 8433
"../../../Engine/Content/EngineMaterials/Substrate/Glints2/dict_0004_0021.uasset" 8434
"../../../Engine/Content/EngineMaterials/Substrate/Glints2/dict_0004_0022.uasset" 8435
"/Engine/EngineMaterials/Substrate/Glints2/dict_0004_0021" 8436
"/Engine/EngineMaterials/Substrate/Glints2/dict_0004_0020" 8437
"/Engine/EngineMaterials/Substrate/Glints2/dict_0004_0019" 8438
"/Engine/EngineMaterials/Substrate/Glints2/dict_0004_0017" 8439
"/Engine/EngineMaterials/Substrate/Glints2/dict_0004_0004" 8440
"/Engine/EngineMaterials/Substrate/Glints2/dict_0004_0018" 8441
"../../../Engine/Content/EngineMaterials/Substrate/Glints2/dict_0004_0024.uasset" 8442
"../../../Engine/Content/EngineMaterials/Substrate/Glints2/dict_0004_0023.uasset" 8443
"/Engine/EngineMaterials/Substrate/Glints2/dict_0004_0022" 8444
"/Engine/EngineMaterials/Substrate/Glints2/dict_0004_0024" 8445
"/Engine/EngineMaterials/Substrate/Glints2/dict_0004_0023" 8446
"../../../Engine/Content/EngineMaterials/Substrate/Glints2/dict_0004_0029.uasset" 8447
"../../../Engine/Content/EngineMaterials/Substrate/Glints2/dict_0004_0028.uasset" 8448
"../../../Engine/Content/EngineMaterials/Substrate/Glints2/dict_0004_0026.uasset" 8449
"../../../Engine/Content/EngineMaterials/Substrate/Glints2/dict_0004_0027.uasset" 8450
"/Engine/EngineMaterials/Substrate/Glints2/dict_0004_0027" 8451
"/Engine/EngineMaterials/Substrate/Glints2/dict_0004_0026" 8452
"/Engine/EngineMaterials/Substrate/Glints2/dict_0004_0029" 8453
"/Engine/EngineMaterials/Substrate/Glints2/dict_0004_0028" 8454
"../../../Engine/Content/EngineMaterials/Substrate/Glints2/dict_0004_0032.uasset" 8455
"../../../Engine/Content/EngineMaterials/Substrate/Glints2/dict_0004_0030.uasset" 8456
"../../../Engine/Content/EngineMaterials/Substrate/Glints2/dict_0004_0033.uasset" 8457
"../../../Engine/Content/EngineMaterials/Substrate/Glints2/dict_0004_0031.uasset" 8458
"../../../Engine/Content/EngineMaterials/Substrate/Glints2/dict_0004_0034.uasset" 8459
"../../../Engine/Content/EngineMaterials/Substrate/Glints2/dict_0004_0036.uasset" 8460
"../../../Engine/Content/EngineMaterials/Substrate/Glints2/dict_0004_0035.uasset" 8461
"../../../Engine/Content/EngineMaterials/Substrate/Glints2/dict_0004_0037.uasset" 8462
"/Engine/EngineMaterials/Substrate/Glints2/dict_0004_0035" 8463
"/Engine/EngineMaterials/Substrate/Glints2/dict_0004_0032" 8464
"/Engine/EngineMaterials/Substrate/Glints2/dict_0004_0034" 8465
"/Engine/EngineMaterials/Substrate/Glints2/dict_0004_0031" 8466
"/Engine/EngineMaterials/Substrate/Glints2/dict_0004_0033" 8467
"/Engine/EngineMaterials/Substrate/Glints2/dict_0004_0037" 8468
"/Engine/EngineMaterials/Substrate/Glints2/dict_0004_0030" 8469
"/Engine/EngineMaterials/Substrate/Glints2/dict_0004_0036" 8470
"../../../Engine/Content/EngineMaterials/Substrate/Glints2/dict_0004_0038.uasset" 8471
"../../../Engine/Content/EngineMaterials/Substrate/Glints2/dict_0004_0040.uasset" 8472
"../../../Engine/Content/EngineMaterials/Substrate/Glints2/dict_0004_0039.uasset" 8473
"../../../Engine/Content/EngineMaterials/Substrate/Glints2/dict_0004_0041.uasset" 8474
"/Engine/EngineMaterials/Substrate/Glints2/dict_0004_0040" 8475
"/Engine/EngineMaterials/Substrate/Glints2/dict_0004_0039" 8476
"/Engine/EngineMaterials/Substrate/Glints2/dict_0004_0038" 8477
"/Engine/EngineMaterials/Substrate/Glints2/dict_0004_0041" 8478
"../../../Engine/Content/EngineMaterials/Substrate/Glints2/dict_0004_0045.uasset" 8479
"../../../Engine/Content/EngineMaterials/Substrate/Glints2/dict_0004_0043.uasset" 8480
"/Engine/EngineMaterials/Substrate/Glints2/dict_0004_0045" 8481
"../../../Engine/Content/EngineMaterials/Substrate/Glints2/dict_0004_0044.uasset" 8482
"/Engine/EngineMaterials/Substrate/Glints2/dict_0004_0043" 8483
"/Engine/EngineMaterials/Substrate/Glints2/dict_0004_0044" 8484
"../../../Engine/Content/EngineMaterials/Substrate/Glints2/dict_0004_0042.uasset" 8485
"/Engine/EngineMaterials/Substrate/Glints2/dict_0004_0042" 8486
"../../../Engine/Content/EngineMaterials/Substrate/Glints2/dict_0004_0046.uasset" 8487
"../../../Engine/Content/EngineMaterials/Substrate/Glints2/dict_0004_0048.uasset" 8488
"../../../Engine/Content/EngineMaterials/Substrate/Glints2/dict_0004_0047.uasset" 8489
"../../../Engine/Content/EngineMaterials/Substrate/Glints2/dict_0004_0049.uasset" 8490
"/Engine/EngineMaterials/Substrate/Glints2/dict_0004_0046" 8491
"/Engine/EngineMaterials/Substrate/Glints2/dict_0004_0047" 8492
"/Engine/EngineMaterials/Substrate/Glints2/dict_0004_0049" 8493
"/Engine/EngineMaterials/Substrate/Glints2/dict_0004_0048" 8494
"../../../Engine/Content/EngineMaterials/Substrate/Glints2/dict_0004_0025.uasset" 8495
"../../../Engine/Content/EngineMaterials/Substrate/Glints2/dict_0004_0052.uasset" 8496
"../../../Engine/Content/EngineMaterials/Substrate/Glints2/dict_0004_0050.uasset" 8497
"../../../Engine/Content/EngineMaterials/Substrate/Glints2/dict_0004_0051.uasset" 8498
"../../../Engine/Content/EngineMaterials/Substrate/Glints2/dict_0004_0053.uasset" 8499
"../../../Engine/Content/EngineMaterials/Substrate/Glints2/dict_0004_0055.uasset" 8500
"../../../Engine/Content/EngineMaterials/Substrate/Glints2/dict_0004_0056.uasset" 8501
"../../../Engine/Content/EngineMaterials/Substrate/Glints2/dict_0004_0054.uasset" 8502
"/Engine/EngineMaterials/Substrate/Glints2/dict_0004_0055" 8503
"/Engine/EngineMaterials/Substrate/Glints2/dict_0004_0053" 8504
"/Engine/EngineMaterials/Substrate/Glints2/dict_0004_0052" 8505
"/Engine/EngineMaterials/Substrate/Glints2/dict_0004_0025" 8506
"/Engine/EngineMaterials/Substrate/Glints2/dict_0004_0051" 8507
"/Engine/EngineMaterials/Substrate/Glints2/dict_0004_0054" 8508
"/Engine/EngineMaterials/Substrate/Glints2/dict_0004_0050" 8509
"/Engine/EngineMaterials/Substrate/Glints2/dict_0004_0056" 8510
"../../../Engine/Content/EngineMaterials/Substrate/Glints2/dict_0004_0058.uasset" 8511
"../../../Engine/Content/EngineMaterials/Substrate/Glints2/dict_0004_0061.uasset" 8512
"../../../Engine/Content/EngineMaterials/Substrate/Glints2/dict_0004_0059.uasset" 8513
"../../../Engine/Content/EngineMaterials/Substrate/Glints2/dict_0004_0060.uasset" 8514
"/Engine/EngineMaterials/Substrate/Glints2/dict_0004_0060" 8515
"/Engine/EngineMaterials/Substrate/Glints2/dict_0004_0059" 8516
"/Engine/EngineMaterials/Substrate/Glints2/dict_0004_0058" 8517
"../../../Engine/Content/EngineMaterials/Substrate/Glints2/dict_0004_0062.uasset" 8518
"/Engine/EngineMaterials/Substrate/Glints2/dict_0004_0061" 8519
"/Engine/EngineMaterials/Substrate/Glints2/dict_0004_0062" 8520
"../../../Engine/Content/EngineMaterials/Substrate/Glints2/dict_0004_0065.uasset" 8521
"../../../Engine/Content/EngineMaterials/Substrate/Glints2/dict_0004_0064.uasset" 8522
"../../../Engine/Content/EngineMaterials/Substrate/Glints2/dict_0004_0063.uasset" 8523
"../../../Engine/Content/EngineMaterials/Substrate/Glints2/dict_0004_0066.uasset" 8524
"../../../Engine/Content/EngineMaterials/Substrate/Glints2/dict_0004_0067.uasset" 8525
"/Engine/EngineMaterials/Substrate/Glints2/dict_0004_0067" 8526
"/Engine/EngineMaterials/Substrate/Glints2/dict_0004_0066" 8527
"/Engine/EngineMaterials/Substrate/Glints2/dict_0004_0065" 8528
"/Engine/EngineMaterials/Substrate/Glints2/dict_0004_0064" 8529
"../../../Engine/Content/EngineMaterials/Substrate/Glints2/dict_0004_0068.uasset" 8530
"/Engine/EngineMaterials/Substrate/Glints2/dict_0004_0063" 8531
"/Engine/EngineMaterials/Substrate/Glints2/dict_0004_0068" 8532
"../../../Engine/Content/EngineMaterials/Substrate/Glints2/dict_0004_0069.uasset" 8533
"../../../Engine/Content/EngineMaterials/Substrate/Glints2/dict_0004_0070.uasset" 8534
"../../../Engine/Content/EngineMaterials/Substrate/Glints2/dict_0004_0071.uasset" 8535
"../../../Engine/Content/EngineMaterials/Substrate/Glints2/dict_0004_0072.uasset" 8536
"/Engine/EngineMaterials/Substrate/Glints2/dict_0004_0072" 8537
"../../../Engine/Content/EngineMaterials/Substrate/Glints2/dict_0004_0074.uasset" 8538
"/Engine/EngineMaterials/Substrate/Glints2/dict_0004_0071" 8539
"/Engine/EngineMaterials/Substrate/Glints2/dict_0004_0070" 8540
"/Engine/EngineMaterials/Substrate/Glints2/dict_0004_0069" 8541
"/Engine/EngineMaterials/Substrate/Glints2/dict_0004_0074" 8542
"../../../Engine/Content/EngineMaterials/Substrate/Glints2/dict_0004_0075.uasset" 8543
"../../../Engine/Content/EngineMaterials/Substrate/Glints2/dict_0004_0076.uasset" 8544
"../../../Engine/Content/EngineMaterials/Substrate/Glints2/dict_0004_0057.uasset" 8545
"../../../Engine/Content/EngineMaterials/Substrate/Glints2/dict_0004_0077.uasset" 8546
"../../../Engine/Content/EngineMaterials/Substrate/Glints2/dict_0004_0079.uasset" 8547
"../../../Engine/Content/EngineMaterials/Substrate/Glints2/dict_0004_0078.uasset" 8548
"/Engine/EngineMaterials/Substrate/Glints2/dict_0004_0075" 8549
"/Engine/EngineMaterials/Substrate/Glints2/dict_0004_0079" 8550
"/Engine/EngineMaterials/Substrate/Glints2/dict_0004_0076" 8551
"/Engine/EngineMaterials/Substrate/Glints2/dict_0004_0057" 8552
"/Engine/EngineMaterials/Substrate/Glints2/dict_0004_0077" 8553
"/Engine/EngineMaterials/Substrate/Glints2/dict_0004_0078" 8554
"../../../Engine/Content/EngineMaterials/Substrate/Glints2/dict_0004_0081.uasset" 8555
"../../../Engine/Content/EngineMaterials/Substrate/Glints2/dict_0004_0083.uasset" 8556
"../../../Engine/Content/EngineMaterials/Substrate/Glints2/dict_0004_0082.uasset" 8557
"/Engine/EngineMaterials/Substrate/Glints2/dict_0004_0083" 8558
"/Engine/EngineMaterials/Substrate/Glints2/dict_0004_0082" 8559
"/Engine/EngineMaterials/Substrate/Glints2/dict_0004_0081" 8560
"../../../Engine/Content/EngineMaterials/Substrate/Glints2/dict_0004_0084.uasset" 8561
"../../../Engine/Content/EngineMaterials/Substrate/Glints2/dict_0004_0086.uasset" 8562
"../../../Engine/Content/EngineMaterials/Substrate/Glints2/dict_0004_0085.uasset" 8563
"../../../Engine/Content/EngineMaterials/Substrate/Glints2/dict_0004_0087.uasset" 8564
"/Engine/EngineMaterials/Substrate/Glints2/dict_0004_0087" 8565
"/Engine/EngineMaterials/Substrate/Glints2/dict_0004_0086" 8566
"/Engine/EngineMaterials/Substrate/Glints2/dict_0004_0085" 8567
"/Engine/EngineMaterials/Substrate/Glints2/dict_0004_0084" 8568
"../../../Engine/Content/EngineMaterials/Substrate/Glints2/dict_0004_0089.uasset" 8569
"../../../Engine/Content/EngineMaterials/Substrate/Glints2/dict_0004_0088.uasset" 8570
"../../../Engine/Content/EngineMaterials/Substrate/Glints2/dict_0004_0073.uasset" 8571
"../../../Engine/Content/EngineMaterials/Substrate/Glints2/dict_0004_0090.uasset" 8572
"/Engine/EngineMaterials/Substrate/Glints2/dict_0004_0088" 8573
"/Engine/EngineMaterials/Substrate/Glints2/dict_0004_0073" 8574
"/Engine/EngineMaterials/Substrate/Glints2/dict_0004_0090" 8575
"/Engine/EngineMaterials/Substrate/Glints2/dict_0004_0089" 8576
"../../../Engine/Content/EngineMaterials/Substrate/Glints2/dict_0004_0092.uasset" 8577
"/Engine/EngineMaterials/Substrate/Glints2/dict_0004_0092" 8578
"../../../Engine/Content/EngineMaterials/Substrate/Glints2/dict_0004_0080.uasset" 8579
"../../../Engine/Content/EngineMaterials/Substrate/Glints2/dict_0004_0093.uasset" 8580
"../../../Engine/Content/EngineMaterials/Substrate/Glints2/dict_0004_0094.uasset" 8581
"../../../Engine/Content/EngineMaterials/Substrate/Glints2/dict_0004_0091.uasset" 8582
"../../../Engine/Content/EngineMaterials/Substrate/Glints2/dict_0004_0095.uasset" 8583
"/Engine/EngineMaterials/Substrate/Glints2/dict_0004_0080" 8584
"../../../Engine/Content/EngineMaterials/Substrate/Glints2/dict_0004_0097.uasset" 8585
"../../../Engine/Content/EngineMaterials/Substrate/Glints2/dict_0004_0098.uasset" 8586
"../../../Engine/Content/EngineMaterials/Substrate/Glints2/dict_0004_0099.uasset" 8587
"/Engine/EngineMaterials/Substrate/Glints2/dict_0004_0095" 8588
"/Engine/EngineMaterials/Substrate/Glints2/dict_0004_0091" 8589
"/Engine/EngineMaterials/Substrate/Glints2/dict_0004_0094" 8590
"/Engine/EngineMaterials/Substrate/Glints2/dict_0004_0093" 8591
"/Engine/EngineMaterials/Substrate/Glints2/dict_0004_0099" 8592
"/Engine/EngineMaterials/Substrate/Glints2/dict_0004_0098" 8593
"/Engine/EngineMaterials/Substrate/Glints2/dict_0004_0097" 8594
"../../../Engine/Content/EngineMaterials/Substrate/Glints2/dict_0004_0102.uasset" 8595
"../../../Engine/Content/EngineMaterials/Substrate/Glints2/dict_0004_0100.uasset" 8596
"../../../Engine/Content/EngineMaterials/Substrate/Glints2/dict_0004_0096.uasset" 8597
"../../../Engine/Content/EngineMaterials/Substrate/Glints2/dict_0004_0103.uasset" 8598
"../../../Engine/Content/EngineMaterials/Substrate/Glints2/dict_0004_0101.uasset" 8599
"/Engine/EngineMaterials/Substrate/Glints2/dict_0004_0096" 8600
"/Engine/EngineMaterials/Substrate/Glints2/dict_0004_0103" 8601
"/Engine/EngineMaterials/Substrate/Glints2/dict_0004_0102" 8602
"/Engine/EngineMaterials/Substrate/Glints2/dict_0004_0101" 8603
"../../../Engine/Content/EngineMaterials/Substrate/Glints2/dict_0004_0108.uasset" 8604
"../../../Engine/Content/EngineMaterials/Substrate/Glints2/dict_0004_0107.uasset" 8605
"/Engine/EngineMaterials/Substrate/Glints2/dict_0004_0100" 8606
"/Engine/EngineMaterials/Substrate/Glints2/dict_0004_0108" 8607
"../../../Engine/Content/EngineMaterials/Substrate/Glints2/dict_0004_0106.uasset" 8608
"/Engine/EngineMaterials/Substrate/Glints2/dict_0004_0107" 8609
"/Engine/EngineMaterials/Substrate/Glints2/dict_0004_0106" 8610
"../../../Engine/Content/EngineMaterials/Substrate/Glints2/dict_0004_0105.uasset" 8611
"../../../Engine/Content/EngineMaterials/Substrate/Glints2/dict_0004_0104.uasset" 8612
"../../../Engine/Content/EngineMaterials/Substrate/Glints2/dict_0004_0109.uasset" 8613
"../../../Engine/Content/EngineMaterials/Substrate/Glints2/dict_0004_0111.uasset" 8614
"../../../Engine/Content/EngineMaterials/Substrate/Glints2/dict_0004_0112.uasset" 8615
"/Engine/EngineMaterials/Substrate/Glints2/dict_0004_0104" 8616
"../../../Engine/Content/EngineMaterials/Substrate/Glints2/dict_0004_0110.uasset" 8617
"/Engine/EngineMaterials/Substrate/Glints2/dict_0004_0109" 8618
"/Engine/EngineMaterials/Substrate/Glints2/dict_0004_0112" 8619
"/Engine/EngineMaterials/Substrate/Glints2/dict_0004_0111" 8620
"/Engine/EngineMaterials/Substrate/Glints2/dict_0004_0105" 8621
"/Engine/EngineMaterials/Substrate/Glints2/dict_0004_0110" 8622
"../../../Engine/Content/EngineMaterials/Substrate/Glints2/dict_0004_0113.uasset" 8623
"../../../Engine/Content/EngineMaterials/Substrate/Glints2/dict_0004_0114.uasset" 8624
"../../../Engine/Content/EngineMaterials/Substrate/Glints2/dict_0004_0115.uasset" 8625
"../../../Engine/Content/EngineMaterials/Substrate/Glints2/dict_0004_0116.uasset" 8626
"../../../Engine/Content/EngineMaterials/Substrate/Glints2/dict_0004_0117.uasset" 8627
"../../../Engine/Content/EngineMaterials/Substrate/Glints2/dict_0004_0121.uasset" 8628
"../../../Engine/Content/EngineMaterials/Substrate/Glints2/dict_0004_0118.uasset" 8629
"../../../Engine/Content/EngineMaterials/Substrate/Glints2/dict_0004_0120.uasset" 8630
"/Engine/EngineMaterials/Substrate/Glints2/dict_0004_0116" 8631
"/Engine/EngineMaterials/Substrate/Glints2/dict_0004_0115" 8632
"/Engine/EngineMaterials/Substrate/Glints2/dict_0004_0114" 8633
"/Engine/EngineMaterials/Substrate/Glints2/dict_0004_0113" 8634
"/Engine/EngineMaterials/Substrate/Glints2/dict_0004_0121" 8635
"/Engine/EngineMaterials/Substrate/Glints2/dict_0004_0117" 8636
"/Engine/EngineMaterials/Substrate/Glints2/dict_0004_0120" 8637
"/Engine/EngineMaterials/Substrate/Glints2/dict_0004_0118" 8638
"../../../Engine/Content/EngineMaterials/Substrate/Glints2/dict_0004_0119.uasset" 8639
"../../../Engine/Content/EngineMaterials/Substrate/Glints2/dict_0004_0125.uasset" 8640
"../../../Engine/Content/EngineMaterials/Substrate/Glints2/dict_0004_0122.uasset" 8641
"../../../Engine/Content/EngineMaterials/Substrate/Glints2/dict_0004_0123.uasset" 8642
"/Engine/EngineMaterials/Substrate/Glints2/dict_0004_0122" 8643
"/Engine/EngineMaterials/Substrate/Glints2/dict_0004_0125" 8644
"/Engine/EngineMaterials/Substrate/Glints2/dict_0004_0123" 8645
"/Engine/EngineMaterials/Substrate/Glints2/dict_0004_0119" 8646
"../../../Engine/Content/EngineMaterials/Substrate/Glints2/dict_0004_0127.uasset" 8647
"../../../Engine/Content/EngineMaterials/Substrate/Glints2/dict_0004_0129.uasset" 8648
"../../../Engine/Content/EngineMaterials/Substrate/Glints2/dict_0004_0124.uasset" 8649
"../../../Engine/Content/EngineMaterials/Substrate/Glints2/dict_0004_0126.uasset" 8650
"../../../Engine/Content/EngineMaterials/Substrate/Glints2/dict_0004_0131.uasset" 8651
"../../../Engine/Content/EngineMaterials/Substrate/Glints2/dict_0004_0128.uasset" 8652
"../../../Engine/Content/EngineMaterials/Substrate/Glints2/dict_0004_0132.uasset" 8653
"../../../Engine/Content/EngineMaterials/Substrate/Glints2/dict_0004_0130.uasset" 8654
"/Engine/EngineMaterials/Substrate/Glints2/dict_0004_0130" 8655
"/Engine/EngineMaterials/Substrate/Glints2/dict_0004_0129" 8656
"/Engine/EngineMaterials/Substrate/Glints2/dict_0004_0128" 8657
"/Engine/EngineMaterials/Substrate/Glints2/dict_0004_0127" 8658
"/Engine/EngineMaterials/Substrate/Glints2/dict_0004_0126" 8659
"/Engine/EngineMaterials/Substrate/Glints2/dict_0004_0132" 8660
"/Engine/EngineMaterials/Substrate/Glints2/dict_0004_0124" 8661
"/Engine/EngineMaterials/Substrate/Glints2/dict_0004_0131" 8662
"../../../Engine/Content/EngineMaterials/Substrate/Glints2/dict_0004_0133.uasset" 8663
"../../../Engine/Content/EngineMaterials/Substrate/Glints2/dict_0004_0137.uasset" 8664
"../../../Engine/Content/EngineMaterials/Substrate/Glints2/dict_0004_0134.uasset" 8665
"../../../Engine/Content/EngineMaterials/Substrate/Glints2/dict_0004_0136.uasset" 8666
"../../../Engine/Content/EngineMaterials/Substrate/Glints2/dict_0004_0141.uasset" 8667
"../../../Engine/Content/EngineMaterials/Substrate/Glints2/dict_0004_0140.uasset" 8668
"../../../Engine/Content/EngineMaterials/Substrate/Glints2/dict_0004_0135.uasset" 8669
"../../../Engine/Content/EngineMaterials/Substrate/Glints2/dict_0004_0138.uasset" 8670
"/Engine/EngineMaterials/Substrate/Glints2/dict_0004_0135" 8671
"/Engine/EngineMaterials/Substrate/Glints2/dict_0004_0134" 8672
"/Engine/EngineMaterials/Substrate/Glints2/dict_0004_0133" 8673
"/Engine/EngineMaterials/Substrate/Glints2/dict_0004_0141" 8674
"/Engine/EngineMaterials/Substrate/Glints2/dict_0004_0137" 8675
"/Engine/EngineMaterials/Substrate/Glints2/dict_0004_0136" 8676
"/Engine/EngineMaterials/Substrate/Glints2/dict_0004_0140" 8677
"/Engine/EngineMaterials/Substrate/Glints2/dict_0004_0138" 8678
"../../../Engine/Content/EngineMaterials/Substrate/Glints2/dict_0004_0142.uasset" 8679
"../../../Engine/Content/EngineMaterials/Substrate/Glints2/dict_0004_0139.uasset" 8680
"../../../Engine/Content/EngineMaterials/Substrate/Glints2/dict_0004_0145.uasset" 8681
"../../../Engine/Content/EngineMaterials/Substrate/Glints2/dict_0004_0143.uasset" 8682
"../../../Engine/Content/EngineMaterials/Substrate/Glints2/dict_0004_0144.uasset" 8683
"/Engine/EngineMaterials/Substrate/Glints2/dict_0004_0143" 8684
"/Engine/EngineMaterials/Substrate/Glints2/dict_0004_0142" 8685
"/Engine/EngineMaterials/Substrate/Glints2/dict_0004_0145" 8686
"/Engine/EngineMaterials/Substrate/Glints2/dict_0004_0144" 8687
"/Engine/EngineMaterials/Substrate/Glints2/dict_0004_0139" 8688
"../../../Engine/Content/EngineMaterials/Substrate/Glints2/dict_0004_0149.uasset" 8689
"../../../Engine/Content/EngineMaterials/Substrate/Glints2/dict_0004_0148.uasset" 8690
"../../../Engine/Content/EngineMaterials/Substrate/Glints2/dict_0004_0146.uasset" 8691
"../../../Engine/Content/EngineMaterials/Substrate/Glints2/dict_0004_0147.uasset" 8692
"../../../Engine/Content/EngineMaterials/Substrate/Glints2/dict_0004_0151.uasset" 8693
"../../../Engine/Content/EngineMaterials/Substrate/Glints2/dict_0004_0150.uasset" 8694
"../../../Engine/Content/EngineMaterials/Substrate/Glints2/dict_0004_0152.uasset" 8695
"/Engine/EngineMaterials/Substrate/Glints2/dict_0004_0152" 8696
"../../../Engine/Content/EngineMaterials/Substrate/Glints2/dict_0004_0154.uasset" 8697
"/Engine/EngineMaterials/Substrate/Glints2/dict_0004_0151" 8698
"/Engine/EngineMaterials/Substrate/Glints2/dict_0004_0150" 8699
"/Engine/EngineMaterials/Substrate/Glints2/dict_0004_0148" 8700
"/Engine/EngineMaterials/Substrate/Glints2/dict_0004_0147" 8701
"/Engine/EngineMaterials/Substrate/Glints2/dict_0004_0146" 8702
"/Engine/EngineMaterials/Substrate/Glints2/dict_0004_0149" 8703
"/Engine/EngineMaterials/Substrate/Glints2/dict_0004_0154" 8704
"../../../Engine/Content/EngineMaterials/Substrate/Glints2/dict_0004_0155.uasset" 8705
"../../../Engine/Content/EngineMaterials/Substrate/Glints2/dict_0004_0153.uasset" 8706
"../../../Engine/Content/EngineMaterials/Substrate/Glints2/dict_0004_0157.uasset" 8707
"../../../Engine/Content/EngineMaterials/Substrate/Glints2/dict_0004_0156.uasset" 8708
"../../../Engine/Content/EngineMaterials/Substrate/Glints2/dict_0004_0158.uasset" 8709
"/Engine/EngineMaterials/Substrate/Glints2/dict_0004_0156" 8710
"../../../Engine/Content/EngineMaterials/Substrate/Glints2/dict_0004_0160.uasset" 8711
"/Engine/EngineMaterials/Substrate/Glints2/dict_0004_0155" 8712
"/Engine/EngineMaterials/Substrate/Glints2/dict_0004_0158" 8713
"../../../Engine/Content/EngineMaterials/Substrate/Glints2/dict_0004_0159.uasset" 8714
"/Engine/EngineMaterials/Substrate/Glints2/dict_0004_0153" 8715
"/Engine/EngineMaterials/Substrate/Glints2/dict_0004_0157" 8716
"/Engine/EngineMaterials/Substrate/Glints2/dict_0004_0160" 8717
"/Engine/EngineMaterials/Substrate/Glints2/dict_0004_0159" 8718
"../../../Engine/Content/EngineMaterials/Substrate/Glints2/dict_0004_0162.uasset" 8719
"../../../Engine/Content/EngineMaterials/Substrate/Glints2/dict_0004_0161.uasset" 8720
"../../../Engine/Content/EngineMaterials/Substrate/Glints2/dict_0004_0163.uasset" 8721
"../../../Engine/Content/EngineMaterials/Substrate/Glints2/dict_0004_0165.uasset" 8722
"../../../Engine/Content/EngineMaterials/Substrate/Glints2/dict_0004_0166.uasset" 8723
"/Engine/EngineMaterials/Substrate/Glints2/dict_0004_0163" 8724
"../../../Engine/Content/EngineMaterials/Substrate/Glints2/dict_0004_0164.uasset" 8725
"/Engine/EngineMaterials/Substrate/Glints2/dict_0004_0162" 8726
"/Engine/EngineMaterials/Substrate/Glints2/dict_0004_0161" 8727
"/Engine/EngineMaterials/Substrate/Glints2/dict_0004_0166" 8728
"/Engine/EngineMaterials/Substrate/Glints2/dict_0004_0165" 8729
"/Engine/EngineMaterials/Substrate/Glints2/dict_0004_0164" 8730
"../../../Engine/Content/EngineMaterials/Substrate/Glints2/dict_0004_0168.uasset" 8731
"../../../Engine/Content/EngineMaterials/Substrate/Glints2/dict_0004_0169.uasset" 8732
"../../../Engine/Content/EngineMaterials/Substrate/Glints2/dict_0004_0167.uasset" 8733
"../../../Engine/Content/EngineMaterials/Substrate/Glints2/dict_0004_0171.uasset" 8734
"../../../Engine/Content/EngineMaterials/Substrate/Glints2/dict_0004_0172.uasset" 8735
"../../../Engine/Content/EngineMaterials/Substrate/Glints2/dict_0004_0170.uasset" 8736
"/Engine/EngineMaterials/Substrate/Glints2/dict_0004_0172" 8737
"/Engine/EngineMaterials/Substrate/Glints2/dict_0004_0171" 8738
"/Engine/EngineMaterials/Substrate/Glints2/dict_0004_0170" 8739
"/Engine/EngineMaterials/Substrate/Glints2/dict_0004_0169" 8740
"/Engine/EngineMaterials/Substrate/Glints2/dict_0004_0168" 8741
"../../../Engine/Content/EngineMaterials/Substrate/Glints2/dict_0004_0173.uasset" 8742
"/Engine/EngineMaterials/Substrate/Glints2/dict_0004_0167" 8743
"/Engine/EngineMaterials/Substrate/Glints2/dict_0004_0173" 8744
"../../../Engine/Content/EngineMaterials/Substrate/Glints2/dict_0004_0175.uasset" 8745
"../../../Engine/Content/EngineMaterials/Substrate/Glints2/dict_0004_0177.uasset" 8746
"../../../Engine/Content/EngineMaterials/Substrate/Glints2/dict_0004_0176.uasset" 8747
"../../../Engine/Content/EngineMaterials/Substrate/Glints2/dict_0004_0178.uasset" 8748
"/Engine/EngineMaterials/Substrate/Glints2/dict_0004_0177" 8749
"/Engine/EngineMaterials/Substrate/Glints2/dict_0004_0176" 8750
"/Engine/EngineMaterials/Substrate/Glints2/dict_0004_0175" 8751
"/Engine/EngineMaterials/Substrate/Glints2/dict_0004_0178" 8752
"../../../Engine/Content/EngineMaterials/Substrate/Glints2/dict_0004_0179.uasset" 8753
"../../../Engine/Content/EngineMaterials/Substrate/Glints2/dict_0004_0180.uasset" 8754
"../../../Engine/Content/EngineMaterials/Substrate/Glints2/dict_0004_0182.uasset" 8755
"../../../Engine/Content/EngineMaterials/Substrate/Glints2/dict_0004_0181.uasset" 8756
"../../../Engine/Content/EngineMaterials/Substrate/Glints2/dict_0004_0174.uasset" 8757
"../../../Engine/Content/EngineMaterials/Substrate/Glints2/dict_0004_0184.uasset" 8758
"../../../Engine/Content/EngineMaterials/Substrate/Glints2/dict_0004_0183.uasset" 8759
"/Engine/EngineMaterials/Substrate/Glints2/dict_0004_0184" 8760
"/Engine/EngineMaterials/Substrate/Glints2/dict_0004_0183" 8761
"/Engine/EngineMaterials/Substrate/Glints2/dict_0004_0182" 8762
"/Engine/EngineMaterials/Substrate/Glints2/dict_0004_0181" 8763
"../../../Engine/Content/EngineMaterials/Substrate/Glints2/dict_0004_0187.uasset" 8764
"/Engine/EngineMaterials/Substrate/Glints2/dict_0004_0180" 8765
"/Engine/EngineMaterials/Substrate/Glints2/dict_0004_0179" 8766
"/Engine/EngineMaterials/Substrate/Glints2/dict_0004_0174" 8767
"/Engine/EngineMaterials/Substrate/Glints2/dict_0004_0187" 8768
"../../../Engine/Content/EngineMaterials/Substrate/Glints2/dict_0004_0185.uasset" 8769
"/Engine/EngineMaterials/Substrate/Glints2/dict_0004_0185" 8770
"../../../Engine/Content/EngineMaterials/Substrate/Glints2/dict_0004_0186.uasset" 8771
"../../../Engine/Content/EngineMaterials/Substrate/Glints2/dict_0004_0188.uasset" 8772
"../../../Engine/Content/EngineMaterials/Substrate/Glints2/dict_0004_0190.uasset" 8773
"../../../Engine/Content/EngineMaterials/Substrate/Glints2/dict_0004_0191.uasset" 8774
"/Engine/EngineMaterials/Substrate/Glints2/dict_0004_0190" 8775
"/Engine/EngineMaterials/Substrate/Glints2/dict_0004_0191" 8776
"/Engine/EngineMaterials/Substrate/Glints2/dict_0004_0188" 8777
"../../../Engine/Content/EngineMaterials/Substrate/Glints2/dict_0004_0189.uasset" 8778
"/Engine/EngineMaterials/Substrate/Glints2/dict_0004_0186" 8779
"../../../Engine/Content/EngineMaterials/Substrate/Glints2/dict_0004_0192.uasset" 8780
"/Engine/EngineMaterials/Substrate/Glints2/dict_0004_0192" 8781
"/Engine/EngineMaterials/Substrate/Glints2/dict_0004_0189" 8782
"../../../Engine/Content/EngineMaterials/Substrate/Glints2/dict_0004_0193.uasset" 8783
"../../../Engine/Content/EngineMaterials/Substrate/Glints2/dict_0004_0194.uasset" 8784
"../../../Engine/Content/EngineMaterials/Substrate/Glints2/dict_0004_0195.uasset" 8785
"../../../Engine/Content/EngineMaterials/Substrate/Glints2/dict_0004_0197.uasset" 8786
"../../../Engine/Content/EngineMaterials/Substrate/Glints2/dict_0004_0196.uasset" 8787
"/Engine/EngineMaterials/Substrate/Glints2/dict_0004_0197" 8788
"/Engine/EngineMaterials/Substrate/Glints2/dict_0004_0196" 8789
"/Engine/EngineMaterials/Substrate/Glints2/dict_0004_0195" 8790
"/Engine/EngineMaterials/Substrate/Glints2/dict_0004_0194" 8791
"../../../Engine/Content/EngineMaterials/Substrate/Glints2/dict_0004_0200.uasset" 8792
"/Engine/EngineMaterials/Substrate/Glints2/dict_0004_0193" 8793
"/Engine/EngineMaterials/Substrate/Glints2/dict_0004_0200" 8794
"../../../Engine/Content/EngineMaterials/Substrate/Glints2/dict_0004_0198.uasset" 8795
"../../../Engine/Content/EngineMaterials/Substrate/Glints2/dict_0004_0199.uasset" 8796
"../../../Engine/Content/EngineMaterials/Substrate/Glints2/dict_0004_0202.uasset" 8797
"../../../Engine/Content/EngineMaterials/Substrate/Glints2/dict_0004_0203.uasset" 8798
"../../../Engine/Content/EngineMaterials/Substrate/Glints2/dict_0004_0201.uasset" 8799
"/Engine/EngineMaterials/Substrate/Glints2/dict_0004_0198" 8800
"../../../Engine/Content/EngineMaterials/Substrate/Glints2/dict_0004_0206.uasset" 8801
"../../../Engine/Content/EngineMaterials/Substrate/Glints2/dict_0004_0204.uasset" 8802
"/Engine/EngineMaterials/Substrate/Glints2/dict_0004_0203" 8803
"/Engine/EngineMaterials/Substrate/Glints2/dict_0004_0202" 8804
"/Engine/EngineMaterials/Substrate/Glints2/dict_0004_0201" 8805
"/Engine/EngineMaterials/Substrate/Glints2/dict_0004_0199" 8806
"/Engine/EngineMaterials/Substrate/Glints2/dict_0004_0204" 8807
"/Engine/EngineMaterials/Substrate/Glints2/dict_0004_0206" 8808
"../../../Engine/Content/EngineMaterials/Substrate/Glints2/dict_0004_0205.uasset" 8809
"../../../Engine/Content/EngineMaterials/Substrate/Glints2/dict_0004_0207.uasset" 8810
"../../../Engine/Content/EngineMaterials/Substrate/Glints2/dict_0004_0208.uasset" 8811
"../../../Engine/Content/EngineMaterials/Substrate/Glints2/dict_0004_0210.uasset" 8812
"../../../Engine/Content/EngineMaterials/Substrate/Glints2/dict_0004_0211.uasset" 8813
"../../../Engine/Content/EngineMaterials/Substrate/Glints2/dict_0004_0212.uasset" 8814
"/Engine/EngineMaterials/Substrate/Glints2/dict_0004_0208" 8815
"/Engine/EngineMaterials/Substrate/Glints2/dict_0004_0212" 8816
"/Engine/EngineMaterials/Substrate/Glints2/dict_0004_0211" 8817
"/Engine/EngineMaterials/Substrate/Glints2/dict_0004_0207" 8818
"/Engine/EngineMaterials/Substrate/Glints2/dict_0004_0210" 8819
"/Engine/EngineMaterials/Substrate/Glints2/dict_0004_0205" 8820
"../../../Engine/Content/EngineMaterials/Substrate/Glints2/dict_0004_0209.uasset" 8821
"../../../Engine/Content/EngineMaterials/Substrate/Glints2/dict_0004_0214.uasset" 8822
"../../../Engine/Content/EngineMaterials/Substrate/Glints2/dict_0004_0215.uasset" 8823
"../../../Engine/Content/EngineMaterials/Substrate/Glints2/dict_0004_0213.uasset" 8824
"../../../Engine/Content/EngineMaterials/Substrate/Glints2/dict_0004_0216.uasset" 8825
"/Engine/EngineMaterials/Substrate/Glints2/dict_0004_0216" 8826
"/Engine/EngineMaterials/Substrate/Glints2/dict_0004_0215" 8827
"/Engine/EngineMaterials/Substrate/Glints2/dict_0004_0209" 8828
"/Engine/EngineMaterials/Substrate/Glints2/dict_0004_0214" 8829
"/Engine/EngineMaterials/Substrate/Glints2/dict_0004_0213" 8830
"../../../Engine/Content/EngineMaterials/Substrate/Glints2/dict_0004_0219.uasset" 8831
"../../../Engine/Content/EngineMaterials/Substrate/Glints2/dict_0004_0218.uasset" 8832
"../../../Engine/Content/EngineMaterials/Substrate/Glints2/dict_0004_0217.uasset" 8833
"../../../Engine/Content/EngineMaterials/Substrate/Glints2/dict_0004_0221.uasset" 8834
"../../../Engine/Content/EngineMaterials/Substrate/Glints2/dict_0004_0220.uasset" 8835
"../../../Engine/Content/EngineMaterials/Substrate/Glints2/dict_0004_0222.uasset" 8836
"/Engine/EngineMaterials/Substrate/Glints2/dict_0004_0222" 8837
"../../../Engine/Content/EngineMaterials/Substrate/Glints2/dict_0004_0224.uasset" 8838
"/Engine/EngineMaterials/Substrate/Glints2/dict_0004_0221" 8839
"/Engine/EngineMaterials/Substrate/Glints2/dict_0004_0220" 8840
"/Engine/EngineMaterials/Substrate/Glints2/dict_0004_0218" 8841
"/Engine/EngineMaterials/Substrate/Glints2/dict_0004_0217" 8842
"../../../Engine/Content/EngineMaterials/Substrate/Glints2/dict_0004_0225.uasset" 8843
"/Engine/EngineMaterials/Substrate/Glints2/dict_0004_0219" 8844
"/Engine/EngineMaterials/Substrate/Glints2/dict_0004_0224" 8845
"/Engine/EngineMaterials/Substrate/Glints2/dict_0004_0225" 8846
"../../../Engine/Content/EngineMaterials/Substrate/Glints2/dict_0004_0223.uasset" 8847
"../../../Engine/Content/EngineMaterials/Substrate/Glints2/dict_0004_0226.uasset" 8848
"../../../Engine/Content/EngineMaterials/Substrate/Glints2/dict_0004_0227.uasset" 8849
"../../../Engine/Content/EngineMaterials/Substrate/Glints2/dict_0004_0229.uasset" 8850
"../../../Engine/Content/EngineMaterials/Substrate/Glints2/dict_0004_0228.uasset" 8851
"/Engine/EngineMaterials/Substrate/Glints2/dict_0004_0229" 8852
"../../../Engine/Content/EngineMaterials/Substrate/Glints2/dict_0004_0230.uasset" 8853
"../../../Engine/Content/EngineMaterials/Substrate/Glints2/dict_0004_0232.uasset" 8854
"/Engine/EngineMaterials/Substrate/Glints2/dict_0004_0228" 8855
"/Engine/EngineMaterials/Substrate/Glints2/dict_0004_0227" 8856
"/Engine/EngineMaterials/Substrate/Glints2/dict_0004_0223" 8857
"/Engine/EngineMaterials/Substrate/Glints2/dict_0004_0226" 8858
"/Engine/EngineMaterials/Substrate/Glints2/dict_0004_0232" 8859
"/Engine/EngineMaterials/Substrate/Glints2/dict_0004_0230" 8860
"../../../Engine/Content/EngineMaterials/Substrate/Glints2/dict_0004_0231.uasset" 8861
"../../../Engine/Content/EngineMaterials/Substrate/Glints2/dict_0004_0233.uasset" 8862
"../../../Engine/Content/EngineMaterials/Substrate/Glints2/dict_0004_0234.uasset" 8863
"../../../Engine/Content/EngineMaterials/Substrate/Glints2/dict_0004_0236.uasset" 8864
"../../../Engine/Content/EngineMaterials/Substrate/Glints2/dict_0004_0235.uasset" 8865
"../../../Engine/Content/EngineMaterials/Substrate/Glints2/dict_0004_0238.uasset" 8866
"/Engine/EngineMaterials/Substrate/Glints2/dict_0004_0235" 8867
"/Engine/EngineMaterials/Substrate/Glints2/dict_0004_0234" 8868
"/Engine/EngineMaterials/Substrate/Glints2/dict_0004_0233" 8869
"/Engine/EngineMaterials/Substrate/Glints2/dict_0004_0231" 8870
"/Engine/EngineMaterials/Substrate/Glints2/dict_0004_0236" 8871
"/Engine/EngineMaterials/Substrate/Glints2/dict_0004_0238" 8872
"../../../Engine/Content/EngineMaterials/Substrate/Glints2/dict_0004_0240.uasset" 8873
"../../../Engine/Content/EngineMaterials/Substrate/Glints2/dict_0004_0237.uasset" 8874
"../../../Engine/Content/EngineMaterials/Substrate/Glints2/dict_0004_0239.uasset" 8875
"../../../Engine/Content/EngineMaterials/Substrate/Glints2/dict_0004_0242.uasset" 8876
"../../../Engine/Content/EngineMaterials/Substrate/Glints2/dict_0004_0243.uasset" 8877
"../../../Engine/Content/EngineMaterials/Substrate/Glints2/dict_0004_0241.uasset" 8878
"/Engine/EngineMaterials/Substrate/Glints2/dict_0004_0243" 8879
"../../../Engine/Content/EngineMaterials/Substrate/Glints2/dict_0004_0244.uasset" 8880
"/Engine/EngineMaterials/Substrate/Glints2/dict_0004_0237" 8881
"/Engine/EngineMaterials/Substrate/Glints2/dict_0004_0242" 8882
"/Engine/EngineMaterials/Substrate/Glints2/dict_0004_0241" 8883
"/Engine/EngineMaterials/Substrate/Glints2/dict_0004_0240" 8884
"/Engine/EngineMaterials/Substrate/Glints2/dict_0004_0239" 8885
"/Engine/EngineMaterials/Substrate/Glints2/dict_0004_0244" 8886
"../../../Engine/Content/EngineMaterials/Substrate/Glints2/dict_0004_0245.uasset" 8887
"../../../Engine/Content/EngineMaterials/Substrate/Glints2/dict_0004_0247.uasset" 8888
"../../../Engine/Content/EngineMaterials/Substrate/Glints2/dict_0004_0246.uasset" 8889
"/Engine/EngineMaterials/Substrate/Glints2/dict_0004_0247" 8890
"/Engine/EngineMaterials/Substrate/Glints2/dict_0004_0246" 8891
"/Engine/EngineMaterials/Substrate/Glints2/dict_0004_0245" 8892
"../../../Engine/Content/EngineMaterials/Substrate/Glints2/dict_0004_0251.uasset" 8893
"../../../Engine/Content/EngineMaterials/Substrate/Glints2/dict_0004_0250.uasset" 8894
"../../../Engine/Content/EngineMaterials/Substrate/Glints2/dict_0004_0249.uasset" 8895
"../../../Engine/Content/EngineMaterials/Substrate/Glints2/dict_0004_0252.uasset" 8896
"../../../Engine/Content/EngineMaterials/Substrate/Glints2/dict_0004_0248.uasset" 8897
"../../../Engine/Content/EngineMaterials/Substrate/Glints2/dict_0005_0000.uasset" 8898
"/Engine/EngineMaterials/Substrate/Glints2/dict_0004_0248" 8899
"../../../Engine/Content/EngineMaterials/Substrate/Glints2/dict_0004_0253.uasset" 8900
"/Engine/EngineMaterials/Substrate/Glints2/dict_0004_0252" 8901
"/Engine/EngineMaterials/Substrate/Glints2/dict_0004_0251" 8902
"/Engine/EngineMaterials/Substrate/Glints2/dict_0004_0250" 8903
"/Engine/EngineMaterials/Substrate/Glints2/dict_0004_0249" 8904
"/Engine/EngineMaterials/Substrate/Glints2/dict_0005_0000" 8905
"/Engine/EngineMaterials/Substrate/Glints2/dict_0004_0253" 8906
"../../../Engine/Content/EngineMaterials/Substrate/Glints2/dict_0005_0001.uasset" 8907
"../../../Engine/Content/EngineMaterials/Substrate/Glints2/dict_0005_0002.uasset" 8908
"../../../Engine/Content/EngineMaterials/Substrate/Glints2/dict_0005_0003.uasset" 8909
"../../../Engine/Content/EngineMaterials/Substrate/Glints2/dict_0004_0255.uasset" 8910
"../../../Engine/Content/EngineMaterials/Substrate/Glints2/dict_0004_0254.uasset" 8911
"/Engine/EngineMaterials/Substrate/Glints2/dict_0005_0003" 8912
"/Engine/EngineMaterials/Substrate/Glints2/dict_0004_0254" 8913
"/Engine/EngineMaterials/Substrate/Glints2/dict_0005_0002" 8914
"/Engine/EngineMaterials/Substrate/Glints2/dict_0005_0001" 8915
"/Engine/EngineMaterials/Substrate/Glints2/dict_0004_0255" 8916
"../../../Engine/Content/EngineMaterials/Substrate/Glints2/dict_0005_0005.uasset" 8917
"../../../Engine/Content/EngineMaterials/Substrate/Glints2/dict_0005_0006.uasset" 8918
"../../../Engine/Content/EngineMaterials/Substrate/Glints2/dict_0005_0008.uasset" 8919
"../../../Engine/Content/EngineMaterials/Substrate/Glints2/dict_0005_0004.uasset" 8920
"../../../Engine/Content/EngineMaterials/Substrate/Glints2/dict_0005_0007.uasset" 8921
"/Engine/EngineMaterials/Substrate/Glints2/dict_0005_0005" 8922
"../../../Engine/Content/EngineMaterials/Substrate/Glints2/dict_0005_0009.uasset" 8923
"/Engine/EngineMaterials/Substrate/Glints2/dict_0005_0004" 8924
"/Engine/EngineMaterials/Substrate/Glints2/dict_0005_0007" 8925
"/Engine/EngineMaterials/Substrate/Glints2/dict_0005_0006" 8926
"/Engine/EngineMaterials/Substrate/Glints2/dict_0005_0008" 8927
"/Engine/EngineMaterials/Substrate/Glints2/dict_0005_0009" 8928
"../../../Engine/Content/EngineMaterials/Substrate/Glints2/dict_0005_0010.uasset" 8929
"../../../Engine/Content/EngineMaterials/Substrate/Glints2/dict_0005_0014.uasset" 8930
"../../../Engine/Content/EngineMaterials/Substrate/Glints2/dict_0005_0011.uasset" 8931
"../../../Engine/Content/EngineMaterials/Substrate/Glints2/dict_0005_0015.uasset" 8932
"../../../Engine/Content/EngineMaterials/Substrate/Glints2/dict_0005_0012.uasset" 8933
"/Engine/EngineMaterials/Substrate/Glints2/dict_0005_0012" 8934
"/Engine/EngineMaterials/Substrate/Glints2/dict_0005_0011" 8935
"/Engine/EngineMaterials/Substrate/Glints2/dict_0005_0015" 8936
"/Engine/EngineMaterials/Substrate/Glints2/dict_0005_0010" 8937
"/Engine/EngineMaterials/Substrate/Glints2/dict_0005_0014" 8938
"../../../Engine/Content/EngineMaterials/Substrate/Glints2/dict_0005_0016.uasset" 8939
"../../../Engine/Content/EngineMaterials/Substrate/Glints2/dict_0005_0013.uasset" 8940
"../../../Engine/Content/EngineMaterials/Substrate/Glints2/dict_0005_0018.uasset" 8941
"../../../Engine/Content/EngineMaterials/Substrate/Glints2/dict_0005_0019.uasset" 8942
"../../../Engine/Content/EngineMaterials/Substrate/Glints2/dict_0005_0020.uasset" 8943
"/Engine/EngineMaterials/Substrate/Glints2/dict_0005_0013" 8944
"/Engine/EngineMaterials/Substrate/Glints2/dict_0005_0019" 8945
"../../../Engine/Content/EngineMaterials/Substrate/Glints2/dict_0005_0021.uasset" 8946
"../../../Engine/Content/EngineMaterials/Substrate/Glints2/dict_0005_0023.uasset" 8947
"../../../Engine/Content/EngineMaterials/Substrate/Glints2/dict_0005_0022.uasset" 8948
"/Engine/EngineMaterials/Substrate/Glints2/dict_0005_0018" 8949
"/Engine/EngineMaterials/Substrate/Glints2/dict_0005_0020" 8950
"/Engine/EngineMaterials/Substrate/Glints2/dict_0005_0016" 8951
"../../../Engine/Content/EngineMaterials/Substrate/Glints2/dict_0005_0017.uasset" 8952
"/Engine/EngineMaterials/Substrate/Glints2/dict_0005_0023" 8953
"/Engine/EngineMaterials/Substrate/Glints2/dict_0005_0022" 8954
"/Engine/EngineMaterials/Substrate/Glints2/dict_0005_0021" 8955
"/Engine/EngineMaterials/Substrate/Glints2/dict_0005_0017" 8956
"../../../Engine/Content/EngineMaterials/Substrate/Glints2/dict_0005_0024.uasset" 8957
"../../../Engine/Content/EngineMaterials/Substrate/Glints2/dict_0005_0026.uasset" 8958
"../../../Engine/Content/EngineMaterials/Substrate/Glints2/dict_0005_0028.uasset" 8959
"../../../Engine/Content/EngineMaterials/Substrate/Glints2/dict_0005_0027.uasset" 8960
"/Engine/EngineMaterials/Substrate/Glints2/dict_0005_0028" 8961
"/Engine/EngineMaterials/Substrate/Glints2/dict_0005_0027" 8962
"/Engine/EngineMaterials/Substrate/Glints2/dict_0005_0026" 8963
"/Engine/EngineMaterials/Substrate/Glints2/dict_0005_0024" 8964
"../../../Engine/Content/EngineMaterials/Substrate/Glints2/dict_0005_0031.uasset" 8965
"../../../Engine/Content/EngineMaterials/Substrate/Glints2/dict_0005_0029.uasset" 8966
"../../../Engine/Content/EngineMaterials/Substrate/Glints2/dict_0005_0025.uasset" 8967
"../../../Engine/Content/EngineMaterials/Substrate/Glints2/dict_0005_0030.uasset" 8968
"../../../Engine/Content/EngineMaterials/Substrate/Glints2/dict_0005_0034.uasset" 8969
"/Engine/EngineMaterials/Substrate/Glints2/dict_0005_0030" 8970
"/Engine/EngineMaterials/Substrate/Glints2/dict_0005_0029" 8971
"/Engine/EngineMaterials/Substrate/Glints2/dict_0005_0025" 8972
"/Engine/EngineMaterials/Substrate/Glints2/dict_0005_0031" 8973
"/Engine/EngineMaterials/Substrate/Glints2/dict_0005_0034" 8974
"../../../Engine/Content/EngineMaterials/Substrate/Glints2/dict_0005_0033.uasset" 8975
"../../../Engine/Content/EngineMaterials/Substrate/Glints2/dict_0005_0032.uasset" 8976
"../../../Engine/Content/EngineMaterials/Substrate/Glints2/dict_0005_0035.uasset" 8977
"../../../Engine/Content/EngineMaterials/Substrate/Glints2/dict_0005_0037.uasset" 8978
"../../../Engine/Content/EngineMaterials/Substrate/Glints2/dict_0005_0036.uasset" 8979
"../../../Engine/Content/EngineMaterials/Substrate/Glints2/dict_0005_0038.uasset" 8980
"/Engine/EngineMaterials/Substrate/Glints2/dict_0005_0035" 8981
"/Engine/EngineMaterials/Substrate/Glints2/dict_0005_0033" 8982
"/Engine/EngineMaterials/Substrate/Glints2/dict_0005_0037" 8983
"/Engine/EngineMaterials/Substrate/Glints2/dict_0005_0032" 8984
"/Engine/EngineMaterials/Substrate/Glints2/dict_0005_0036" 8985
"/Engine/EngineMaterials/Substrate/Glints2/dict_0005_0038" 8986
"../../../Engine/Content/EngineMaterials/Substrate/Glints2/dict_0005_0039.uasset" 8987
"../../../Engine/Content/EngineMaterials/Substrate/Glints2/dict_0005_0042.uasset" 8988
"../../../Engine/Content/EngineMaterials/Substrate/Glints2/dict_0005_0041.uasset" 8989
"../../../Engine/Content/EngineMaterials/Substrate/Glints2/dict_0005_0043.uasset" 8990
"../../../Engine/Content/EngineMaterials/Substrate/Glints2/dict_0005_0040.uasset" 8991
"/Engine/EngineMaterials/Substrate/Glints2/dict_0005_0040" 8992
"../../../Engine/Content/EngineMaterials/Substrate/Glints2/dict_0005_0046.uasset" 8993
"/Engine/EngineMaterials/Substrate/Glints2/dict_0005_0039" 8994
"/Engine/EngineMaterials/Substrate/Glints2/dict_0005_0043" 8995
"/Engine/EngineMaterials/Substrate/Glints2/dict_0005_0041" 8996
"/Engine/EngineMaterials/Substrate/Glints2/dict_0005_0042" 8997
"/Engine/EngineMaterials/Substrate/Glints2/dict_0005_0046" 8998
"../../../Engine/Content/EngineMaterials/Substrate/Glints2/dict_0005_0047.uasset" 8999
"../../../Engine/Content/EngineMaterials/Substrate/Glints2/dict_0005_0045.uasset" 9000
"/Engine/EngineMaterials/Substrate/Glints2/dict_0005_0045" 9001
"/Engine/EngineMaterials/Substrate/Glints2/dict_0005_0047" 9002
"../../../Engine/Content/EngineMaterials/Substrate/Glints2/dict_0005_0044.uasset" 9003
"../../../Engine/Content/EngineMaterials/Substrate/Glints2/dict_0005_0049.uasset" 9004
"../../../Engine/Content/EngineMaterials/Substrate/Glints2/dict_0005_0048.uasset" 9005
"../../../Engine/Content/EngineMaterials/Substrate/Glints2/dict_0005_0050.uasset" 9006
"/Engine/EngineMaterials/Substrate/Glints2/dict_0005_0050" 9007
"../../../Engine/Content/EngineMaterials/Substrate/Glints2/dict_0005_0051.uasset" 9008
"/Engine/EngineMaterials/Substrate/Glints2/dict_0005_0049" 9009
"../../../Engine/Content/EngineMaterials/Substrate/Glints2/dict_0005_0052.uasset" 9010
"/Engine/EngineMaterials/Substrate/Glints2/dict_0005_0048" 9011
"/Engine/EngineMaterials/Substrate/Glints2/dict_0005_0044" 9012
"/Engine/EngineMaterials/Substrate/Glints2/dict_0005_0051" 9013
"/Engine/EngineMaterials/Substrate/Glints2/dict_0005_0052" 9014
"../../../Engine/Content/EngineMaterials/Substrate/Glints2/dict_0005_0054.uasset" 9015
"../../../Engine/Content/EngineMaterials/Substrate/Glints2/dict_0005_0057.uasset" 9016
"../../../Engine/Content/EngineMaterials/Substrate/Glints2/dict_0005_0056.uasset" 9017
"../../../Engine/Content/EngineMaterials/Substrate/Glints2/dict_0005_0055.uasset" 9018
"../../../Engine/Content/EngineMaterials/Substrate/Glints2/dict_0005_0058.uasset" 9019
"/Engine/EngineMaterials/Substrate/Glints2/dict_0005_0055" 9020
"/Engine/EngineMaterials/Substrate/Glints2/dict_0005_0054" 9021
"/Engine/EngineMaterials/Substrate/Glints2/dict_0005_0058" 9022
"/Engine/EngineMaterials/Substrate/Glints2/dict_0005_0057" 9023
"/Engine/EngineMaterials/Substrate/Glints2/dict_0005_0056" 9024
"../../../Engine/Content/EngineMaterials/Substrate/Glints2/dict_0005_0059.uasset" 9025
"../../../Engine/Content/EngineMaterials/Substrate/Glints2/dict_0005_0060.uasset" 9026
"../../../Engine/Content/EngineMaterials/Substrate/Glints2/dict_0005_0062.uasset" 9027
"../../../Engine/Content/EngineMaterials/Substrate/Glints2/dict_0005_0063.uasset" 9028
"../../../Engine/Content/EngineMaterials/Substrate/Glints2/dict_0005_0064.uasset" 9029
"/Engine/EngineMaterials/Substrate/Glints2/dict_0005_0059" 9030
"../../../Engine/Content/EngineMaterials/Substrate/Glints2/dict_0005_0053.uasset" 9031
"/Engine/EngineMaterials/Substrate/Glints2/dict_0005_0064" 9032
"/Engine/EngineMaterials/Substrate/Glints2/dict_0005_0063" 9033
"/Engine/EngineMaterials/Substrate/Glints2/dict_0005_0062" 9034
"/Engine/EngineMaterials/Substrate/Glints2/dict_0005_0060" 9035
"/Engine/EngineMaterials/Substrate/Glints2/dict_0005_0053" 9036
"../../../Engine/Content/EngineMaterials/Substrate/Glints2/dict_0005_0065.uasset" 9037
"../../../Engine/Content/EngineMaterials/Substrate/Glints2/dict_0005_0066.uasset" 9038
"../../../Engine/Content/EngineMaterials/Substrate/Glints2/dict_0005_0061.uasset" 9039
"../../../Engine/Content/EngineMaterials/Substrate/Glints2/dict_0005_0067.uasset" 9040
"../../../Engine/Content/EngineMaterials/Substrate/Glints2/dict_0005_0069.uasset" 9041
"/Engine/EngineMaterials/Substrate/Glints2/dict_0005_0069" 9042
"/Engine/EngineMaterials/Substrate/Glints2/dict_0005_0067" 9043
"/Engine/EngineMaterials/Substrate/Glints2/dict_0005_0061" 9044
"/Engine/EngineMaterials/Substrate/Glints2/dict_0005_0066" 9045
"../../../Engine/Content/EngineMaterials/Substrate/Glints2/dict_0005_0071.uasset" 9046
"../../../Engine/Content/EngineMaterials/Substrate/Glints2/dict_0005_0070.uasset" 9047
"/Engine/EngineMaterials/Substrate/Glints2/dict_0005_0065" 9048
"../../../Engine/Content/EngineMaterials/Substrate/Glints2/dict_0005_0072.uasset" 9049
"/Engine/EngineMaterials/Substrate/Glints2/dict_0005_0070" 9050
"/Engine/EngineMaterials/Substrate/Glints2/dict_0005_0072" 9051
"/Engine/EngineMaterials/Substrate/Glints2/dict_0005_0071" 9052
"../../../Engine/Content/EngineMaterials/Substrate/Glints2/dict_0005_0073.uasset" 9053
"../../../Engine/Content/EngineMaterials/Substrate/Glints2/dict_0005_0074.uasset" 9054
"../../../Engine/Content/EngineMaterials/Substrate/Glints2/dict_0005_0075.uasset" 9055
"../../../Engine/Content/EngineMaterials/Substrate/Glints2/dict_0005_0076.uasset" 9056
"../../../Engine/Content/EngineMaterials/Substrate/Glints2/dict_0005_0077.uasset" 9057
"/Engine/EngineMaterials/Substrate/Glints2/dict_0005_0075" 9058
"/Engine/EngineMaterials/Substrate/Glints2/dict_0005_0074" 9059
"/Engine/EngineMaterials/Substrate/Glints2/dict_0005_0076" 9060
"/Engine/EngineMaterials/Substrate/Glints2/dict_0005_0077" 9061
"/Engine/EngineMaterials/Substrate/Glints2/dict_0005_0073" 9062
"../../../Engine/Content/EngineMaterials/Substrate/Glints2/dict_0005_0078.uasset" 9063
"../../../Engine/Content/EngineMaterials/Substrate/Glints2/dict_0005_0079.uasset" 9064
"../../../Engine/Content/EngineMaterials/Substrate/Glints2/dict_0005_0068.uasset" 9065
"../../../Engine/Content/EngineMaterials/Substrate/Glints2/dict_0005_0080.uasset" 9066
"../../../Engine/Content/EngineMaterials/Substrate/Glints2/dict_0005_0081.uasset" 9067
"../../../Engine/Content/EngineMaterials/Substrate/Glints2/dict_0005_0083.uasset" 9068
"../../../Engine/Content/EngineMaterials/Substrate/Glints2/dict_0005_0082.uasset" 9069
"/Engine/EngineMaterials/Substrate/Glints2/dict_0005_0082" 9070
"/Engine/EngineMaterials/Substrate/Glints2/dict_0005_0081" 9071
"/Engine/EngineMaterials/Substrate/Glints2/dict_0005_0078" 9072
"/Engine/EngineMaterials/Substrate/Glints2/dict_0005_0080" 9073
"/Engine/EngineMaterials/Substrate/Glints2/dict_0005_0068" 9074
"/Engine/EngineMaterials/Substrate/Glints2/dict_0005_0083" 9075
"../../../Engine/Content/EngineMaterials/Substrate/Glints2/dict_0005_0084.uasset" 9076
"/Engine/EngineMaterials/Substrate/Glints2/dict_0005_0079" 9077
"/Engine/EngineMaterials/Substrate/Glints2/dict_0005_0084" 9078
"../../../Engine/Content/EngineMaterials/Substrate/Glints2/dict_0005_0086.uasset" 9079
"../../../Engine/Content/EngineMaterials/Substrate/Glints2/dict_0005_0085.uasset" 9080
"../../../Engine/Content/EngineMaterials/Substrate/Glints2/dict_0005_0088.uasset" 9081
"../../../Engine/Content/EngineMaterials/Substrate/Glints2/dict_0005_0087.uasset" 9082
"../../../Engine/Content/EngineMaterials/Substrate/Glints2/dict_0005_0089.uasset" 9083
"/Engine/EngineMaterials/Substrate/Glints2/dict_0005_0089" 9084
"/Engine/EngineMaterials/Substrate/Glints2/dict_0005_0088" 9085
"/Engine/EngineMaterials/Substrate/Glints2/dict_0005_0087" 9086
"/Engine/EngineMaterials/Substrate/Glints2/dict_0005_0086" 9087
"/Engine/EngineMaterials/Substrate/Glints2/dict_0005_0085" 9088
"../../../Engine/Content/EngineMaterials/Substrate/Glints2/dict_0005_0092.uasset" 9089
"../../../Engine/Content/EngineMaterials/Substrate/Glints2/dict_0005_0090.uasset" 9090
"../../../Engine/Content/EngineMaterials/Substrate/Glints2/dict_0005_0094.uasset" 9091
"../../../Engine/Content/EngineMaterials/Substrate/Glints2/dict_0005_0093.uasset" 9092
"../../../Engine/Content/EngineMaterials/Substrate/Glints2/dict_0005_0091.uasset" 9093
"../../../Engine/Content/EngineMaterials/Substrate/Glints2/dict_0005_0099.uasset" 9094
"../../../Engine/Content/EngineMaterials/Substrate/Glints2/dict_0005_0097.uasset" 9095
"../../../Engine/Content/EngineMaterials/Substrate/Glints2/dict_0005_0096.uasset" 9096
"../../../Engine/Content/EngineMaterials/Substrate/Glints2/dict_0005_0095.uasset" 9097
"/Engine/EngineMaterials/Substrate/Glints2/dict_0005_0094" 9098
"/Engine/EngineMaterials/Substrate/Glints2/dict_0005_0093" 9099
"/Engine/EngineMaterials/Substrate/Glints2/dict_0005_0095" 9100
"/Engine/EngineMaterials/Substrate/Glints2/dict_0005_0092" 9101
"/Engine/EngineMaterials/Substrate/Glints2/dict_0005_0091" 9102
"/Engine/EngineMaterials/Substrate/Glints2/dict_0005_0099" 9103
"/Engine/EngineMaterials/Substrate/Glints2/dict_0005_0097" 9104
"/Engine/EngineMaterials/Substrate/Glints2/dict_0005_0090" 9105
"/Engine/EngineMaterials/Substrate/Glints2/dict_0005_0096" 9106
"../../../Engine/Content/EngineMaterials/Substrate/Glints2/dict_0005_0098.uasset" 9107
"../../../Engine/Content/EngineMaterials/Substrate/Glints2/dict_0005_0100.uasset" 9108
"../../../Engine/Content/EngineMaterials/Substrate/Glints2/dict_0005_0103.uasset" 9109
"../../../Engine/Content/EngineMaterials/Substrate/Glints2/dict_0005_0102.uasset" 9110
"../../../Engine/Content/EngineMaterials/Substrate/Glints2/dict_0005_0101.uasset" 9111
"../../../Engine/Content/EngineMaterials/Substrate/Glints2/dict_0005_0104.uasset" 9112
"../../../Engine/Content/EngineMaterials/Substrate/Glints2/dict_0005_0107.uasset" 9113
"../../../Engine/Content/EngineMaterials/Substrate/Glints2/dict_0005_0106.uasset" 9114
"/Engine/EngineMaterials/Substrate/Glints2/dict_0005_0100" 9115
"/Engine/EngineMaterials/Substrate/Glints2/dict_0005_0103" 9116
"../../../Engine/Content/EngineMaterials/Substrate/Glints2/dict_0005_0105.uasset" 9117
"/Engine/EngineMaterials/Substrate/Glints2/dict_0005_0104" 9118
"/Engine/EngineMaterials/Substrate/Glints2/dict_0005_0098" 9119
"/Engine/EngineMaterials/Substrate/Glints2/dict_0005_0102" 9120
"/Engine/EngineMaterials/Substrate/Glints2/dict_0005_0101" 9121
"/Engine/EngineMaterials/Substrate/Glints2/dict_0005_0107" 9122
"/Engine/EngineMaterials/Substrate/Glints2/dict_0005_0106" 9123
"/Engine/EngineMaterials/Substrate/Glints2/dict_0005_0105" 9124
"../../../Engine/Content/EngineMaterials/Substrate/Glints2/dict_0005_0108.uasset" 9125
"../../../Engine/Content/EngineMaterials/Substrate/Glints2/dict_0005_0112.uasset" 9126
"../../../Engine/Content/EngineMaterials/Substrate/Glints2/dict_0005_0109.uasset" 9127
"../../../Engine/Content/EngineMaterials/Substrate/Glints2/dict_0005_0110.uasset" 9128
"../../../Engine/Content/EngineMaterials/Substrate/Glints2/dict_0005_0111.uasset" 9129
"/Engine/EngineMaterials/Substrate/Glints2/dict_0005_0108" 9130
"/Engine/EngineMaterials/Substrate/Glints2/dict_0005_0112" 9131
"/Engine/EngineMaterials/Substrate/Glints2/dict_0005_0111" 9132
"/Engine/EngineMaterials/Substrate/Glints2/dict_0005_0110" 9133
"/Engine/EngineMaterials/Substrate/Glints2/dict_0005_0109" 9134
"../../../Engine/Content/EngineMaterials/Substrate/Glints2/dict_0005_0116.uasset" 9135
"../../../Engine/Content/EngineMaterials/Substrate/Glints2/dict_0005_0114.uasset" 9136
"/Engine/EngineMaterials/Substrate/Glints2/dict_0005_0116" 9137
"/Engine/EngineMaterials/Substrate/Glints2/dict_0005_0114" 9138
"../../../Engine/Content/EngineMaterials/Substrate/Glints2/dict_0005_0115.uasset" 9139
"../../../Engine/Content/EngineMaterials/Substrate/Glints2/dict_0005_0117.uasset" 9140
"../../../Engine/Content/EngineMaterials/Substrate/Glints2/dict_0005_0118.uasset" 9141
"../../../Engine/Content/EngineMaterials/Substrate/Glints2/dict_0005_0119.uasset" 9142
"../../../Engine/Content/EngineMaterials/Substrate/Glints2/dict_0005_0113.uasset" 9143
"../../../Engine/Content/EngineMaterials/Substrate/Glints2/dict_0005_0120.uasset" 9144
"/Engine/EngineMaterials/Substrate/Glints2/dict_0005_0120" 9145
"/Engine/EngineMaterials/Substrate/Glints2/dict_0005_0115" 9146
"/Engine/EngineMaterials/Substrate/Glints2/dict_0005_0113" 9147
"/Engine/EngineMaterials/Substrate/Glints2/dict_0005_0119" 9148
"/Engine/EngineMaterials/Substrate/Glints2/dict_0005_0118" 9149
"/Engine/EngineMaterials/Substrate/Glints2/dict_0005_0117" 9150
"../../../Engine/Content/EngineMaterials/Substrate/Glints2/dict_0005_0123.uasset" 9151
"../../../Engine/Content/EngineMaterials/Substrate/Glints2/dict_0005_0122.uasset" 9152
"../../../Engine/Content/EngineMaterials/Substrate/Glints2/dict_0005_0121.uasset" 9153
"../../../Engine/Content/EngineMaterials/Substrate/Glints2/dict_0005_0124.uasset" 9154
"../../../Engine/Content/EngineMaterials/Substrate/Glints2/dict_0005_0125.uasset" 9155
"../../../Engine/Content/EngineMaterials/Substrate/Glints2/dict_0005_0128.uasset" 9156
"../../../Engine/Content/EngineMaterials/Substrate/Glints2/dict_0005_0126.uasset" 9157
"../../../Engine/Content/EngineMaterials/Substrate/Glints2/dict_0005_0127.uasset" 9158
"/Engine/EngineMaterials/Substrate/Glints2/dict_0005_0121" 9159
"/Engine/EngineMaterials/Substrate/Glints2/dict_0005_0128" 9160
"/Engine/EngineMaterials/Substrate/Glints2/dict_0005_0127" 9161
"/Engine/EngineMaterials/Substrate/Glints2/dict_0005_0126" 9162
"/Engine/EngineMaterials/Substrate/Glints2/dict_0005_0125" 9163
"/Engine/EngineMaterials/Substrate/Glints2/dict_0005_0124" 9164
"/Engine/EngineMaterials/Substrate/Glints2/dict_0005_0123" 9165
"../../../Engine/Content/EngineMaterials/Substrate/Glints2/dict_0005_0130.uasset" 9166
"/Engine/EngineMaterials/Substrate/Glints2/dict_0005_0122" 9167
"/Engine/EngineMaterials/Substrate/Glints2/dict_0005_0130" 9168
"../../../Engine/Content/EngineMaterials/Substrate/Glints2/dict_0005_0131.uasset" 9169
"../../../Engine/Content/EngineMaterials/Substrate/Glints2/dict_0005_0133.uasset" 9170
"../../../Engine/Content/EngineMaterials/Substrate/Glints2/dict_0005_0134.uasset" 9171
"/Engine/EngineMaterials/Substrate/Glints2/dict_0005_0134" 9172
"/Engine/EngineMaterials/Substrate/Glints2/dict_0005_0133" 9173
"../../../Engine/Content/EngineMaterials/Substrate/Glints2/dict_0005_0135.uasset" 9174
"../../../Engine/Content/EngineMaterials/Substrate/Glints2/dict_0005_0136.uasset" 9175
"../../../Engine/Content/EngineMaterials/Substrate/Glints2/dict_0005_0129.uasset" 9176
"/Engine/EngineMaterials/Substrate/Glints2/dict_0005_0131" 9177
"../../../Engine/Content/EngineMaterials/Substrate/Glints2/dict_0005_0132.uasset" 9178
"/Engine/EngineMaterials/Substrate/Glints2/dict_0005_0136" 9179
"/Engine/EngineMaterials/Substrate/Glints2/dict_0005_0129" 9180
"/Engine/EngineMaterials/Substrate/Glints2/dict_0005_0135" 9181
"/Engine/EngineMaterials/Substrate/Glints2/dict_0005_0132" 9182
"../../../Engine/Content/EngineMaterials/Substrate/Glints2/dict_0005_0137.uasset" 9183
"../../../Engine/Content/EngineMaterials/Substrate/Glints2/dict_0005_0139.uasset" 9184
"../../../Engine/Content/EngineMaterials/Substrate/Glints2/dict_0005_0138.uasset" 9185
"../../../Engine/Content/EngineMaterials/Substrate/Glints2/dict_0005_0142.uasset" 9186
"/Engine/EngineMaterials/Substrate/Glints2/dict_0005_0139" 9187
"/Engine/EngineMaterials/Substrate/Glints2/dict_0005_0138" 9188
"/Engine/EngineMaterials/Substrate/Glints2/dict_0005_0142" 9189
"/Engine/EngineMaterials/Substrate/Glints2/dict_0005_0137" 9190
"../../../Engine/Content/EngineMaterials/Substrate/Glints2/dict_0005_0144.uasset" 9191
"../../../Engine/Content/EngineMaterials/Substrate/Glints2/dict_0005_0143.uasset" 9192
"../../../Engine/Content/EngineMaterials/Substrate/Glints2/dict_0005_0145.uasset" 9193
"../../../Engine/Content/EngineMaterials/Substrate/Glints2/dict_0005_0146.uasset" 9194
"../../../Engine/Content/EngineMaterials/Substrate/Glints2/dict_0005_0147.uasset" 9195
"/Engine/EngineMaterials/Substrate/Glints2/dict_0005_0146" 9196
"/Engine/EngineMaterials/Substrate/Glints2/dict_0005_0144" 9197
"/Engine/EngineMaterials/Substrate/Glints2/dict_0005_0145" 9198
"/Engine/EngineMaterials/Substrate/Glints2/dict_0005_0143" 9199
"/Engine/EngineMaterials/Substrate/Glints2/dict_0005_0147" 9200
"../../../Engine/Content/EngineMaterials/Substrate/Glints2/dict_0005_0148.uasset" 9201
"../../../Engine/Content/EngineMaterials/Substrate/Glints2/dict_0005_0149.uasset" 9202
"../../../Engine/Content/EngineMaterials/Substrate/Glints2/dict_0005_0150.uasset" 9203
"/Engine/EngineMaterials/Substrate/Glints2/dict_0005_0150" 9204
"/Engine/EngineMaterials/Substrate/Glints2/dict_0005_0149" 9205
"/Engine/EngineMaterials/Substrate/Glints2/dict_0005_0148" 9206
"../../../Engine/Content/EngineMaterials/Substrate/Glints2/dict_0005_0151.uasset" 9207
"../../../Engine/Content/EngineMaterials/Substrate/Glints2/dict_0005_0153.uasset" 9208
"../../../Engine/Content/EngineMaterials/Substrate/Glints2/dict_0005_0154.uasset" 9209
"../../../Engine/Content/EngineMaterials/Substrate/Glints2/dict_0005_0152.uasset" 9210
"/Engine/EngineMaterials/Substrate/Glints2/dict_0005_0152" 9211
"/Engine/EngineMaterials/Substrate/Glints2/dict_0005_0151" 9212
"/Engine/EngineMaterials/Substrate/Glints2/dict_0005_0154" 9213
"/Engine/EngineMaterials/Substrate/Glints2/dict_0005_0153" 9214
"../../../Engine/Content/EngineMaterials/Substrate/Glints2/dict_0005_0155.uasset" 9215
"/Engine/EngineMaterials/Substrate/Glints2/dict_0005_0155" 9216
"../../../Engine/Content/EngineMaterials/Substrate/Glints2/dict_0005_0158.uasset" 9217
"/Engine/EngineMaterials/Substrate/Glints2/dict_0005_0158" 9218
"../../../Engine/Content/EngineMaterials/Substrate/Glints2/dict_0005_0157.uasset" 9219
"../../../Engine/Content/EngineMaterials/Substrate/Glints2/dict_0005_0156.uasset" 9220
"../../../Engine/Content/EngineMaterials/Substrate/Glints2/dict_0005_0159.uasset" 9221
"/Engine/EngineMaterials/Substrate/Glints2/dict_0005_0159" 9222
"../../../Engine/Content/EngineMaterials/Substrate/Glints2/dict_0005_0160.uasset" 9223
"/Engine/EngineMaterials/Substrate/Glints2/dict_0005_0157" 9224
"/Engine/EngineMaterials/Substrate/Glints2/dict_0005_0156" 9225
"/Engine/EngineMaterials/Substrate/Glints2/dict_0005_0160" 9226
"../../../Engine/Content/EngineMaterials/Substrate/Glints2/dict_0005_0161.uasset" 9227
"../../../Engine/Content/EngineMaterials/Substrate/Glints2/dict_0005_0162.uasset" 9228
"../../../Engine/Content/EngineMaterials/Substrate/Glints2/dict_0005_0140.uasset" 9229
"../../../Engine/Content/EngineMaterials/Substrate/Glints2/dict_0005_0163.uasset" 9230
"../../../Engine/Content/EngineMaterials/Substrate/Glints2/dict_0005_0164.uasset" 9231
"/Engine/EngineMaterials/Substrate/Glints2/dict_0005_0161" 9232
"/Engine/EngineMaterials/Substrate/Glints2/dict_0005_0164" 9233
"/Engine/EngineMaterials/Substrate/Glints2/dict_0005_0163" 9234
"/Engine/EngineMaterials/Substrate/Glints2/dict_0005_0162" 9235
"../../../Engine/Content/EngineMaterials/Substrate/Glints2/dict_0005_0165.uasset" 9236
"../../../Engine/Content/EngineMaterials/Substrate/Glints2/dict_0005_0167.uasset" 9237
"/Engine/EngineMaterials/Substrate/Glints2/dict_0005_0167" 9238
"/Engine/EngineMaterials/Substrate/Glints2/dict_0005_0165" 9239
"../../../Engine/Content/EngineMaterials/Substrate/Glints2/dict_0005_0166.uasset" 9240
"../../../Engine/Content/EngineMaterials/Substrate/Glints2/dict_0005_0169.uasset" 9241
"../../../Engine/Content/EngineMaterials/Substrate/Glints2/dict_0005_0168.uasset" 9242
"/Engine/EngineMaterials/Substrate/Glints2/dict_0005_0166" 9243
"/Engine/EngineMaterials/Substrate/Glints2/dict_0005_0169" 9244
"/Engine/EngineMaterials/Substrate/Glints2/dict_0005_0168" 9245
"../../../Engine/Content/EngineMaterials/Substrate/Glints2/dict_0005_0172.uasset" 9246
"../../../Engine/Content/EngineMaterials/Substrate/Glints2/dict_0005_0171.uasset" 9247
"../../../Engine/Content/EngineMaterials/Substrate/Glints2/dict_0005_0141.uasset" 9248
"../../../Engine/Content/EngineMaterials/Substrate/Glints2/dict_0005_0170.uasset" 9249
"/Engine/EngineMaterials/Substrate/Glints2/dict_0005_0172" 9250
"/Engine/EngineMaterials/Substrate/Glints2/dict_0005_0171" 9251
"/Engine/EngineMaterials/Substrate/Glints2/dict_0005_0170" 9252
"../../../Engine/Content/EngineMaterials/Substrate/Glints2/dict_0005_0173.uasset" 9253
"../../../Engine/Content/EngineMaterials/Substrate/Glints2/dict_0005_0176.uasset" 9254
"/Engine/EngineMaterials/Substrate/Glints2/dict_0005_0141" 9255
"/Engine/EngineMaterials/Substrate/Glints2/dict_0005_0140" 9256
"/Engine/EngineMaterials/Substrate/Glints2/dict_0005_0176" 9257
"/Engine/EngineMaterials/Substrate/Glints2/dict_0005_0173" 9258
"../../../Engine/Content/EngineMaterials/Substrate/Glints2/dict_0005_0175.uasset" 9259
"../../../Engine/Content/EngineMaterials/Substrate/Glints2/dict_0005_0177.uasset" 9260
"../../../Engine/Content/EngineMaterials/Substrate/Glints2/dict_0005_0178.uasset" 9261
"../../../Engine/Content/EngineMaterials/Substrate/Glints2/dict_0005_0180.uasset" 9262
"/Engine/EngineMaterials/Substrate/Glints2/dict_0005_0177" 9263
"/Engine/EngineMaterials/Substrate/Glints2/dict_0005_0175" 9264
"/Engine/EngineMaterials/Substrate/Glints2/dict_0005_0180" 9265
"/Engine/EngineMaterials/Substrate/Glints2/dict_0005_0178" 9266
"../../../Engine/Content/EngineMaterials/Substrate/Glints2/dict_0005_0179.uasset" 9267
"../../../Engine/Content/EngineMaterials/Substrate/Glints2/dict_0005_0181.uasset" 9268
"../../../Engine/Content/EngineMaterials/Substrate/Glints2/dict_0005_0182.uasset" 9269
"../../../Engine/Content/EngineMaterials/Substrate/Glints2/dict_0005_0183.uasset" 9270
"/Engine/EngineMaterials/Substrate/Glints2/dict_0005_0183" 9271
"/Engine/EngineMaterials/Substrate/Glints2/dict_0005_0179" 9272
"../../../Engine/Content/EngineMaterials/Substrate/Glints2/dict_0005_0184.uasset" 9273
"/Engine/EngineMaterials/Substrate/Glints2/dict_0005_0182" 9274
"/Engine/EngineMaterials/Substrate/Glints2/dict_0005_0181" 9275
"/Engine/EngineMaterials/Substrate/Glints2/dict_0005_0184" 9276
"../../../Engine/Content/EngineMaterials/Substrate/Glints2/dict_0005_0186.uasset" 9277
"../../../Engine/Content/EngineMaterials/Substrate/Glints2/dict_0005_0187.uasset" 9278
"../../../Engine/Content/EngineMaterials/Substrate/Glints2/dict_0005_0188.uasset" 9279
"../../../Engine/Content/EngineMaterials/Substrate/Glints2/dict_0005_0185.uasset" 9280
"../../../Engine/Content/EngineMaterials/Substrate/Glints2/dict_0005_0189.uasset" 9281
"/Engine/EngineMaterials/Substrate/Glints2/dict_0005_0189" 9282
"/Engine/EngineMaterials/Substrate/Glints2/dict_0005_0186" 9283
"/Engine/EngineMaterials/Substrate/Glints2/dict_0005_0188" 9284
"/Engine/EngineMaterials/Substrate/Glints2/dict_0005_0187" 9285
"/Engine/EngineMaterials/Substrate/Glints2/dict_0005_0185" 9286
"../../../Engine/Content/EngineMaterials/Substrate/Glints2/dict_0005_0192.uasset" 9287
"../../../Engine/Content/EngineMaterials/Substrate/Glints2/dict_0005_0191.uasset" 9288
"../../../Engine/Content/EngineMaterials/Substrate/Glints2/dict_0005_0190.uasset" 9289
"../../../Engine/Content/EngineMaterials/Substrate/Glints2/dict_0005_0193.uasset" 9290
"../../../Engine/Content/EngineMaterials/Substrate/Glints2/dict_0005_0195.uasset" 9291
"../../../Engine/Content/EngineMaterials/Substrate/Glints2/dict_0005_0196.uasset" 9292
"../../../Engine/Content/EngineMaterials/Substrate/Glints2/dict_0005_0194.uasset" 9293
"/Engine/EngineMaterials/Substrate/Glints2/dict_0005_0194" 9294
"/Engine/EngineMaterials/Substrate/Glints2/dict_0005_0190" 9295
"/Engine/EngineMaterials/Substrate/Glints2/dict_0005_0196" 9296
"/Engine/EngineMaterials/Substrate/Glints2/dict_0005_0195" 9297
"/Engine/EngineMaterials/Substrate/Glints2/dict_0005_0193" 9298
"/Engine/EngineMaterials/Substrate/Glints2/dict_0005_0192" 9299
"../../../Engine/Content/EngineMaterials/Substrate/Glints2/dict_0005_0197.uasset" 9300
"/Engine/EngineMaterials/Substrate/Glints2/dict_0005_0191" 9301
"/Engine/EngineMaterials/Substrate/Glints2/dict_0005_0197" 9302
"../../../Engine/Content/EngineMaterials/Substrate/Glints2/dict_0005_0198.uasset" 9303
"../../../Engine/Content/EngineMaterials/Substrate/Glints2/dict_0005_0200.uasset" 9304
"../../../Engine/Content/EngineMaterials/Substrate/Glints2/dict_0005_0199.uasset" 9305
"../../../Engine/Content/EngineMaterials/Substrate/Glints2/dict_0005_0201.uasset" 9306
"/Engine/EngineMaterials/Substrate/Glints2/dict_0005_0199" 9307
"/Engine/EngineMaterials/Substrate/Glints2/dict_0005_0201" 9308
"../../../Engine/Content/EngineMaterials/Substrate/Glints2/dict_0005_0203.uasset" 9309
"../../../Engine/Content/EngineMaterials/Substrate/Glints2/dict_0005_0202.uasset" 9310
"../../../Engine/Content/EngineMaterials/Substrate/Glints2/dict_0005_0204.uasset" 9311
"/Engine/EngineMaterials/Substrate/Glints2/dict_0005_0198" 9312
"/Engine/EngineMaterials/Substrate/Glints2/dict_0005_0200" 9313
"/Engine/EngineMaterials/Substrate/Glints2/dict_0005_0204" 9314
"/Engine/EngineMaterials/Substrate/Glints2/dict_0005_0203" 9315
"/Engine/EngineMaterials/Substrate/Glints2/dict_0005_0202" 9316
"../../../Engine/Content/EngineMaterials/Substrate/Glints2/dict_0005_0205.uasset" 9317
"../../../Engine/Content/EngineMaterials/Substrate/Glints2/dict_0005_0207.uasset" 9318
"../../../Engine/Content/EngineMaterials/Substrate/Glints2/dict_0005_0206.uasset" 9319
"../../../Engine/Content/EngineMaterials/Substrate/Glints2/dict_0005_0208.uasset" 9320
"../../../Engine/Content/EngineMaterials/Substrate/Glints2/dict_0005_0209.uasset" 9321
"/Engine/EngineMaterials/Substrate/Glints2/dict_0005_0206" 9322
"/Engine/EngineMaterials/Substrate/Glints2/dict_0005_0209" 9323
"/Engine/EngineMaterials/Substrate/Glints2/dict_0005_0208" 9324
"/Engine/EngineMaterials/Substrate/Glints2/dict_0005_0207" 9325
"/Engine/EngineMaterials/Substrate/Glints2/dict_0005_0205" 9326
"../../../Engine/Content/EngineMaterials/Substrate/Glints2/dict_0005_0210.uasset" 9327
"../../../Engine/Content/EngineMaterials/Substrate/Glints2/dict_0005_0212.uasset" 9328
"../../../Engine/Content/EngineMaterials/Substrate/Glints2/dict_0005_0211.uasset" 9329
"../../../Engine/Content/EngineMaterials/Substrate/Glints2/dict_0005_0213.uasset" 9330
"../../../Engine/Content/EngineMaterials/Substrate/Glints2/dict_0005_0214.uasset" 9331
"../../../Engine/Content/EngineMaterials/Substrate/Glints2/dict_0005_0216.uasset" 9332
"/Engine/EngineMaterials/Substrate/Glints2/dict_0005_0210" 9333
"/Engine/EngineMaterials/Substrate/Glints2/dict_0005_0214" 9334
"/Engine/EngineMaterials/Substrate/Glints2/dict_0005_0213" 9335
"/Engine/EngineMaterials/Substrate/Glints2/dict_0005_0216" 9336
"/Engine/EngineMaterials/Substrate/Glints2/dict_0005_0212" 9337
"/Engine/EngineMaterials/Substrate/Glints2/dict_0005_0211" 9338
"../../../Engine/Content/EngineMaterials/Substrate/Glints2/dict_0005_0217.uasset" 9339
"../../../Engine/Content/EngineMaterials/Substrate/Glints2/dict_0005_0215.uasset" 9340
"../../../Engine/Content/EngineMaterials/Substrate/Glints2/dict_0005_0219.uasset" 9341
"../../../Engine/Content/EngineMaterials/Substrate/Glints2/dict_0005_0218.uasset" 9342
"../../../Engine/Content/EngineMaterials/Substrate/Glints2/dict_0005_0220.uasset" 9343
"/Engine/EngineMaterials/Substrate/Glints2/dict_0005_0215" 9344
"/Engine/EngineMaterials/Substrate/Glints2/dict_0005_0220" 9345
"/Engine/EngineMaterials/Substrate/Glints2/dict_0005_0219" 9346
"../../../Engine/Content/EngineMaterials/Substrate/Glints2/dict_0005_0222.uasset" 9347
"/Engine/EngineMaterials/Substrate/Glints2/dict_0005_0218" 9348
"/Engine/EngineMaterials/Substrate/Glints2/dict_0005_0217" 9349
"/Engine/EngineMaterials/Substrate/Glints2/dict_0005_0222" 9350
"../../../Engine/Content/EngineMaterials/Substrate/Glints2/dict_0005_0224.uasset" 9351
"../../../Engine/Content/EngineMaterials/Substrate/Glints2/dict_0005_0221.uasset" 9352
"../../../Engine/Content/EngineMaterials/Substrate/Glints2/dict_0005_0223.uasset" 9353
"../../../Engine/Content/EngineMaterials/Substrate/Glints2/dict_0005_0225.uasset" 9354
"../../../Engine/Content/EngineMaterials/Substrate/Glints2/dict_0005_0174.uasset" 9355
"/Engine/EngineMaterials/Substrate/Glints2/dict_0005_0225" 9356
"/Engine/EngineMaterials/Substrate/Glints2/dict_0005_0174" 9357
"/Engine/EngineMaterials/Substrate/Glints2/dict_0005_0224" 9358
"/Engine/EngineMaterials/Substrate/Glints2/dict_0005_0223" 9359
"/Engine/EngineMaterials/Substrate/Glints2/dict_0005_0221" 9360
"../../../Engine/Content/EngineMaterials/Substrate/Glints2/dict_0005_0229.uasset" 9361
"../../../Engine/Content/EngineMaterials/Substrate/Glints2/dict_0005_0228.uasset" 9362
"../../../Engine/Content/EngineMaterials/Substrate/Glints2/dict_0005_0226.uasset" 9363
"../../../Engine/Content/EngineMaterials/Substrate/Glints2/dict_0005_0233.uasset" 9364
"../../../Engine/Content/EngineMaterials/Substrate/Glints2/dict_0005_0231.uasset" 9365
"../../../Engine/Content/EngineMaterials/Substrate/Glints2/dict_0005_0232.uasset" 9366
"../../../Engine/Content/EngineMaterials/Substrate/Glints2/dict_0005_0227.uasset" 9367
"/Engine/EngineMaterials/Substrate/Glints2/dict_0005_0227" 9368
"/Engine/EngineMaterials/Substrate/Glints2/dict_0005_0226" 9369
"/Engine/EngineMaterials/Substrate/Glints2/dict_0005_0232" 9370
"/Engine/EngineMaterials/Substrate/Glints2/dict_0005_0233" 9371
"/Engine/EngineMaterials/Substrate/Glints2/dict_0005_0231" 9372
"/Engine/EngineMaterials/Substrate/Glints2/dict_0005_0229" 9373
"/Engine/EngineMaterials/Substrate/Glints2/dict_0005_0228" 9374
"../../../Engine/Content/EngineMaterials/Substrate/Glints2/dict_0005_0234.uasset" 9375
"../../../Engine/Content/EngineMaterials/Substrate/Glints2/dict_0005_0236.uasset" 9376
"../../../Engine/Content/EngineMaterials/Substrate/Glints2/dict_0005_0235.uasset" 9377
"../../../Engine/Content/EngineMaterials/Substrate/Glints2/dict_0005_0237.uasset" 9378
"/Engine/EngineMaterials/Substrate/Glints2/dict_0005_0235" 9379
"/Engine/EngineMaterials/Substrate/Glints2/dict_0005_0234" 9380
"/Engine/EngineMaterials/Substrate/Glints2/dict_0005_0237" 9381
"/Engine/EngineMaterials/Substrate/Glints2/dict_0005_0236" 9382
"../../../Engine/Content/EngineMaterials/Substrate/Glints2/dict_0005_0239.uasset" 9383
"../../../Engine/Content/EngineMaterials/Substrate/Glints2/dict_0005_0238.uasset" 9384
"../../../Engine/Content/EngineMaterials/Substrate/Glints2/dict_0005_0240.uasset" 9385
"../../../Engine/Content/EngineMaterials/Substrate/Glints2/dict_0005_0241.uasset" 9386
"../../../Engine/Content/EngineMaterials/Substrate/Glints2/dict_0005_0242.uasset" 9387
"../../../Engine/Content/EngineMaterials/Substrate/Glints2/dict_0005_0243.uasset" 9388
"../../../Engine/Content/EngineMaterials/Substrate/Glints2/dict_0005_0245.uasset" 9389
"../../../Engine/Content/EngineMaterials/Substrate/Glints2/dict_0005_0244.uasset" 9390
"/Engine/EngineMaterials/Substrate/Glints2/dict_0005_0240" 9391
"/Engine/EngineMaterials/Substrate/Glints2/dict_0005_0245" 9392
"/Engine/EngineMaterials/Substrate/Glints2/dict_0005_0239" 9393
"/Engine/EngineMaterials/Substrate/Glints2/dict_0005_0238" 9394
"/Engine/EngineMaterials/Substrate/Glints2/dict_0005_0244" 9395
"/Engine/EngineMaterials/Substrate/Glints2/dict_0005_0243" 9396
"/Engine/EngineMaterials/Substrate/Glints2/dict_0005_0242" 9397
"/Engine/EngineMaterials/Substrate/Glints2/dict_0005_0241" 9398
"../../../Engine/Content/EngineMaterials/Substrate/Glints2/dict_0005_0246.uasset" 9399
"../../../Engine/Content/EngineMaterials/Substrate/Glints2/dict_0005_0248.uasset" 9400
"../../../Engine/Content/EngineMaterials/Substrate/Glints2/dict_0005_0249.uasset" 9401
"../../../Engine/Content/EngineMaterials/Substrate/Glints2/dict_0005_0247.uasset" 9402
"/Engine/EngineMaterials/Substrate/Glints2/dict_0005_0246" 9403
"/Engine/EngineMaterials/Substrate/Glints2/dict_0005_0249" 9404
"../../../Engine/Content/EngineMaterials/Substrate/Glints2/dict_0005_0251.uasset" 9405
"../../../Engine/Content/EngineMaterials/Substrate/Glints2/dict_0005_0253.uasset" 9406
"/Engine/EngineMaterials/Substrate/Glints2/dict_0005_0248" 9407
"../../../Engine/Content/EngineMaterials/Substrate/Glints2/dict_0005_0252.uasset" 9408
"/Engine/EngineMaterials/Substrate/Glints2/dict_0005_0247" 9409
"/Engine/EngineMaterials/Substrate/Glints2/dict_0005_0251" 9410
"/Engine/EngineMaterials/Substrate/Glints2/dict_0005_0252" 9411
"/Engine/EngineMaterials/Substrate/Glints2/dict_0005_0253" 9412
"../../../Engine/Content/EngineMaterials/Substrate/Glints2/dict_0005_0250.uasset" 9413
"../../../Engine/Content/EngineMaterials/Substrate/Glints2/dict_0005_0254.uasset" 9414
"../../../Engine/Content/EngineMaterials/Substrate/Glints2/dict_0005_0255.uasset" 9415
"../../../Engine/Content/EngineMaterials/Substrate/Glints2/dict_0006_0000.uasset" 9416
"/Engine/EngineMaterials/Substrate/Glints2/dict_0005_0250" 9417
"/Engine/EngineMaterials/Substrate/Glints2/dict_0006_0000" 9418
"/Engine/EngineMaterials/Substrate/Glints2/dict_0005_0255" 9419
"/Engine/EngineMaterials/Substrate/Glints2/dict_0005_0254" 9420
"../../../Engine/Content/EngineMaterials/Substrate/Glints2/dict_0006_0002.uasset" 9421
"../../../Engine/Content/EngineMaterials/Substrate/Glints2/dict_0006_0003.uasset" 9422
"../../../Engine/Content/EngineMaterials/Substrate/Glints2/dict_0006_0004.uasset" 9423
"/Engine/EngineMaterials/Substrate/Glints2/dict_0006_0004" 9424
"/Engine/EngineMaterials/Substrate/Glints2/dict_0006_0003" 9425
"/Engine/EngineMaterials/Substrate/Glints2/dict_0006_0002" 9426
"../../../Engine/Content/EngineMaterials/Substrate/Glints2/dict_0006_0005.uasset" 9427
"../../../Engine/Content/EngineMaterials/Substrate/Glints2/dict_0006_0006.uasset" 9428
"../../../Engine/Content/EngineMaterials/Substrate/Glints2/dict_0006_0007.uasset" 9429
"../../../Engine/Content/EngineMaterials/Substrate/Glints2/dict_0006_0008.uasset" 9430
"../../../Engine/Content/EngineMaterials/Substrate/Glints2/dict_0006_0009.uasset" 9431
"../../../Engine/Content/EngineMaterials/Substrate/Glints2/dict_0006_0010.uasset" 9432
"/Engine/EngineMaterials/Substrate/Glints2/dict_0006_0008" 9433
"/Engine/EngineMaterials/Substrate/Glints2/dict_0006_0007" 9434
"/Engine/EngineMaterials/Substrate/Glints2/dict_0006_0006" 9435
"/Engine/EngineMaterials/Substrate/Glints2/dict_0006_0005" 9436
"/Engine/EngineMaterials/Substrate/Glints2/dict_0006_0010" 9437
"/Engine/EngineMaterials/Substrate/Glints2/dict_0006_0009" 9438
"../../../Engine/Content/EngineMaterials/Substrate/Glints2/dict_0006_0011.uasset" 9439
"../../../Engine/Content/EngineMaterials/Substrate/Glints2/dict_0006_0013.uasset" 9440
"../../../Engine/Content/EngineMaterials/Substrate/Glints2/dict_0006_0012.uasset" 9441
"/Engine/EngineMaterials/Substrate/Glints2/dict_0006_0012" 9442
"/Engine/EngineMaterials/Substrate/Glints2/dict_0006_0011" 9443
"/Engine/EngineMaterials/Substrate/Glints2/dict_0006_0013" 9444
"../../../Engine/Content/EngineMaterials/Substrate/Glints2/dict_0006_0014.uasset" 9445
"../../../Engine/Content/EngineMaterials/Substrate/Glints2/dict_0006_0015.uasset" 9446
"../../../Engine/Content/EngineMaterials/Substrate/Glints2/dict_0006_0016.uasset" 9447
"/Engine/EngineMaterials/Substrate/Glints2/dict_0006_0016" 9448
"../../../Engine/Content/EngineMaterials/Substrate/Glints2/dict_0006_0017.uasset" 9449
"../../../Engine/Content/EngineMaterials/Substrate/Glints2/dict_0006_0018.uasset" 9450
"../../../Engine/Content/EngineMaterials/Substrate/Glints2/dict_0006_0019.uasset" 9451
"/Engine/EngineMaterials/Substrate/Glints2/dict_0006_0015" 9452
"/Engine/EngineMaterials/Substrate/Glints2/dict_0006_0014" 9453
"/Engine/EngineMaterials/Substrate/Glints2/dict_0006_0019" 9454
"/Engine/EngineMaterials/Substrate/Glints2/dict_0006_0018" 9455
"/Engine/EngineMaterials/Substrate/Glints2/dict_0006_0017" 9456
"../../../Engine/Content/EngineMaterials/Substrate/Glints2/dict_0006_0020.uasset" 9457
"../../../Engine/Content/EngineMaterials/Substrate/Glints2/dict_0006_0021.uasset" 9458
"../../../Engine/Content/EngineMaterials/Substrate/Glints2/dict_0006_0022.uasset" 9459
"/Engine/EngineMaterials/Substrate/Glints2/dict_0006_0020" 9460
"/Engine/EngineMaterials/Substrate/Glints2/dict_0006_0022" 9461
"/Engine/EngineMaterials/Substrate/Glints2/dict_0006_0021" 9462
"../../../Engine/Content/EngineMaterials/Substrate/Glints2/dict_0006_0023.uasset" 9463
"../../../Engine/Content/EngineMaterials/Substrate/Glints2/dict_0006_0024.uasset" 9464
"../../../Engine/Content/EngineMaterials/Substrate/Glints2/dict_0006_0025.uasset" 9465
"/Engine/EngineMaterials/Substrate/Glints2/dict_0006_0024" 9466
"/Engine/EngineMaterials/Substrate/Glints2/dict_0006_0023" 9467
"/Engine/EngineMaterials/Substrate/Glints2/dict_0006_0025" 9468
"../../../Engine/Content/EngineMaterials/Substrate/Glints2/dict_0006_0026.uasset" 9469
"../../../Engine/Content/EngineMaterials/Substrate/Glints2/dict_0006_0027.uasset" 9470
"../../../Engine/Content/EngineMaterials/Substrate/Glints2/dict_0006_0028.uasset" 9471
"../../../Engine/Content/EngineMaterials/Substrate/Glints2/dict_0006_0029.uasset" 9472
"../../../Engine/Content/EngineMaterials/Substrate/Glints2/dict_0006_0030.uasset" 9473
"/Engine/EngineMaterials/Substrate/Glints2/dict_0006_0027" 9474
"/Engine/EngineMaterials/Substrate/Glints2/dict_0006_0030" 9475
"/Engine/EngineMaterials/Substrate/Glints2/dict_0006_0029" 9476
"/Engine/EngineMaterials/Substrate/Glints2/dict_0006_0028" 9477
"/Engine/EngineMaterials/Substrate/Glints2/dict_0006_0026" 9478
"../../../Engine/Content/EngineMaterials/Substrate/Glints2/dict_0006_0031.uasset" 9479
"../../../Engine/Content/EngineMaterials/Substrate/Glints2/dict_0006_0032.uasset" 9480
"../../../Engine/Content/EngineMaterials/Substrate/Glints2/dict_0006_0033.uasset" 9481
"/Engine/EngineMaterials/Substrate/Glints2/dict_0006_0031" 9482
"/Engine/EngineMaterials/Substrate/Glints2/dict_0006_0033" 9483
"/Engine/EngineMaterials/Substrate/Glints2/dict_0006_0032" 9484
"../../../Engine/Content/EngineMaterials/Substrate/Glints2/dict_0006_0034.uasset" 9485
"../../../Engine/Content/EngineMaterials/Substrate/Glints2/dict_0006_0036.uasset" 9486
"../../../Engine/Content/EngineMaterials/Substrate/Glints2/dict_0006_0035.uasset" 9487
"../../../Engine/Content/EngineMaterials/Substrate/Glints2/dict_0006_0001.uasset" 9488
"/Engine/EngineMaterials/Substrate/Glints2/dict_0006_0001" 9489
"/Engine/EngineMaterials/Substrate/Glints2/dict_0006_0034" 9490
"/Engine/EngineMaterials/Substrate/Glints2/dict_0006_0036" 9491
"/Engine/EngineMaterials/Substrate/Glints2/dict_0006_0035" 9492
"../../../Engine/Content/EngineMaterials/Substrate/Glints2/dict_0006_0037.uasset" 9493
"../../../Engine/Content/EngineMaterials/Substrate/Glints2/dict_0006_0039.uasset" 9494
"/Engine/EngineMaterials/Substrate/Glints2/dict_0006_0039" 9495
"/Engine/EngineMaterials/Substrate/Glints2/dict_0006_0037" 9496
"../../../Engine/Content/EngineMaterials/Substrate/Glints2/dict_0006_0038.uasset" 9497
"../../../Engine/Content/EngineMaterials/Substrate/Glints2/dict_0006_0041.uasset" 9498
"../../../Engine/Content/EngineMaterials/Substrate/Glints2/dict_0006_0042.uasset" 9499
"../../../Engine/Content/EngineMaterials/Substrate/Glints2/dict_0005_0230.uasset" 9500
"../../../Engine/Content/EngineMaterials/Substrate/Glints2/dict_0006_0045.uasset" 9501
"/Engine/EngineMaterials/Substrate/Glints2/dict_0006_0038" 9502
"../../../Engine/Content/EngineMaterials/Substrate/Glints2/dict_0006_0043.uasset" 9503
"/Engine/EngineMaterials/Substrate/Glints2/dict_0006_0042" 9504
"/Engine/EngineMaterials/Substrate/Glints2/dict_0005_0230" 9505
"/Engine/EngineMaterials/Substrate/Glints2/dict_0006_0045" 9506
"/Engine/EngineMaterials/Substrate/Glints2/dict_0006_0041" 9507
"../../../Engine/Content/EngineMaterials/Substrate/Glints2/dict_0006_0044.uasset" 9508
"/Engine/EngineMaterials/Substrate/Glints2/dict_0006_0043" 9509
"/Engine/EngineMaterials/Substrate/Glints2/dict_0006_0044" 9510
"../../../Engine/Content/EngineMaterials/Substrate/Glints2/dict_0006_0048.uasset" 9511
"../../../Engine/Content/EngineMaterials/Substrate/Glints2/dict_0006_0047.uasset" 9512
"../../../Engine/Content/EngineMaterials/Substrate/Glints2/dict_0006_0049.uasset" 9513
"/Engine/EngineMaterials/Substrate/Glints2/dict_0006_0049" 9514
"/Engine/EngineMaterials/Substrate/Glints2/dict_0006_0048" 9515
"/Engine/EngineMaterials/Substrate/Glints2/dict_0006_0047" 9516
"../../../Engine/Content/EngineMaterials/Substrate/Glints2/dict_0006_0051.uasset" 9517
"../../../Engine/Content/EngineMaterials/Substrate/Glints2/dict_0006_0040.uasset" 9518
"../../../Engine/Content/EngineMaterials/Substrate/Glints2/dict_0006_0050.uasset" 9519
"../../../Engine/Content/EngineMaterials/Substrate/Glints2/dict_0006_0046.uasset" 9520
"../../../Engine/Content/EngineMaterials/Substrate/Glints2/dict_0006_0052.uasset" 9521
"/Engine/EngineMaterials/Substrate/Glints2/dict_0006_0052" 9522
"/Engine/EngineMaterials/Substrate/Glints2/dict_0006_0040" 9523
"/Engine/EngineMaterials/Substrate/Glints2/dict_0006_0051" 9524
"/Engine/EngineMaterials/Substrate/Glints2/dict_0006_0046" 9525
"/Engine/EngineMaterials/Substrate/Glints2/dict_0006_0050" 9526
"../../../Engine/Content/EngineMaterials/Substrate/Glints2/dict_0006_0053.uasset" 9527
"../../../Engine/Content/EngineMaterials/Substrate/Glints2/dict_0006_0054.uasset" 9528
"../../../Engine/Content/EngineMaterials/Substrate/Glints2/dict_0006_0057.uasset" 9529
"/Engine/EngineMaterials/Substrate/Glints2/dict_0006_0054" 9530
"../../../Engine/Content/EngineMaterials/Substrate/Glints2/dict_0006_0055.uasset" 9531
"/Engine/EngineMaterials/Substrate/Glints2/dict_0006_0057" 9532
"/Engine/EngineMaterials/Substrate/Glints2/dict_0006_0053" 9533
"/Engine/EngineMaterials/Substrate/Glints2/dict_0006_0055" 9534
"../../../Engine/Content/EngineMaterials/Substrate/Glints2/dict_0006_0060.uasset" 9535
"../../../Engine/Content/EngineMaterials/Substrate/Glints2/dict_0006_0059.uasset" 9536
"../../../Engine/Content/EngineMaterials/Substrate/Glints2/dict_0006_0058.uasset" 9537
"../../../Engine/Content/EngineMaterials/Substrate/Glints2/dict_0006_0061.uasset" 9538
"/Engine/EngineMaterials/Substrate/Glints2/dict_0006_0060" 9539
"/Engine/EngineMaterials/Substrate/Glints2/dict_0006_0059" 9540
"/Engine/EngineMaterials/Substrate/Glints2/dict_0006_0058" 9541
"/Engine/EngineMaterials/Substrate/Glints2/dict_0006_0061" 9542
"../../../Engine/Content/EngineMaterials/Substrate/Glints2/dict_0006_0064.uasset" 9543
"../../../Engine/Content/EngineMaterials/Substrate/Glints2/dict_0006_0063.uasset" 9544
"../../../Engine/Content/EngineMaterials/Substrate/Glints2/dict_0006_0062.uasset" 9545
"../../../Engine/Content/EngineMaterials/Substrate/Glints2/dict_0006_0065.uasset" 9546
"/Engine/EngineMaterials/Substrate/Glints2/dict_0006_0063" 9547
"../../../Engine/Content/EngineMaterials/Substrate/Glints2/dict_0006_0068.uasset" 9548
"../../../Engine/Content/EngineMaterials/Substrate/Glints2/dict_0006_0066.uasset" 9549
"../../../Engine/Content/EngineMaterials/Substrate/Glints2/dict_0006_0067.uasset" 9550
"/Engine/EngineMaterials/Substrate/Glints2/dict_0006_0062" 9551
"/Engine/EngineMaterials/Substrate/Glints2/dict_0006_0065" 9552
"/Engine/EngineMaterials/Substrate/Glints2/dict_0006_0064" 9553
"/Engine/EngineMaterials/Substrate/Glints2/dict_0006_0067" 9554
"/Engine/EngineMaterials/Substrate/Glints2/dict_0006_0068" 9555
"/Engine/EngineMaterials/Substrate/Glints2/dict_0006_0066" 9556
"../../../Engine/Content/EngineMaterials/Substrate/Glints2/dict_0006_0069.uasset" 9557
"/Engine/EngineMaterials/Substrate/Glints2/dict_0006_0069" 9558
"../../../Engine/Content/EngineMaterials/Substrate/Glints2/dict_0006_0071.uasset" 9559
"../../../Engine/Content/EngineMaterials/Substrate/Glints2/dict_0006_0072.uasset" 9560
"../../../Engine/Content/EngineMaterials/Substrate/Glints2/dict_0006_0070.uasset" 9561
"../../../Engine/Content/EngineMaterials/Substrate/Glints2/dict_0006_0073.uasset" 9562
"/Engine/EngineMaterials/Substrate/Glints2/dict_0006_0073" 9563
"/Engine/EngineMaterials/Substrate/Glints2/dict_0006_0072" 9564
"/Engine/EngineMaterials/Substrate/Glints2/dict_0006_0071" 9565
"/Engine/EngineMaterials/Substrate/Glints2/dict_0006_0070" 9566
"../../../Engine/Content/EngineMaterials/Substrate/Glints2/dict_0006_0076.uasset" 9567
"../../../Engine/Content/EngineMaterials/Substrate/Glints2/dict_0006_0074.uasset" 9568
"../../../Engine/Content/EngineMaterials/Substrate/Glints2/dict_0006_0075.uasset" 9569
"../../../Engine/Content/EngineMaterials/Substrate/Glints2/dict_0006_0077.uasset" 9570
"../../../Engine/Content/EngineMaterials/Substrate/Glints2/dict_0006_0079.uasset" 9571
"../../../Engine/Content/EngineMaterials/Substrate/Glints2/dict_0006_0080.uasset" 9572
"../../../Engine/Content/EngineMaterials/Substrate/Glints2/dict_0006_0078.uasset" 9573
"/Engine/EngineMaterials/Substrate/Glints2/dict_0006_0076" 9574
"../../../Engine/Content/EngineMaterials/Substrate/Glints2/dict_0006_0081.uasset" 9575
"/Engine/EngineMaterials/Substrate/Glints2/dict_0006_0079" 9576
"/Engine/EngineMaterials/Substrate/Glints2/dict_0006_0074" 9577
"/Engine/EngineMaterials/Substrate/Glints2/dict_0006_0078" 9578
"/Engine/EngineMaterials/Substrate/Glints2/dict_0006_0077" 9579
"/Engine/EngineMaterials/Substrate/Glints2/dict_0006_0080" 9580
"/Engine/EngineMaterials/Substrate/Glints2/dict_0006_0075" 9581
"/Engine/EngineMaterials/Substrate/Glints2/dict_0006_0081" 9582
"../../../Engine/Content/EngineMaterials/Substrate/Glints2/dict_0006_0084.uasset" 9583
"../../../Engine/Content/EngineMaterials/Substrate/Glints2/dict_0006_0083.uasset" 9584
"../../../Engine/Content/EngineMaterials/Substrate/Glints2/dict_0006_0082.uasset" 9585
"../../../Engine/Content/EngineMaterials/Substrate/Glints2/dict_0006_0085.uasset" 9586
"../../../Engine/Content/EngineMaterials/Substrate/Glints2/dict_0006_0088.uasset" 9587
"../../../Engine/Content/EngineMaterials/Substrate/Glints2/dict_0006_0086.uasset" 9588
"../../../Engine/Content/EngineMaterials/Substrate/Glints2/dict_0006_0087.uasset" 9589
"/Engine/EngineMaterials/Substrate/Glints2/dict_0006_0088" 9590
"/Engine/EngineMaterials/Substrate/Glints2/dict_0006_0084" 9591
"/Engine/EngineMaterials/Substrate/Glints2/dict_0006_0083" 9592
"/Engine/EngineMaterials/Substrate/Glints2/dict_0006_0087" 9593
"/Engine/EngineMaterials/Substrate/Glints2/dict_0006_0082" 9594
"/Engine/EngineMaterials/Substrate/Glints2/dict_0006_0086" 9595
"/Engine/EngineMaterials/Substrate/Glints2/dict_0006_0085" 9596
"../../../Engine/Content/EngineMaterials/Substrate/Glints2/dict_0006_0089.uasset" 9597
"../../../Engine/Content/EngineMaterials/Substrate/Glints2/dict_0006_0090.uasset" 9598
"../../../Engine/Content/EngineMaterials/Substrate/Glints2/dict_0006_0091.uasset" 9599
"../../../Engine/Content/EngineMaterials/Substrate/Glints2/dict_0006_0092.uasset" 9600
"../../../Engine/Content/EngineMaterials/Substrate/Glints2/dict_0006_0093.uasset" 9601
"/Engine/EngineMaterials/Substrate/Glints2/dict_0006_0092" 9602
"/Engine/EngineMaterials/Substrate/Glints2/dict_0006_0091" 9603
"/Engine/EngineMaterials/Substrate/Glints2/dict_0006_0090" 9604
"../../../Engine/Content/EngineMaterials/Substrate/Glints2/dict_0006_0094.uasset" 9605
"../../../Engine/Content/EngineMaterials/Substrate/Glints2/dict_0006_0095.uasset" 9606
"../../../Engine/Content/EngineMaterials/Substrate/Glints2/dict_0006_0096.uasset" 9607
"/Engine/EngineMaterials/Substrate/Glints2/dict_0006_0089" 9608
"/Engine/EngineMaterials/Substrate/Glints2/dict_0006_0093" 9609
"/Engine/EngineMaterials/Substrate/Glints2/dict_0006_0096" 9610
"/Engine/EngineMaterials/Substrate/Glints2/dict_0006_0095" 9611
"/Engine/EngineMaterials/Substrate/Glints2/dict_0006_0094" 9612
"../../../Engine/Content/EngineMaterials/Substrate/Glints2/dict_0006_0097.uasset" 9613
"../../../Engine/Content/EngineMaterials/Substrate/Glints2/dict_0006_0100.uasset" 9614
"../../../Engine/Content/EngineMaterials/Substrate/Glints2/dict_0006_0099.uasset" 9615
"../../../Engine/Content/EngineMaterials/Substrate/Glints2/dict_0006_0098.uasset" 9616
"../../../Engine/Content/EngineMaterials/Substrate/Glints2/dict_0006_0101.uasset" 9617
"/Engine/EngineMaterials/Substrate/Glints2/dict_0006_0100" 9618
"/Engine/EngineMaterials/Substrate/Glints2/dict_0006_0099" 9619
"/Engine/EngineMaterials/Substrate/Glints2/dict_0006_0098" 9620
"/Engine/EngineMaterials/Substrate/Glints2/dict_0006_0097" 9621
"/Engine/EngineMaterials/Substrate/Glints2/dict_0006_0101" 9622
"../../../Engine/Content/EngineMaterials/Substrate/Glints2/dict_0006_0102.uasset" 9623
"../../../Engine/Content/EngineMaterials/Substrate/Glints2/dict_0006_0104.uasset" 9624
"../../../Engine/Content/EngineMaterials/Substrate/Glints2/dict_0006_0103.uasset" 9625
"../../../Engine/Content/EngineMaterials/Substrate/Glints2/dict_0006_0056.uasset" 9626
"../../../Engine/Content/EngineMaterials/Substrate/Glints2/dict_0006_0105.uasset" 9627
"../../../Engine/Content/EngineMaterials/Substrate/Glints2/dict_0006_0106.uasset" 9628
"../../../Engine/Content/EngineMaterials/Substrate/Glints2/dict_0006_0107.uasset" 9629
"../../../Engine/Content/EngineMaterials/Substrate/Glints2/dict_0006_0108.uasset" 9630
"/Engine/EngineMaterials/Substrate/Glints2/dict_0006_0108" 9631
"/Engine/EngineMaterials/Substrate/Glints2/dict_0006_0104" 9632
"/Engine/EngineMaterials/Substrate/Glints2/dict_0006_0107" 9633
"/Engine/EngineMaterials/Substrate/Glints2/dict_0006_0103" 9634
"/Engine/EngineMaterials/Substrate/Glints2/dict_0006_0106" 9635
"/Engine/EngineMaterials/Substrate/Glints2/dict_0006_0056" 9636
"/Engine/EngineMaterials/Substrate/Glints2/dict_0006_0102" 9637
"/Engine/EngineMaterials/Substrate/Glints2/dict_0006_0105" 9638
"../../../Engine/Content/EngineMaterials/Substrate/Glints2/dict_0006_0109.uasset" 9639
"/Engine/EngineMaterials/Substrate/Glints2/dict_0006_0109" 9640
"../../../Engine/Content/EngineMaterials/Substrate/Glints2/dict_0006_0111.uasset" 9641
"../../../Engine/Content/EngineMaterials/Substrate/Glints2/dict_0006_0113.uasset" 9642
"../../../Engine/Content/EngineMaterials/Substrate/Glints2/dict_0006_0112.uasset" 9643
"../../../Engine/Content/EngineMaterials/Substrate/Glints2/dict_0006_0114.uasset" 9644
"../../../Engine/Content/EngineMaterials/Substrate/Glints2/dict_0006_0117.uasset" 9645
"/Engine/EngineMaterials/Substrate/Glints2/dict_0006_0111" 9646
"../../../Engine/Content/EngineMaterials/Substrate/Glints2/dict_0006_0115.uasset" 9647
"../../../Engine/Content/EngineMaterials/Substrate/Glints2/dict_0006_0116.uasset" 9648
"/Engine/EngineMaterials/Substrate/Glints2/dict_0006_0112" 9649
"/Engine/EngineMaterials/Substrate/Glints2/dict_0006_0114" 9650
"/Engine/EngineMaterials/Substrate/Glints2/dict_0006_0113" 9651
"/Engine/EngineMaterials/Substrate/Glints2/dict_0006_0117" 9652
"/Engine/EngineMaterials/Substrate/Glints2/dict_0006_0116" 9653
"/Engine/EngineMaterials/Substrate/Glints2/dict_0006_0115" 9654
"../../../Engine/Content/EngineMaterials/Substrate/Glints2/dict_0006_0118.uasset" 9655
"../../../Engine/Content/EngineMaterials/Substrate/Glints2/dict_0006_0110.uasset" 9656
"../../../Engine/Content/EngineMaterials/Substrate/Glints2/dict_0006_0119.uasset" 9657
"../../../Engine/Content/EngineMaterials/Substrate/Glints2/dict_0006_0121.uasset" 9658
"../../../Engine/Content/EngineMaterials/Substrate/Glints2/dict_0006_0120.uasset" 9659
"../../../Engine/Content/EngineMaterials/Substrate/Glints2/dict_0006_0122.uasset" 9660
"/Engine/EngineMaterials/Substrate/Glints2/dict_0006_0119" 9661
"/Engine/EngineMaterials/Substrate/Glints2/dict_0006_0118" 9662
"/Engine/EngineMaterials/Substrate/Glints2/dict_0006_0110" 9663
"/Engine/EngineMaterials/Substrate/Glints2/dict_0006_0122" 9664
"/Engine/EngineMaterials/Substrate/Glints2/dict_0006_0121" 9665
"/Engine/EngineMaterials/Substrate/Glints2/dict_0006_0120" 9666
"../../../Engine/Content/EngineMaterials/Substrate/Glints2/dict_0006_0125.uasset" 9667
"../../../Engine/Content/EngineMaterials/Substrate/Glints2/dict_0006_0124.uasset" 9668
"../../../Engine/Content/EngineMaterials/Substrate/Glints2/dict_0006_0123.uasset" 9669
"../../../Engine/Content/EngineMaterials/Substrate/Glints2/dict_0006_0127.uasset" 9670
"../../../Engine/Content/EngineMaterials/Substrate/Glints2/dict_0006_0128.uasset" 9671
"../../../Engine/Content/EngineMaterials/Substrate/Glints2/dict_0006_0129.uasset" 9672
"../../../Engine/Content/EngineMaterials/Substrate/Glints2/dict_0006_0130.uasset" 9673
"/Engine/EngineMaterials/Substrate/Glints2/dict_0006_0124" 9674
"/Engine/EngineMaterials/Substrate/Glints2/dict_0006_0127" 9675
"/Engine/EngineMaterials/Substrate/Glints2/dict_0006_0123" 9676
"/Engine/EngineMaterials/Substrate/Glints2/dict_0006_0130" 9677
"/Engine/EngineMaterials/Substrate/Glints2/dict_0006_0129" 9678
"../../../Engine/Content/EngineMaterials/Substrate/Glints2/dict_0006_0131.uasset" 9679
"/Engine/EngineMaterials/Substrate/Glints2/dict_0006_0125" 9680
"/Engine/EngineMaterials/Substrate/Glints2/dict_0006_0128" 9681
"/Engine/EngineMaterials/Substrate/Glints2/dict_0006_0131" 9682
"../../../Engine/Content/EngineMaterials/Substrate/Glints2/dict_0006_0132.uasset" 9683
"../../../Engine/Content/EngineMaterials/Substrate/Glints2/dict_0006_0134.uasset" 9684
"../../../Engine/Content/EngineMaterials/Substrate/Glints2/dict_0006_0133.uasset" 9685
"../../../Engine/Content/EngineMaterials/Substrate/Glints2/dict_0006_0126.uasset" 9686
"../../../Engine/Content/EngineMaterials/Substrate/Glints2/dict_0006_0135.uasset" 9687
"/Engine/EngineMaterials/Substrate/Glints2/dict_0006_0132" 9688
"../../../Engine/Content/EngineMaterials/Substrate/Glints2/dict_0006_0138.uasset" 9689
"../../../Engine/Content/EngineMaterials/Substrate/Glints2/dict_0006_0136.uasset" 9690
"/Engine/EngineMaterials/Substrate/Glints2/dict_0006_0126" 9691
"/Engine/EngineMaterials/Substrate/Glints2/dict_0006_0135" 9692
"/Engine/EngineMaterials/Substrate/Glints2/dict_0006_0134" 9693
"/Engine/EngineMaterials/Substrate/Glints2/dict_0006_0133" 9694
"/Engine/EngineMaterials/Substrate/Glints2/dict_0006_0138" 9695
"/Engine/EngineMaterials/Substrate/Glints2/dict_0006_0136" 9696
"../../../Engine/Content/EngineMaterials/Substrate/Glints2/dict_0006_0139.uasset" 9697
"../../../Engine/Content/EngineMaterials/Substrate/Glints2/dict_0006_0141.uasset" 9698
"../../../Engine/Content/EngineMaterials/Substrate/Glints2/dict_0006_0142.uasset" 9699
"../../../Engine/Content/EngineMaterials/Substrate/Glints2/dict_0006_0140.uasset" 9700
"../../../Engine/Content/EngineMaterials/Substrate/Glints2/dict_0006_0137.uasset" 9701
"../../../Engine/Content/EngineMaterials/Substrate/Glints2/dict_0006_0143.uasset" 9702
"/Engine/EngineMaterials/Substrate/Glints2/dict_0006_0141" 9703
"/Engine/EngineMaterials/Substrate/Glints2/dict_0006_0140" 9704
"/Engine/EngineMaterials/Substrate/Glints2/dict_0006_0139" 9705
"/Engine/EngineMaterials/Substrate/Glints2/dict_0006_0137" 9706
"/Engine/EngineMaterials/Substrate/Glints2/dict_0006_0143" 9707
"../../../Engine/Content/EngineMaterials/Substrate/Glints2/dict_0006_0144.uasset" 9708
"../../../Engine/Content/EngineMaterials/Substrate/Glints2/dict_0006_0145.uasset" 9709
"/Engine/EngineMaterials/Substrate/Glints2/dict_0006_0142" 9710
"/Engine/EngineMaterials/Substrate/Glints2/dict_0006_0145" 9711
"/Engine/EngineMaterials/Substrate/Glints2/dict_0006_0144" 9712
"../../../Engine/Content/EngineMaterials/Substrate/Glints2/dict_0006_0148.uasset" 9713
"../../../Engine/Content/EngineMaterials/Substrate/Glints2/dict_0006_0147.uasset" 9714
"../../../Engine/Content/EngineMaterials/Substrate/Glints2/dict_0006_0149.uasset" 9715
"../../../Engine/Content/EngineMaterials/Substrate/Glints2/dict_0006_0150.uasset" 9716
"../../../Engine/Content/EngineMaterials/Substrate/Glints2/dict_0006_0146.uasset" 9717
"../../../Engine/Content/EngineMaterials/Substrate/Glints2/dict_0006_0151.uasset" 9718
"/Engine/EngineMaterials/Substrate/Glints2/dict_0006_0148" 9719
"/Engine/EngineMaterials/Substrate/Glints2/dict_0006_0147" 9720
"/Engine/EngineMaterials/Substrate/Glints2/dict_0006_0146" 9721
"/Engine/EngineMaterials/Substrate/Glints2/dict_0006_0150" 9722
"/Engine/EngineMaterials/Substrate/Glints2/dict_0006_0149" 9723
"/Engine/EngineMaterials/Substrate/Glints2/dict_0006_0151" 9724
"../../../Engine/Content/EngineMaterials/Substrate/Glints2/dict_0006_0153.uasset" 9725
"../../../Engine/Content/EngineMaterials/Substrate/Glints2/dict_0006_0154.uasset" 9726
"../../../Engine/Content/EngineMaterials/Substrate/Glints2/dict_0006_0156.uasset" 9727
"../../../Engine/Content/EngineMaterials/Substrate/Glints2/dict_0006_0155.uasset" 9728
"../../../Engine/Content/EngineMaterials/Substrate/Glints2/dict_0006_0157.uasset" 9729
"../../../Engine/Content/EngineMaterials/Substrate/Glints2/dict_0006_0158.uasset" 9730
"../../../Engine/Content/EngineMaterials/Substrate/Glints2/dict_0006_0152.uasset" 9731
"/Engine/EngineMaterials/Substrate/Glints2/dict_0006_0154" 9732
"/Engine/EngineMaterials/Substrate/Glints2/dict_0006_0153" 9733
"/Engine/EngineMaterials/Substrate/Glints2/dict_0006_0152" 9734
"/Engine/EngineMaterials/Substrate/Glints2/dict_0006_0158" 9735
"/Engine/EngineMaterials/Substrate/Glints2/dict_0006_0157" 9736
"/Engine/EngineMaterials/Substrate/Glints2/dict_0006_0156" 9737
"../../../Engine/Content/EngineMaterials/Substrate/Glints2/dict_0006_0159.uasset" 9738
"/Engine/EngineMaterials/Substrate/Glints2/dict_0006_0155" 9739
"/Engine/EngineMaterials/Substrate/Glints2/dict_0006_0159" 9740
"../../../Engine/Content/EngineMaterials/Substrate/Glints2/dict_0006_0161.uasset" 9741
"../../../Engine/Content/EngineMaterials/Substrate/Glints2/dict_0006_0160.uasset" 9742
"../../../Engine/Content/EngineMaterials/Substrate/Glints2/dict_0006_0162.uasset" 9743
"../../../Engine/Content/EngineMaterials/Substrate/Glints2/dict_0006_0164.uasset" 9744
"/Engine/EngineMaterials/Substrate/Glints2/dict_0006_0162" 9745
"../../../Engine/Content/EngineMaterials/Substrate/Glints2/dict_0006_0167.uasset" 9746
"../../../Engine/Content/EngineMaterials/Substrate/Glints2/dict_0006_0165.uasset" 9747
"../../../Engine/Content/EngineMaterials/Substrate/Glints2/dict_0006_0166.uasset" 9748
"/Engine/EngineMaterials/Substrate/Glints2/dict_0006_0161" 9749
"/Engine/EngineMaterials/Substrate/Glints2/dict_0006_0160" 9750
"/Engine/EngineMaterials/Substrate/Glints2/dict_0006_0164" 9751
"/Engine/EngineMaterials/Substrate/Glints2/dict_0006_0167" 9752
"/Engine/EngineMaterials/Substrate/Glints2/dict_0006_0166" 9753
"/Engine/EngineMaterials/Substrate/Glints2/dict_0006_0165" 9754
"../../../Engine/Content/EngineMaterials/Substrate/Glints2/dict_0006_0168.uasset" 9755
"../../../Engine/Content/EngineMaterials/Substrate/Glints2/dict_0006_0171.uasset" 9756
"../../../Engine/Content/EngineMaterials/Substrate/Glints2/dict_0006_0170.uasset" 9757
"../../../Engine/Content/EngineMaterials/Substrate/Glints2/dict_0006_0169.uasset" 9758
"/Engine/EngineMaterials/Substrate/Glints2/dict_0006_0169" 9759
"/Engine/EngineMaterials/Substrate/Glints2/dict_0006_0168" 9760
"/Engine/EngineMaterials/Substrate/Glints2/dict_0006_0171" 9761
"/Engine/EngineMaterials/Substrate/Glints2/dict_0006_0170" 9762
"../../../Engine/Content/EngineMaterials/Substrate/Glints2/dict_0006_0172.uasset" 9763
"../../../Engine/Content/EngineMaterials/Substrate/Glints2/dict_0006_0173.uasset" 9764
"../../../Engine/Content/EngineMaterials/Substrate/Glints2/dict_0006_0175.uasset" 9765
"../../../Engine/Content/EngineMaterials/Substrate/Glints2/dict_0006_0174.uasset" 9766
"../../../Engine/Content/EngineMaterials/Substrate/Glints2/dict_0006_0176.uasset" 9767
"/Engine/EngineMaterials/Substrate/Glints2/dict_0006_0175" 9768
"/Engine/EngineMaterials/Substrate/Glints2/dict_0006_0174" 9769
"/Engine/EngineMaterials/Substrate/Glints2/dict_0006_0173" 9770
"/Engine/EngineMaterials/Substrate/Glints2/dict_0006_0176" 9771
"/Engine/EngineMaterials/Substrate/Glints2/dict_0006_0172" 9772
"../../../Engine/Content/EngineMaterials/Substrate/Glints2/dict_0006_0177.uasset" 9773
"/Engine/EngineMaterials/Substrate/Glints2/dict_0006_0177" 9774
"../../../Engine/Content/EngineMaterials/Substrate/Glints2/dict_0006_0180.uasset" 9775
"../../../Engine/Content/EngineMaterials/Substrate/Glints2/dict_0006_0181.uasset" 9776
"/Engine/EngineMaterials/Substrate/Glints2/dict_0006_0181" 9777
"/Engine/EngineMaterials/Substrate/Glints2/dict_0006_0180" 9778
"../../../Engine/Content/EngineMaterials/Substrate/Glints2/dict_0006_0178.uasset" 9779
"../../../Engine/Content/EngineMaterials/Substrate/Glints2/dict_0006_0179.uasset" 9780
"../../../Engine/Content/EngineMaterials/Substrate/Glints2/dict_0006_0163.uasset" 9781
"../../../Engine/Content/EngineMaterials/Substrate/Glints2/dict_0006_0183.uasset" 9782
"/Engine/EngineMaterials/Substrate/Glints2/dict_0006_0183" 9783
"../../../Engine/Content/EngineMaterials/Substrate/Glints2/dict_0006_0184.uasset" 9784
"/Engine/EngineMaterials/Substrate/Glints2/dict_0006_0179" 9785
"/Engine/EngineMaterials/Substrate/Glints2/dict_0006_0163" 9786
"/Engine/EngineMaterials/Substrate/Glints2/dict_0006_0178" 9787
"/Engine/EngineMaterials/Substrate/Glints2/dict_0006_0184" 9788
"../../../Engine/Content/EngineMaterials/Substrate/Glints2/dict_0006_0185.uasset" 9789
"../../../Engine/Content/EngineMaterials/Substrate/Glints2/dict_0006_0182.uasset" 9790
"/Engine/EngineMaterials/Substrate/Glints2/dict_0006_0182" 9791
"/Engine/EngineMaterials/Substrate/Glints2/dict_0006_0185" 9792
"../../../Engine/Content/EngineMaterials/Substrate/Glints2/dict_0006_0187.uasset" 9793
"../../../Engine/Content/EngineMaterials/Substrate/Glints2/dict_0006_0188.uasset" 9794
"../../../Engine/Content/EngineMaterials/Substrate/Glints2/dict_0006_0189.uasset" 9795
"../../../Engine/Content/EngineMaterials/Substrate/Glints2/dict_0006_0190.uasset" 9796
"../../../Engine/Content/EngineMaterials/Substrate/Glints2/dict_0006_0191.uasset" 9797
"/Engine/EngineMaterials/Substrate/Glints2/dict_0006_0190" 9798
"/Engine/EngineMaterials/Substrate/Glints2/dict_0006_0189" 9799
"/Engine/EngineMaterials/Substrate/Glints2/dict_0006_0188" 9800
"/Engine/EngineMaterials/Substrate/Glints2/dict_0006_0187" 9801
"/Engine/EngineMaterials/Substrate/Glints2/dict_0006_0191" 9802
"../../../Engine/Content/EngineMaterials/Substrate/Glints2/dict_0006_0193.uasset" 9803
"../../../Engine/Content/EngineMaterials/Substrate/Glints2/dict_0006_0194.uasset" 9804
"../../../Engine/Content/EngineMaterials/Substrate/Glints2/dict_0006_0192.uasset" 9805
"../../../Engine/Content/EngineMaterials/Substrate/Glints2/dict_0006_0195.uasset" 9806
"../../../Engine/Content/EngineMaterials/Substrate/Glints2/dict_0006_0186.uasset" 9807
"../../../Engine/Content/EngineMaterials/Substrate/Glints2/dict_0006_0196.uasset" 9808
"../../../Engine/Content/EngineMaterials/Substrate/Glints2/dict_0006_0198.uasset" 9809
"../../../Engine/Content/EngineMaterials/Substrate/Glints2/dict_0006_0197.uasset" 9810
"/Engine/EngineMaterials/Substrate/Glints2/dict_0006_0195" 9811
"/Engine/EngineMaterials/Substrate/Glints2/dict_0006_0194" 9812
"/Engine/EngineMaterials/Substrate/Glints2/dict_0006_0193" 9813
"/Engine/EngineMaterials/Substrate/Glints2/dict_0006_0186" 9814
"/Engine/EngineMaterials/Substrate/Glints2/dict_0006_0192" 9815
"/Engine/EngineMaterials/Substrate/Glints2/dict_0006_0198" 9816
"/Engine/EngineMaterials/Substrate/Glints2/dict_0006_0197" 9817
"/Engine/EngineMaterials/Substrate/Glints2/dict_0006_0196" 9818
"../../../Engine/Content/EngineMaterials/Substrate/Glints2/dict_0006_0199.uasset" 9819
"../../../Engine/Content/EngineMaterials/Substrate/Glints2/dict_0006_0202.uasset" 9820
"../../../Engine/Content/EngineMaterials/Substrate/Glints2/dict_0006_0201.uasset" 9821
"../../../Engine/Content/EngineMaterials/Substrate/Glints2/dict_0006_0203.uasset" 9822
"../../../Engine/Content/EngineMaterials/Substrate/Glints2/dict_0006_0204.uasset" 9823
"../../../Engine/Content/EngineMaterials/Substrate/Glints2/dict_0006_0200.uasset" 9824
"/Engine/EngineMaterials/Substrate/Glints2/dict_0006_0202" 9825
"/Engine/EngineMaterials/Substrate/Glints2/dict_0006_0204" 9826
"/Engine/EngineMaterials/Substrate/Glints2/dict_0006_0203" 9827
"/Engine/EngineMaterials/Substrate/Glints2/dict_0006_0201" 9828
"/Engine/EngineMaterials/Substrate/Glints2/dict_0006_0200" 9829
"../../../Engine/Content/EngineMaterials/Substrate/Glints2/dict_0006_0206.uasset" 9830
"../../../Engine/Content/EngineMaterials/Substrate/Glints2/dict_0006_0207.uasset" 9831
"../../../Engine/Content/EngineMaterials/Substrate/Glints2/dict_0006_0205.uasset" 9832
"/Engine/EngineMaterials/Substrate/Glints2/dict_0006_0199" 9833
"/Engine/EngineMaterials/Substrate/Glints2/dict_0006_0207" 9834
"/Engine/EngineMaterials/Substrate/Glints2/dict_0006_0206" 9835
"/Engine/EngineMaterials/Substrate/Glints2/dict_0006_0205" 9836
"../../../Engine/Content/EngineMaterials/Substrate/Glints2/dict_0006_0208.uasset" 9837
"../../../Engine/Content/EngineMaterials/Substrate/Glints2/dict_0006_0211.uasset" 9838
"../../../Engine/Content/EngineMaterials/Substrate/Glints2/dict_0006_0210.uasset" 9839
"../../../Engine/Content/EngineMaterials/Substrate/Glints2/dict_0006_0212.uasset" 9840
"../../../Engine/Content/EngineMaterials/Substrate/Glints2/dict_0006_0213.uasset" 9841
"/Engine/EngineMaterials/Substrate/Glints2/dict_0006_0208" 9842
"/Engine/EngineMaterials/Substrate/Glints2/dict_0006_0210" 9843
"/Engine/EngineMaterials/Substrate/Glints2/dict_0006_0213" 9844
"/Engine/EngineMaterials/Substrate/Glints2/dict_0006_0212" 9845
"/Engine/EngineMaterials/Substrate/Glints2/dict_0006_0211" 9846
"../../../Engine/Content/EngineMaterials/Substrate/Glints2/dict_0006_0214.uasset" 9847
"../../../Engine/Content/EngineMaterials/Substrate/Glints2/dict_0006_0215.uasset" 9848
"../../../Engine/Content/EngineMaterials/Substrate/Glints2/dict_0006_0209.uasset" 9849
"../../../Engine/Content/EngineMaterials/Substrate/Glints2/dict_0006_0216.uasset" 9850
"../../../Engine/Content/EngineMaterials/Substrate/Glints2/dict_0006_0217.uasset" 9851
"../../../Engine/Content/EngineMaterials/Substrate/Glints2/dict_0006_0218.uasset" 9852
"../../../Engine/Content/EngineMaterials/Substrate/Glints2/dict_0006_0219.uasset" 9853
"../../../Engine/Content/EngineMaterials/Substrate/Glints2/dict_0006_0221.uasset" 9854
"/Engine/EngineMaterials/Substrate/Glints2/dict_0006_0221" 9855
"/Engine/EngineMaterials/Substrate/Glints2/dict_0006_0217" 9856
"/Engine/EngineMaterials/Substrate/Glints2/dict_0006_0219" 9857
"/Engine/EngineMaterials/Substrate/Glints2/dict_0006_0209" 9858
"/Engine/EngineMaterials/Substrate/Glints2/dict_0006_0218" 9859
"/Engine/EngineMaterials/Substrate/Glints2/dict_0006_0214" 9860
"/Engine/EngineMaterials/Substrate/Glints2/dict_0006_0216" 9861
"/Engine/EngineMaterials/Substrate/Glints2/dict_0006_0215" 9862
"../../../Engine/Content/EngineMaterials/Substrate/Glints2/dict_0006_0222.uasset" 9863
"../../../Engine/Content/EngineMaterials/Substrate/Glints2/dict_0006_0223.uasset" 9864
"../../../Engine/Content/EngineMaterials/Substrate/Glints2/dict_0006_0225.uasset" 9865
"../../../Engine/Content/EngineMaterials/Substrate/Glints2/dict_0006_0224.uasset" 9866
"../../../Engine/Content/EngineMaterials/Substrate/Glints2/dict_0006_0226.uasset" 9867
"/Engine/EngineMaterials/Substrate/Glints2/dict_0006_0226" 9868
"/Engine/EngineMaterials/Substrate/Glints2/dict_0006_0225" 9869
"../../../Engine/Content/EngineMaterials/Substrate/Glints2/dict_0006_0229.uasset" 9870
"/Engine/EngineMaterials/Substrate/Glints2/dict_0006_0222" 9871
"../../../Engine/Content/EngineMaterials/Substrate/Glints2/dict_0006_0228.uasset" 9872
"/Engine/EngineMaterials/Substrate/Glints2/dict_0006_0224" 9873
"/Engine/EngineMaterials/Substrate/Glints2/dict_0006_0223" 9874
"/Engine/EngineMaterials/Substrate/Glints2/dict_0006_0229" 9875
"../../../Engine/Content/EngineMaterials/Substrate/Glints2/dict_0006_0227.uasset" 9876
"/Engine/EngineMaterials/Substrate/Glints2/dict_0006_0228" 9877
"/Engine/EngineMaterials/Substrate/Glints2/dict_0006_0227" 9878
"../../../Engine/Content/EngineMaterials/Substrate/Glints2/dict_0006_0230.uasset" 9879
"../../../Engine/Content/EngineMaterials/Substrate/Glints2/dict_0006_0220.uasset" 9880
"../../../Engine/Content/EngineMaterials/Substrate/Glints2/dict_0006_0232.uasset" 9881
"../../../Engine/Content/EngineMaterials/Substrate/Glints2/dict_0006_0233.uasset" 9882
"../../../Engine/Content/EngineMaterials/Substrate/Glints2/dict_0006_0231.uasset" 9883
"../../../Engine/Content/EngineMaterials/Substrate/Glints2/dict_0006_0234.uasset" 9884
"/Engine/EngineMaterials/Substrate/Glints2/dict_0006_0220" 9885
"/Engine/EngineMaterials/Substrate/Glints2/dict_0006_0230" 9886
"/Engine/EngineMaterials/Substrate/Glints2/dict_0006_0234" 9887
"/Engine/EngineMaterials/Substrate/Glints2/dict_0006_0233" 9888
"/Engine/EngineMaterials/Substrate/Glints2/dict_0006_0232" 9889
"/Engine/EngineMaterials/Substrate/Glints2/dict_0006_0231" 9890
"../../../Engine/Content/EngineMaterials/Substrate/Glints2/dict_0006_0235.uasset" 9891
"../../../Engine/Content/EngineMaterials/Substrate/Glints2/dict_0006_0236.uasset" 9892
"../../../Engine/Content/EngineMaterials/Substrate/Glints2/dict_0006_0238.uasset" 9893
"../../../Engine/Content/EngineMaterials/Substrate/Glints2/dict_0006_0239.uasset" 9894
"/Engine/EngineMaterials/Substrate/Glints2/dict_0006_0239" 9895
"../../../Engine/Content/EngineMaterials/Substrate/Glints2/dict_0006_0241.uasset" 9896
"../../../Engine/Content/EngineMaterials/Substrate/Glints2/dict_0006_0240.uasset" 9897
"/Engine/EngineMaterials/Substrate/Glints2/dict_0006_0238" 9898
"/Engine/EngineMaterials/Substrate/Glints2/dict_0006_0236" 9899
"../../../Engine/Content/EngineMaterials/Substrate/Glints2/dict_0006_0243.uasset" 9900
"../../../Engine/Content/EngineMaterials/Substrate/Glints2/dict_0006_0242.uasset" 9901
"/Engine/EngineMaterials/Substrate/Glints2/dict_0006_0235" 9902
"/Engine/EngineMaterials/Substrate/Glints2/dict_0006_0243" 9903
"/Engine/EngineMaterials/Substrate/Glints2/dict_0006_0242" 9904
"/Engine/EngineMaterials/Substrate/Glints2/dict_0006_0241" 9905
"/Engine/EngineMaterials/Substrate/Glints2/dict_0006_0240" 9906
"../../../Engine/Content/EngineMaterials/Substrate/Glints2/dict_0006_0245.uasset" 9907
"../../../Engine/Content/EngineMaterials/Substrate/Glints2/dict_0006_0244.uasset" 9908
"../../../Engine/Content/EngineMaterials/Substrate/Glints2/dict_0006_0247.uasset" 9909
"../../../Engine/Content/EngineMaterials/Substrate/Glints2/dict_0006_0246.uasset" 9910
"/Engine/EngineMaterials/Substrate/Glints2/dict_0006_0244" 9911
"/Engine/EngineMaterials/Substrate/Glints2/dict_0006_0247" 9912
"/Engine/EngineMaterials/Substrate/Glints2/dict_0006_0246" 9913
"/Engine/EngineMaterials/Substrate/Glints2/dict_0006_0245" 9914
"../../../Engine/Content/EngineMaterials/Substrate/Glints2/dict_0006_0251.uasset" 9915
"../../../Engine/Content/EngineMaterials/Substrate/Glints2/dict_0006_0248.uasset" 9916
"../../../Engine/Content/EngineMaterials/Substrate/Glints2/dict_0006_0250.uasset" 9917
"../../../Engine/Content/EngineMaterials/Substrate/Glints2/dict_0006_0249.uasset" 9918
"/Engine/EngineMaterials/Substrate/Glints2/dict_0006_0251" 9919
"/Engine/EngineMaterials/Substrate/Glints2/dict_0006_0250" 9920
"/Engine/EngineMaterials/Substrate/Glints2/dict_0006_0249" 9921
"/Engine/EngineMaterials/Substrate/Glints2/dict_0006_0248" 9922
"../../../Engine/Content/EngineMaterials/Substrate/Glints2/dict_0006_0254.uasset" 9923
"../../../Engine/Content/EngineMaterials/Substrate/Glints2/dict_0006_0255.uasset" 9924
"../../../Engine/Content/EngineMaterials/Substrate/Glints2/dict_0006_0253.uasset" 9925
"/Engine/EngineMaterials/Substrate/Glints2/dict_0006_0255" 9926
"/Engine/EngineMaterials/Substrate/Glints2/dict_0006_0254" 9927
"/Engine/EngineMaterials/Substrate/Glints2/dict_0006_0253" 9928
"../../../Engine/Content/EngineMaterials/Substrate/Glints2/dict_0006_0252.uasset" 9929
"../../../Engine/Content/EngineMaterials/Substrate/Glints2/dict_0007_0000.uasset" 9930
"../../../Engine/Content/EngineMaterials/Substrate/Glints2/dict_0006_0237.uasset" 9931
"../../../Engine/Content/EngineMaterials/Substrate/Glints2/dict_0007_0002.uasset" 9932
"../../../Engine/Content/EngineMaterials/Substrate/Glints2/dict_0007_0001.uasset" 9933
"/Engine/EngineMaterials/Substrate/Glints2/dict_0006_0252" 9934
"/Engine/EngineMaterials/Substrate/Glints2/dict_0007_0001" 9935
"/Engine/EngineMaterials/Substrate/Glints2/dict_0006_0237" 9936
"/Engine/EngineMaterials/Substrate/Glints2/dict_0007_0000" 9937
"/Engine/EngineMaterials/Substrate/Glints2/dict_0007_0002" 9938
"../../../Engine/Content/EngineMaterials/Substrate/Glints2/dict_0007_0004.uasset" 9939
"../../../Engine/Content/EngineMaterials/Substrate/Glints2/dict_0007_0006.uasset" 9940
"../../../Engine/Content/EngineMaterials/Substrate/Glints2/dict_0007_0007.uasset" 9941
"../../../Engine/Content/EngineMaterials/Substrate/Glints2/dict_0007_0008.uasset" 9942
"../../../Engine/Content/EngineMaterials/Substrate/Glints2/dict_0007_0009.uasset" 9943
"/Engine/EngineMaterials/Substrate/Glints2/dict_0007_0004" 9944
"/Engine/EngineMaterials/Substrate/Glints2/dict_0007_0007" 9945
"/Engine/EngineMaterials/Substrate/Glints2/dict_0007_0006" 9946
"/Engine/EngineMaterials/Substrate/Glints2/dict_0007_0009" 9947
"/Engine/EngineMaterials/Substrate/Glints2/dict_0007_0008" 9948
"../../../Engine/Content/EngineMaterials/Substrate/Glints2/dict_0007_0003.uasset" 9949
"../../../Engine/Content/EngineMaterials/Substrate/Glints2/dict_0007_0010.uasset" 9950
"../../../Engine/Content/EngineMaterials/Substrate/Glints2/dict_0007_0011.uasset" 9951
"../../../Engine/Content/EngineMaterials/Substrate/Glints2/dict_0007_0012.uasset" 9952
"../../../Engine/Content/EngineMaterials/Substrate/Glints2/dict_0007_0005.uasset" 9953
"../../../Engine/Content/EngineMaterials/Substrate/Glints2/dict_0007_0013.uasset" 9954
"/Engine/EngineMaterials/Substrate/Glints2/dict_0007_0010" 9955
"/Engine/EngineMaterials/Substrate/Glints2/dict_0007_0013" 9956
"/Engine/EngineMaterials/Substrate/Glints2/dict_0007_0012" 9957
"/Engine/EngineMaterials/Substrate/Glints2/dict_0007_0011" 9958
"/Engine/EngineMaterials/Substrate/Glints2/dict_0007_0003" 9959
"/Engine/EngineMaterials/Substrate/Glints2/dict_0007_0005" 9960
"../../../Engine/Content/EngineMaterials/Substrate/Glints2/dict_0007_0016.uasset" 9961
"../../../Engine/Content/EngineMaterials/Substrate/Glints2/dict_0007_0015.uasset" 9962
"../../../Engine/Content/EngineMaterials/Substrate/Glints2/dict_0007_0018.uasset" 9963
"../../../Engine/Content/EngineMaterials/Substrate/Glints2/dict_0007_0014.uasset" 9964
"../../../Engine/Content/EngineMaterials/Substrate/Glints2/dict_0007_0020.uasset" 9965
"../../../Engine/Content/EngineMaterials/Substrate/Glints2/dict_0007_0019.uasset" 9966
"/Engine/EngineMaterials/Substrate/Glints2/dict_0007_0014" 9967
"/Engine/EngineMaterials/Substrate/Glints2/dict_0007_0018" 9968
"/Engine/EngineMaterials/Substrate/Glints2/dict_0007_0020" 9969
"../../../Engine/Content/EngineMaterials/Substrate/Glints2/dict_0007_0021.uasset" 9970
"/Engine/EngineMaterials/Substrate/Glints2/dict_0007_0016" 9971
"/Engine/EngineMaterials/Substrate/Glints2/dict_0007_0019" 9972
"/Engine/EngineMaterials/Substrate/Glints2/dict_0007_0015" 9973
"/Engine/EngineMaterials/Substrate/Glints2/dict_0007_0021" 9974
"../../../Engine/Content/EngineMaterials/Substrate/Glints2/dict_0007_0024.uasset" 9975
"../../../Engine/Content/EngineMaterials/Substrate/Glints2/dict_0007_0023.uasset" 9976
"../../../Engine/Content/EngineMaterials/Substrate/Glints2/dict_0007_0017.uasset" 9977
"../../../Engine/Content/EngineMaterials/Substrate/Glints2/dict_0007_0025.uasset" 9978
"../../../Engine/Content/EngineMaterials/Substrate/Glints2/dict_0007_0022.uasset" 9979
"../../../Engine/Content/EngineMaterials/Substrate/Glints2/dict_0007_0026.uasset" 9980
"../../../Engine/Content/EngineMaterials/Substrate/Glints2/dict_0007_0027.uasset" 9981
"/Engine/EngineMaterials/Substrate/Glints2/dict_0007_0026" 9982
"/Engine/EngineMaterials/Substrate/Glints2/dict_0007_0022" 9983
"/Engine/EngineMaterials/Substrate/Glints2/dict_0007_0025" 9984
"/Engine/EngineMaterials/Substrate/Glints2/dict_0007_0024" 9985
"/Engine/EngineMaterials/Substrate/Glints2/dict_0007_0023" 9986
"/Engine/EngineMaterials/Substrate/Glints2/dict_0007_0017" 9987
"/Engine/EngineMaterials/Substrate/Glints2/dict_0007_0027" 9988
"../../../Engine/Content/EngineMaterials/Substrate/Glints2/dict_0007_0029.uasset" 9989
"../../../Engine/Content/EngineMaterials/Substrate/Glints2/dict_0007_0031.uasset" 9990
"../../../Engine/Content/EngineMaterials/Substrate/Glints2/dict_0007_0032.uasset" 9991
"../../../Engine/Content/EngineMaterials/Substrate/Glints2/dict_0007_0030.uasset" 9992
"/Engine/EngineMaterials/Substrate/Glints2/dict_0007_0032" 9993
"/Engine/EngineMaterials/Substrate/Glints2/dict_0007_0031" 9994
"/Engine/EngineMaterials/Substrate/Glints2/dict_0007_0029" 9995
"/Engine/EngineMaterials/Substrate/Glints2/dict_0007_0030" 9996
"../../../Engine/Content/EngineMaterials/Substrate/Glints2/dict_0007_0034.uasset" 9997
"../../../Engine/Content/EngineMaterials/Substrate/Glints2/dict_0007_0033.uasset" 9998
"../../../Engine/Content/EngineMaterials/Substrate/Glints2/dict_0007_0035.uasset" 9999
"/Engine/EngineMaterials/Substrate/Glints2/dict_0007_0034" 10000
"/Engine/EngineMaterials/Substrate/Glints2/dict_0007_0033" 10001
"/Engine/EngineMaterials/Substrate/Glints2/dict_0007_0035" 10002
"../../../Engine/Content/EngineMaterials/Substrate/Glints2/dict_0007_0038.uasset" 10003
"../../../Engine/Content/EngineMaterials/Substrate/Glints2/dict_0007_0039.uasset" 10004
"../../../Engine/Content/EngineMaterials/Substrate/Glints2/dict_0007_0037.uasset" 10005
"/Engine/EngineMaterials/Substrate/Glints2/dict_0007_0039" 10006
"/Engine/EngineMaterials/Substrate/Glints2/dict_0007_0037" 10007
"/Engine/EngineMaterials/Substrate/Glints2/dict_0007_0038" 10008
"../../../Engine/Content/EngineMaterials/Substrate/Glints2/dict_0007_0040.uasset" 10009
"../../../Engine/Content/EngineMaterials/Substrate/Glints2/dict_0007_0028.uasset" 10010
"../../../Engine/Content/EngineMaterials/Substrate/Glints2/dict_0007_0041.uasset" 10011
"../../../Engine/Content/EngineMaterials/Substrate/Glints2/dict_0007_0042.uasset" 10012
"/Engine/EngineMaterials/Substrate/Glints2/dict_0007_0042" 10013
"/Engine/EngineMaterials/Substrate/Glints2/dict_0007_0028" 10014
"/Engine/EngineMaterials/Substrate/Glints2/dict_0007_0041" 10015
"/Engine/EngineMaterials/Substrate/Glints2/dict_0007_0040" 10016
"../../../Engine/Content/EngineMaterials/Substrate/Glints2/dict_0007_0043.uasset" 10017
"../../../Engine/Content/EngineMaterials/Substrate/Glints2/dict_0007_0046.uasset" 10018
"../../../Engine/Content/EngineMaterials/Substrate/Glints2/dict_0007_0045.uasset" 10019
"/Engine/EngineMaterials/Substrate/Glints2/dict_0007_0045" 10020
"../../../Engine/Content/EngineMaterials/Substrate/Glints2/dict_0007_0047.uasset" 10021
"/Engine/EngineMaterials/Substrate/Glints2/dict_0007_0043" 10022
"/Engine/EngineMaterials/Substrate/Glints2/dict_0007_0046" 10023
"/Engine/EngineMaterials/Substrate/Glints2/dict_0007_0047" 10024
"../../../Engine/Content/EngineMaterials/Substrate/Glints2/dict_0007_0049.uasset" 10025
"../../../Engine/Content/EngineMaterials/Substrate/Glints2/dict_0007_0036.uasset" 10026
"../../../Engine/Content/EngineMaterials/Substrate/Glints2/dict_0007_0048.uasset" 10027
"../../../Engine/Content/EngineMaterials/Substrate/Glints2/dict_0007_0050.uasset" 10028
"../../../Engine/Content/EngineMaterials/Substrate/Glints2/dict_0007_0052.uasset" 10029
"../../../Engine/Content/EngineMaterials/Substrate/Glints2/dict_0007_0053.uasset" 10030
"../../../Engine/Content/EngineMaterials/Substrate/Glints2/dict_0007_0051.uasset" 10031
"/Engine/EngineMaterials/Substrate/Glints2/dict_0007_0051" 10032
"/Engine/EngineMaterials/Substrate/Glints2/dict_0007_0050" 10033
"/Engine/EngineMaterials/Substrate/Glints2/dict_0007_0052" 10034
"/Engine/EngineMaterials/Substrate/Glints2/dict_0007_0036" 10035
"/Engine/EngineMaterials/Substrate/Glints2/dict_0007_0049" 10036
"/Engine/EngineMaterials/Substrate/Glints2/dict_0007_0053" 10037
"/Engine/EngineMaterials/Substrate/Glints2/dict_0007_0048" 10038
"../../../Engine/Content/EngineMaterials/Substrate/Glints2/dict_0007_0057.uasset" 10039
"../../../Engine/Content/EngineMaterials/Substrate/Glints2/dict_0007_0054.uasset" 10040
"../../../Engine/Content/EngineMaterials/Substrate/Glints2/dict_0007_0056.uasset" 10041
"../../../Engine/Content/EngineMaterials/Substrate/Glints2/dict_0007_0055.uasset" 10042
"/Engine/EngineMaterials/Substrate/Glints2/dict_0007_0057" 10043
"/Engine/EngineMaterials/Substrate/Glints2/dict_0007_0056" 10044
"/Engine/EngineMaterials/Substrate/Glints2/dict_0007_0055" 10045
"/Engine/EngineMaterials/Substrate/Glints2/dict_0007_0054" 10046
"../../../Engine/Content/EngineMaterials/Substrate/Glints2/dict_0007_0060.uasset" 10047
"../../../Engine/Content/EngineMaterials/Substrate/Glints2/dict_0007_0059.uasset" 10048
"../../../Engine/Content/EngineMaterials/Substrate/Glints2/dict_0007_0058.uasset" 10049
"../../../Engine/Content/EngineMaterials/Substrate/Glints2/dict_0007_0061.uasset" 10050
"../../../Engine/Content/EngineMaterials/Substrate/Glints2/dict_0007_0062.uasset" 10051
"/Engine/EngineMaterials/Substrate/Glints2/dict_0007_0059" 10052
"/Engine/EngineMaterials/Substrate/Glints2/dict_0007_0058" 10053
"/Engine/EngineMaterials/Substrate/Glints2/dict_0007_0062" 10054
"/Engine/EngineMaterials/Substrate/Glints2/dict_0007_0061" 10055
"/Engine/EngineMaterials/Substrate/Glints2/dict_0007_0060" 10056
"../../../Engine/Content/EngineMaterials/Substrate/Glints2/dict_0007_0064.uasset" 10057
"../../../Engine/Content/EngineMaterials/Substrate/Glints2/dict_0007_0065.uasset" 10058
"../../../Engine/Content/EngineMaterials/Substrate/Glints2/dict_0007_0063.uasset" 10059
"../../../Engine/Content/EngineMaterials/Substrate/Glints2/dict_0007_0067.uasset" 10060
"../../../Engine/Content/EngineMaterials/Substrate/Glints2/dict_0007_0068.uasset" 10061
"../../../Engine/Content/EngineMaterials/Substrate/Glints2/dict_0007_0066.uasset" 10062
"/Engine/EngineMaterials/Substrate/Glints2/dict_0007_0066" 10063
"/Engine/EngineMaterials/Substrate/Glints2/dict_0007_0068" 10064
"/Engine/EngineMaterials/Substrate/Glints2/dict_0007_0065" 10065
"/Engine/EngineMaterials/Substrate/Glints2/dict_0007_0063" 10066
"/Engine/EngineMaterials/Substrate/Glints2/dict_0007_0067" 10067
"/Engine/EngineMaterials/Substrate/Glints2/dict_0007_0064" 10068
"../../../Engine/Content/EngineMaterials/Substrate/Glints2/dict_0007_0070.uasset" 10069
"../../../Engine/Content/EngineMaterials/Substrate/Glints2/dict_0007_0072.uasset" 10070
"../../../Engine/Content/EngineMaterials/Substrate/Glints2/dict_0007_0069.uasset" 10071
"/Engine/EngineMaterials/Substrate/Glints2/dict_0007_0072" 10072
"/Engine/EngineMaterials/Substrate/Glints2/dict_0007_0070" 10073
"/Engine/EngineMaterials/Substrate/Glints2/dict_0007_0069" 10074
"../../../Engine/Content/EngineMaterials/Substrate/Glints2/dict_0007_0071.uasset" 10075
"../../../Engine/Content/EngineMaterials/Substrate/Glints2/dict_0007_0073.uasset" 10076
"../../../Engine/Content/EngineMaterials/Substrate/Glints2/dict_0007_0074.uasset" 10077
"../../../Engine/Content/EngineMaterials/Substrate/Glints2/dict_0007_0075.uasset" 10078
"../../../Engine/Content/EngineMaterials/Substrate/Glints2/dict_0007_0076.uasset" 10079
"/Engine/EngineMaterials/Substrate/Glints2/dict_0007_0076" 10080
"/Engine/EngineMaterials/Substrate/Glints2/dict_0007_0075" 10081
"/Engine/EngineMaterials/Substrate/Glints2/dict_0007_0073" 10082
"/Engine/EngineMaterials/Substrate/Glints2/dict_0007_0071" 10083
"/Engine/EngineMaterials/Substrate/Glints2/dict_0007_0074" 10084
"../../../Engine/Content/EngineMaterials/Substrate/Glints2/dict_0007_0077.uasset" 10085
"../../../Engine/Content/EngineMaterials/Substrate/Glints2/dict_0007_0078.uasset" 10086
"../../../Engine/Content/EngineMaterials/Substrate/Glints2/dict_0007_0079.uasset" 10087
"../../../Engine/Content/EngineMaterials/Substrate/Glints2/dict_0007_0080.uasset" 10088
"../../../Engine/Content/EngineMaterials/Substrate/Glints2/dict_0007_0081.uasset" 10089
"../../../Engine/Content/EngineMaterials/Substrate/Glints2/dict_0007_0083.uasset" 10090
"../../../Engine/Content/EngineMaterials/Substrate/Glints2/dict_0007_0082.uasset" 10091
"/Engine/EngineMaterials/Substrate/Glints2/dict_0007_0083" 10092
"/Engine/EngineMaterials/Substrate/Glints2/dict_0007_0082" 10093
"/Engine/EngineMaterials/Substrate/Glints2/dict_0007_0081" 10094
"/Engine/EngineMaterials/Substrate/Glints2/dict_0007_0080" 10095
"/Engine/EngineMaterials/Substrate/Glints2/dict_0007_0079" 10096
"/Engine/EngineMaterials/Substrate/Glints2/dict_0007_0078" 10097
"/Engine/EngineMaterials/Substrate/Glints2/dict_0007_0077" 10098
"../../../Engine/Content/EngineMaterials/Substrate/Glints2/dict_0007_0085.uasset" 10099
"../../../Engine/Content/EngineMaterials/Substrate/Glints2/dict_0007_0086.uasset" 10100
"../../../Engine/Content/EngineMaterials/Substrate/Glints2/dict_0007_0084.uasset" 10101
"../../../Engine/Content/EngineMaterials/Substrate/Glints2/dict_0007_0087.uasset" 10102
"/Engine/EngineMaterials/Substrate/Glints2/dict_0007_0084" 10103
"/Engine/EngineMaterials/Substrate/Glints2/dict_0007_0087" 10104
"/Engine/EngineMaterials/Substrate/Glints2/dict_0007_0086" 10105
"/Engine/EngineMaterials/Substrate/Glints2/dict_0007_0085" 10106
"../../../Engine/Content/EngineMaterials/Substrate/Glints2/dict_0007_0088.uasset" 10107
"/Engine/EngineMaterials/Substrate/Glints2/dict_0007_0088" 10108
"../../../Engine/Content/EngineMaterials/Substrate/Glints2/dict_0007_0089.uasset" 10109
"/Engine/EngineMaterials/Substrate/Glints2/dict_0007_0089" 10110
"../../../Engine/Content/EngineMaterials/Substrate/Glints2/dict_0007_0091.uasset" 10111
"../../../Engine/Content/EngineMaterials/Substrate/Glints2/dict_0007_0090.uasset" 10112
"../../../Engine/Content/EngineMaterials/Substrate/Glints2/dict_0007_0044.uasset" 10113
"../../../Engine/Content/EngineMaterials/Substrate/Glints2/dict_0007_0092.uasset" 10114
"../../../Engine/Content/EngineMaterials/Substrate/Glints2/dict_0007_0094.uasset" 10115
"../../../Engine/Content/EngineMaterials/Substrate/Glints2/dict_0007_0095.uasset" 10116
"/Engine/EngineMaterials/Substrate/Glints2/dict_0007_0092" 10117
"/Engine/EngineMaterials/Substrate/Glints2/dict_0007_0044" 10118
"/Engine/EngineMaterials/Substrate/Glints2/dict_0007_0091" 10119
"/Engine/EngineMaterials/Substrate/Glints2/dict_0007_0090" 10120
"/Engine/EngineMaterials/Substrate/Glints2/dict_0007_0095" 10121
"/Engine/EngineMaterials/Substrate/Glints2/dict_0007_0094" 10122
"../../../Engine/Content/EngineMaterials/Substrate/Glints2/dict_0007_0097.uasset" 10123
"../../../Engine/Content/EngineMaterials/Substrate/Glints2/dict_0007_0098.uasset" 10124
"../../../Engine/Content/EngineMaterials/Substrate/Glints2/dict_0007_0093.uasset" 10125
"../../../Engine/Content/EngineMaterials/Substrate/Glints2/dict_0007_0099.uasset" 10126
"../../../Engine/Content/EngineMaterials/Substrate/Glints2/dict_0007_0096.uasset" 10127
"../../../Engine/Content/EngineMaterials/Substrate/Glints2/dict_0007_0100.uasset" 10128
"/Engine/EngineMaterials/Substrate/Glints2/dict_0007_0099" 10129
"/Engine/EngineMaterials/Substrate/Glints2/dict_0007_0093" 10130
"/Engine/EngineMaterials/Substrate/Glints2/dict_0007_0098" 10131
"../../../Engine/Content/EngineMaterials/Substrate/Glints2/dict_0007_0101.uasset" 10132
"/Engine/EngineMaterials/Substrate/Glints2/dict_0007_0097" 10133
"../../../Engine/Content/EngineMaterials/Substrate/Glints2/dict_0007_0102.uasset" 10134
"/Engine/EngineMaterials/Substrate/Glints2/dict_0007_0096" 10135
"/Engine/EngineMaterials/Substrate/Glints2/dict_0007_0102" 10136
"/Engine/EngineMaterials/Substrate/Glints2/dict_0007_0101" 10137
"/Engine/EngineMaterials/Substrate/Glints2/dict_0007_0100" 10138
"../../../Engine/Content/EngineMaterials/Substrate/Glints2/dict_0007_0105.uasset" 10139
"../../../Engine/Content/EngineMaterials/Substrate/Glints2/dict_0007_0104.uasset" 10140
"../../../Engine/Content/EngineMaterials/Substrate/Glints2/dict_0007_0106.uasset" 10141
"../../../Engine/Content/EngineMaterials/Substrate/Glints2/dict_0007_0107.uasset" 10142
"/Engine/EngineMaterials/Substrate/Glints2/dict_0007_0107" 10143
"/Engine/EngineMaterials/Substrate/Glints2/dict_0007_0106" 10144
"/Engine/EngineMaterials/Substrate/Glints2/dict_0007_0105" 10145
"/Engine/EngineMaterials/Substrate/Glints2/dict_0007_0104" 10146
"../../../Engine/Content/EngineMaterials/Substrate/Glints2/dict_0007_0110.uasset" 10147
"../../../Engine/Content/EngineMaterials/Substrate/Glints2/dict_0007_0108.uasset" 10148
"../../../Engine/Content/EngineMaterials/Substrate/Glints2/dict_0007_0109.uasset" 10149
"../../../Engine/Content/EngineMaterials/Substrate/Glints2/dict_0007_0103.uasset" 10150
"../../../Engine/Content/EngineMaterials/Substrate/Glints2/dict_0007_0111.uasset" 10151
"../../../Engine/Content/EngineMaterials/Substrate/Glints2/dict_0007_0112.uasset" 10152
"../../../Engine/Content/EngineMaterials/Substrate/Glints2/dict_0007_0115.uasset" 10153
"../../../Engine/Content/EngineMaterials/Substrate/Glints2/dict_0007_0113.uasset" 10154
"/Engine/EngineMaterials/Substrate/Glints2/dict_0007_0113" 10155
"/Engine/EngineMaterials/Substrate/Glints2/dict_0007_0112" 10156
"/Engine/EngineMaterials/Substrate/Glints2/dict_0007_0111" 10157
"/Engine/EngineMaterials/Substrate/Glints2/dict_0007_0115" 10158
"/Engine/EngineMaterials/Substrate/Glints2/dict_0007_0110" 10159
"/Engine/EngineMaterials/Substrate/Glints2/dict_0007_0109" 10160
"/Engine/EngineMaterials/Substrate/Glints2/dict_0007_0108" 10161
"/Engine/EngineMaterials/Substrate/Glints2/dict_0007_0103" 10162
"../../../Engine/Content/EngineMaterials/Substrate/Glints2/dict_0007_0114.uasset" 10163
"../../../Engine/Content/EngineMaterials/Substrate/Glints2/dict_0007_0118.uasset" 10164
"../../../Engine/Content/EngineMaterials/Substrate/Glints2/dict_0007_0119.uasset" 10165
"../../../Engine/Content/EngineMaterials/Substrate/Glints2/dict_0007_0117.uasset" 10166
"../../../Engine/Content/EngineMaterials/Substrate/Glints2/dict_0007_0123.uasset" 10167
"../../../Engine/Content/EngineMaterials/Substrate/Glints2/dict_0007_0122.uasset" 10168
"../../../Engine/Content/EngineMaterials/Substrate/Glints2/dict_0007_0121.uasset" 10169
"/Engine/EngineMaterials/Substrate/Glints2/dict_0007_0119" 10170
"/Engine/EngineMaterials/Substrate/Glints2/dict_0007_0118" 10171
"../../../Engine/Content/EngineMaterials/Substrate/Glints2/dict_0007_0120.uasset" 10172
"../../../Engine/Content/EngineMaterials/Substrate/Glints2/dict_0007_0116.uasset" 10173
"/Engine/EngineMaterials/Substrate/Glints2/dict_0007_0114" 10174
"/Engine/EngineMaterials/Substrate/Glints2/dict_0007_0117" 10175
"/Engine/EngineMaterials/Substrate/Glints2/dict_0007_0123" 10176
"/Engine/EngineMaterials/Substrate/Glints2/dict_0007_0116" 10177
"/Engine/EngineMaterials/Substrate/Glints2/dict_0007_0122" 10178
"/Engine/EngineMaterials/Substrate/Glints2/dict_0007_0121" 10179
"/Engine/EngineMaterials/Substrate/Glints2/dict_0007_0120" 10180
"../../../Engine/Content/EngineMaterials/Substrate/Glints2/dict_0007_0126.uasset" 10181
"../../../Engine/Content/EngineMaterials/Substrate/Glints2/dict_0007_0125.uasset" 10182
"../../../Engine/Content/EngineMaterials/Substrate/Glints2/dict_0007_0127.uasset" 10183
"../../../Engine/Content/EngineMaterials/Substrate/Glints2/dict_0007_0124.uasset" 10184
"/Engine/EngineMaterials/Substrate/Glints2/dict_0007_0126" 10185
"/Engine/EngineMaterials/Substrate/Glints2/dict_0007_0125" 10186
"/Engine/EngineMaterials/Substrate/Glints2/dict_0007_0127" 10187
"/Engine/EngineMaterials/Substrate/Glints2/dict_0007_0124" 10188
"../../../Engine/Content/EngineMaterials/Substrate/Glints2/dict_0007_0132.uasset" 10189
"../../../Engine/Content/EngineMaterials/Substrate/Glints2/dict_0007_0131.uasset" 10190
"../../../Engine/Content/EngineMaterials/Substrate/Glints2/dict_0007_0129.uasset" 10191
"../../../Engine/Content/EngineMaterials/Substrate/Glints2/dict_0007_0130.uasset" 10192
"/Engine/EngineMaterials/Substrate/Glints2/dict_0007_0131" 10193
"/Engine/EngineMaterials/Substrate/Glints2/dict_0007_0130" 10194
"/Engine/EngineMaterials/Substrate/Glints2/dict_0007_0129" 10195
"/Engine/EngineMaterials/Substrate/Glints2/dict_0007_0132" 10196
"../../../Engine/Content/EngineMaterials/Substrate/Glints2/dict_0007_0135.uasset" 10197
"../../../Engine/Content/EngineMaterials/Substrate/Glints2/dict_0007_0136.uasset" 10198
"../../../Engine/Content/EngineMaterials/Substrate/Glints2/dict_0007_0134.uasset" 10199
"../../../Engine/Content/EngineMaterials/Substrate/Glints2/dict_0007_0133.uasset" 10200
"/Engine/EngineMaterials/Substrate/Glints2/dict_0007_0134" 10201
"/Engine/EngineMaterials/Substrate/Glints2/dict_0007_0136" 10202
"/Engine/EngineMaterials/Substrate/Glints2/dict_0007_0133" 10203
"/Engine/EngineMaterials/Substrate/Glints2/dict_0007_0135" 10204
"../../../Engine/Content/EngineMaterials/Substrate/Glints2/dict_0007_0138.uasset" 10205
"../../../Engine/Content/EngineMaterials/Substrate/Glints2/dict_0007_0139.uasset" 10206
"../../../Engine/Content/EngineMaterials/Substrate/Glints2/dict_0007_0140.uasset" 10207
"../../../Engine/Content/EngineMaterials/Substrate/Glints2/dict_0007_0137.uasset" 10208
"../../../Engine/Content/EngineMaterials/Substrate/Glints2/dict_0007_0144.uasset" 10209
"../../../Engine/Content/EngineMaterials/Substrate/Glints2/dict_0007_0141.uasset" 10210
"../../../Engine/Content/EngineMaterials/Substrate/Glints2/dict_0007_0143.uasset" 10211
"../../../Engine/Content/EngineMaterials/Substrate/Glints2/dict_0007_0142.uasset" 10212
"/Engine/EngineMaterials/Substrate/Glints2/dict_0007_0138" 10213
"/Engine/EngineMaterials/Substrate/Glints2/dict_0007_0137" 10214
"/Engine/EngineMaterials/Substrate/Glints2/dict_0007_0140" 10215
"/Engine/EngineMaterials/Substrate/Glints2/dict_0007_0139" 10216
"/Engine/EngineMaterials/Substrate/Glints2/dict_0007_0144" 10217
"/Engine/EngineMaterials/Substrate/Glints2/dict_0007_0143" 10218
"/Engine/EngineMaterials/Substrate/Glints2/dict_0007_0142" 10219
"/Engine/EngineMaterials/Substrate/Glints2/dict_0007_0141" 10220
"../../../Engine/Content/EngineMaterials/Substrate/Glints2/dict_0007_0146.uasset" 10221
"../../../Engine/Content/EngineMaterials/Substrate/Glints2/dict_0007_0147.uasset" 10222
"../../../Engine/Content/EngineMaterials/Substrate/Glints2/dict_0007_0148.uasset" 10223
"../../../Engine/Content/EngineMaterials/Substrate/Glints2/dict_0007_0145.uasset" 10224
"/Engine/EngineMaterials/Substrate/Glints2/dict_0007_0148" 10225
"/Engine/EngineMaterials/Substrate/Glints2/dict_0007_0147" 10226
"/Engine/EngineMaterials/Substrate/Glints2/dict_0007_0146" 10227
"/Engine/EngineMaterials/Substrate/Glints2/dict_0007_0145" 10228
"../../../Engine/Content/EngineMaterials/Substrate/Glints2/dict_0007_0152.uasset" 10229
"../../../Engine/Content/EngineMaterials/Substrate/Glints2/dict_0007_0149.uasset" 10230
"../../../Engine/Content/EngineMaterials/Substrate/Glints2/dict_0007_0151.uasset" 10231
"../../../Engine/Content/EngineMaterials/Substrate/Glints2/dict_0007_0150.uasset" 10232
"../../../Engine/Content/EngineMaterials/Substrate/Glints2/dict_0007_0156.uasset" 10233
"../../../Engine/Content/EngineMaterials/Substrate/Glints2/dict_0007_0154.uasset" 10234
"../../../Engine/Content/EngineMaterials/Substrate/Glints2/dict_0007_0155.uasset" 10235
"../../../Engine/Content/EngineMaterials/Substrate/Glints2/dict_0007_0153.uasset" 10236
"/Engine/EngineMaterials/Substrate/Glints2/dict_0007_0150" 10237
"/Engine/EngineMaterials/Substrate/Glints2/dict_0007_0149" 10238
"../../../Engine/Content/EngineMaterials/Substrate/Glints2/dict_0007_0128.uasset" 10239
"/Engine/EngineMaterials/Substrate/Glints2/dict_0007_0156" 10240
"/Engine/EngineMaterials/Substrate/Glints2/dict_0007_0155" 10241
"/Engine/EngineMaterials/Substrate/Glints2/dict_0007_0154" 10242
"/Engine/EngineMaterials/Substrate/Glints2/dict_0007_0152" 10243
"/Engine/EngineMaterials/Substrate/Glints2/dict_0007_0151" 10244
"/Engine/EngineMaterials/Substrate/Glints2/dict_0007_0128" 10245
"/Engine/EngineMaterials/Substrate/Glints2/dict_0007_0153" 10246
"../../../Engine/Content/EngineMaterials/Substrate/Glints2/dict_0007_0157.uasset" 10247
"../../../Engine/Content/EngineMaterials/Substrate/Glints2/dict_0007_0158.uasset" 10248
"../../../Engine/Content/EngineMaterials/Substrate/Glints2/dict_0007_0159.uasset" 10249
"../../../Engine/Content/EngineMaterials/Substrate/Glints2/dict_0007_0160.uasset" 10250
"/Engine/EngineMaterials/Substrate/Glints2/dict_0007_0159" 10251
"/Engine/EngineMaterials/Substrate/Glints2/dict_0007_0158" 10252
"../../../Engine/Content/EngineMaterials/Substrate/Glints2/dict_0007_0163.uasset" 10253
"../../../Engine/Content/EngineMaterials/Substrate/Glints2/dict_0007_0164.uasset" 10254
"../../../Engine/Content/EngineMaterials/Substrate/Glints2/dict_0007_0162.uasset" 10255
"../../../Engine/Content/EngineMaterials/Substrate/Glints2/dict_0007_0165.uasset" 10256
"/Engine/EngineMaterials/Substrate/Glints2/dict_0007_0157" 10257
"/Engine/EngineMaterials/Substrate/Glints2/dict_0007_0160" 10258
"/Engine/EngineMaterials/Substrate/Glints2/dict_0007_0163" 10259
"/Engine/EngineMaterials/Substrate/Glints2/dict_0007_0162" 10260
"/Engine/EngineMaterials/Substrate/Glints2/dict_0007_0165" 10261
"/Engine/EngineMaterials/Substrate/Glints2/dict_0007_0164" 10262
"../../../Engine/Content/EngineMaterials/Substrate/Glints2/dict_0007_0166.uasset" 10263
"../../../Engine/Content/EngineMaterials/Substrate/Glints2/dict_0007_0169.uasset" 10264
"../../../Engine/Content/EngineMaterials/Substrate/Glints2/dict_0007_0167.uasset" 10265
"../../../Engine/Content/EngineMaterials/Substrate/Glints2/dict_0007_0168.uasset" 10266
"/Engine/EngineMaterials/Substrate/Glints2/dict_0007_0167" 10267
"/Engine/EngineMaterials/Substrate/Glints2/dict_0007_0166" 10268
"/Engine/EngineMaterials/Substrate/Glints2/dict_0007_0169" 10269
"/Engine/EngineMaterials/Substrate/Glints2/dict_0007_0168" 10270
"../../../Engine/Content/EngineMaterials/Substrate/Glints2/dict_0007_0170.uasset" 10271
"../../../Engine/Content/EngineMaterials/Substrate/Glints2/dict_0007_0172.uasset" 10272
"../../../Engine/Content/EngineMaterials/Substrate/Glints2/dict_0007_0173.uasset" 10273
"../../../Engine/Content/EngineMaterials/Substrate/Glints2/dict_0007_0171.uasset" 10274
"../../../Engine/Content/EngineMaterials/Substrate/Glints2/dict_0007_0174.uasset" 10275
"../../../Engine/Content/EngineMaterials/Substrate/Glints2/dict_0007_0177.uasset" 10276
"../../../Engine/Content/EngineMaterials/Substrate/Glints2/dict_0007_0176.uasset" 10277
"../../../Engine/Content/EngineMaterials/Substrate/Glints2/dict_0007_0175.uasset" 10278
"/Engine/EngineMaterials/Substrate/Glints2/dict_0007_0171" 10279
"/Engine/EngineMaterials/Substrate/Glints2/dict_0007_0170" 10280
"/Engine/EngineMaterials/Substrate/Glints2/dict_0007_0177" 10281
"/Engine/EngineMaterials/Substrate/Glints2/dict_0007_0176" 10282
"/Engine/EngineMaterials/Substrate/Glints2/dict_0007_0175" 10283
"/Engine/EngineMaterials/Substrate/Glints2/dict_0007_0174" 10284
"/Engine/EngineMaterials/Substrate/Glints2/dict_0007_0173" 10285
"/Engine/EngineMaterials/Substrate/Glints2/dict_0007_0172" 10286
"../../../Engine/Content/EngineMaterials/Substrate/Glints2/dict_0007_0181.uasset" 10287
"../../../Engine/Content/EngineMaterials/Substrate/Glints2/dict_0007_0180.uasset" 10288
"../../../Engine/Content/EngineMaterials/Substrate/Glints2/dict_0007_0179.uasset" 10289
"../../../Engine/Content/EngineMaterials/Substrate/Glints2/dict_0007_0178.uasset" 10290
"/Engine/EngineMaterials/Substrate/Glints2/dict_0007_0179" 10291
"/Engine/EngineMaterials/Substrate/Glints2/dict_0007_0178" 10292
"/Engine/EngineMaterials/Substrate/Glints2/dict_0007_0181" 10293
"/Engine/EngineMaterials/Substrate/Glints2/dict_0007_0180" 10294
"../../../Engine/Content/EngineMaterials/Substrate/Glints2/dict_0007_0182.uasset" 10295
"../../../Engine/Content/EngineMaterials/Substrate/Glints2/dict_0007_0184.uasset" 10296
"../../../Engine/Content/EngineMaterials/Substrate/Glints2/dict_0007_0183.uasset" 10297
"../../../Engine/Content/EngineMaterials/Substrate/Glints2/dict_0007_0185.uasset" 10298
"/Engine/EngineMaterials/Substrate/Glints2/dict_0007_0185" 10299
"../../../Engine/Content/EngineMaterials/Substrate/Glints2/dict_0007_0187.uasset" 10300
"../../../Engine/Content/EngineMaterials/Substrate/Glints2/dict_0007_0188.uasset" 10301
"../../../Engine/Content/EngineMaterials/Substrate/Glints2/dict_0007_0186.uasset" 10302
"/Engine/EngineMaterials/Substrate/Glints2/dict_0007_0184" 10303
"/Engine/EngineMaterials/Substrate/Glints2/dict_0007_0183" 10304
"/Engine/EngineMaterials/Substrate/Glints2/dict_0007_0182" 10305
"/Engine/EngineMaterials/Substrate/Glints2/dict_0007_0188" 10306
"/Engine/EngineMaterials/Substrate/Glints2/dict_0007_0186" 10307
"/Engine/EngineMaterials/Substrate/Glints2/dict_0007_0187" 10308
"../../../Engine/Content/EngineMaterials/Substrate/Glints2/dict_0007_0189.uasset" 10309
"../../../Engine/Content/EngineMaterials/Substrate/Glints2/dict_0007_0192.uasset" 10310
"../../../Engine/Content/EngineMaterials/Substrate/Glints2/dict_0007_0191.uasset" 10311
"../../../Engine/Content/EngineMaterials/Substrate/Glints2/dict_0007_0190.uasset" 10312
"/Engine/EngineMaterials/Substrate/Glints2/dict_0007_0192" 10313
"../../../Engine/Content/EngineMaterials/Substrate/Glints2/dict_0007_0193.uasset" 10314
"/Engine/EngineMaterials/Substrate/Glints2/dict_0007_0191" 10315
"/Engine/EngineMaterials/Substrate/Glints2/dict_0007_0190" 10316
"/Engine/EngineMaterials/Substrate/Glints2/dict_0007_0189" 10317
"/Engine/EngineMaterials/Substrate/Glints2/dict_0007_0193" 10318
"../../../Engine/Content/EngineMaterials/Substrate/Glints2/dict_0007_0196.uasset" 10319
"../../../Engine/Content/EngineMaterials/Substrate/Glints2/dict_0007_0195.uasset" 10320
"../../../Engine/Content/EngineMaterials/Substrate/Glints2/dict_0007_0194.uasset" 10321
"../../../Engine/Content/EngineMaterials/Substrate/Glints2/dict_0007_0197.uasset" 10322
"../../../Engine/Content/EngineMaterials/Substrate/Glints2/dict_0007_0200.uasset" 10323
"../../../Engine/Content/EngineMaterials/Substrate/Glints2/dict_0007_0199.uasset" 10324
"../../../Engine/Content/EngineMaterials/Substrate/Glints2/dict_0007_0198.uasset" 10325
"/Engine/EngineMaterials/Substrate/Glints2/dict_0007_0196" 10326
"/Engine/EngineMaterials/Substrate/Glints2/dict_0007_0195" 10327
"/Engine/EngineMaterials/Substrate/Glints2/dict_0007_0200" 10328
"/Engine/EngineMaterials/Substrate/Glints2/dict_0007_0199" 10329
"/Engine/EngineMaterials/Substrate/Glints2/dict_0007_0194" 10330
"/Engine/EngineMaterials/Substrate/Glints2/dict_0007_0198" 10331
"/Engine/EngineMaterials/Substrate/Glints2/dict_0007_0197" 10332
"../../../Engine/Content/EngineMaterials/Substrate/Glints2/dict_0007_0201.uasset" 10333
"../../../Engine/Content/EngineMaterials/Substrate/Glints2/dict_0007_0202.uasset" 10334
"../../../Engine/Content/EngineMaterials/Substrate/Glints2/dict_0007_0204.uasset" 10335
"../../../Engine/Content/EngineMaterials/Substrate/Glints2/dict_0007_0203.uasset" 10336
"../../../Engine/Content/EngineMaterials/Substrate/Glints2/dict_0007_0207.uasset" 10337
"../../../Engine/Content/EngineMaterials/Substrate/Glints2/dict_0007_0206.uasset" 10338
"../../../Engine/Content/EngineMaterials/Substrate/Glints2/dict_0007_0208.uasset" 10339
"../../../Engine/Content/EngineMaterials/Substrate/Glints2/dict_0007_0205.uasset" 10340
"/Engine/EngineMaterials/Substrate/Glints2/dict_0007_0204" 10341
"/Engine/EngineMaterials/Substrate/Glints2/dict_0007_0203" 10342
"/Engine/EngineMaterials/Substrate/Glints2/dict_0007_0202" 10343
"/Engine/EngineMaterials/Substrate/Glints2/dict_0007_0201" 10344
"/Engine/EngineMaterials/Substrate/Glints2/dict_0007_0208" 10345
"/Engine/EngineMaterials/Substrate/Glints2/dict_0007_0207" 10346
"/Engine/EngineMaterials/Substrate/Glints2/dict_0007_0206" 10347
"/Engine/EngineMaterials/Substrate/Glints2/dict_0007_0205" 10348
"../../../Engine/Content/EngineMaterials/Substrate/Glints2/dict_0007_0209.uasset" 10349
"../../../Engine/Content/EngineMaterials/Substrate/Glints2/dict_0007_0212.uasset" 10350
"../../../Engine/Content/EngineMaterials/Substrate/Glints2/dict_0007_0211.uasset" 10351
"../../../Engine/Content/EngineMaterials/Substrate/Glints2/dict_0007_0210.uasset" 10352
"/Engine/EngineMaterials/Substrate/Glints2/dict_0007_0212" 10353
"/Engine/EngineMaterials/Substrate/Glints2/dict_0007_0211" 10354
"/Engine/EngineMaterials/Substrate/Glints2/dict_0007_0210" 10355
"/Engine/EngineMaterials/Substrate/Glints2/dict_0007_0209" 10356
"../../../Engine/Content/EngineMaterials/Substrate/Glints2/dict_0007_0213.uasset" 10357
"../../../Engine/Content/EngineMaterials/Substrate/Glints2/dict_0007_0215.uasset" 10358
"../../../Engine/Content/EngineMaterials/Substrate/Glints2/dict_0007_0216.uasset" 10359
"../../../Engine/Content/EngineMaterials/Substrate/Glints2/dict_0007_0214.uasset" 10360
"../../../Engine/Content/EngineMaterials/Substrate/Glints2/dict_0007_0219.uasset" 10361
"../../../Engine/Content/EngineMaterials/Substrate/Glints2/dict_0007_0220.uasset" 10362
"../../../Engine/Content/EngineMaterials/Substrate/Glints2/dict_0007_0217.uasset" 10363
"../../../Engine/Content/EngineMaterials/Substrate/Glints2/dict_0007_0218.uasset" 10364
"/Engine/EngineMaterials/Substrate/Glints2/dict_0007_0219" 10365
"/Engine/EngineMaterials/Substrate/Glints2/dict_0007_0218" 10366
"/Engine/EngineMaterials/Substrate/Glints2/dict_0007_0216" 10367
"/Engine/EngineMaterials/Substrate/Glints2/dict_0007_0215" 10368
"/Engine/EngineMaterials/Substrate/Glints2/dict_0007_0214" 10369
"/Engine/EngineMaterials/Substrate/Glints2/dict_0007_0213" 10370
"/Engine/EngineMaterials/Substrate/Glints2/dict_0007_0217" 10371
"/Engine/EngineMaterials/Substrate/Glints2/dict_0007_0220" 10372
"../../../Engine/Content/EngineMaterials/Substrate/Glints2/dict_0007_0221.uasset" 10373
"../../../Engine/Content/EngineMaterials/Substrate/Glints2/dict_0007_0224.uasset" 10374
"../../../Engine/Content/EngineMaterials/Substrate/Glints2/dict_0007_0222.uasset" 10375
"../../../Engine/Content/EngineMaterials/Substrate/Glints2/dict_0007_0223.uasset" 10376
"/Engine/EngineMaterials/Substrate/Glints2/dict_0007_0223" 10377
"/Engine/EngineMaterials/Substrate/Glints2/dict_0007_0222" 10378
"/Engine/EngineMaterials/Substrate/Glints2/dict_0007_0221" 10379
"../../../Engine/Content/EngineMaterials/Substrate/Glints2/dict_0007_0227.uasset" 10380
"../../../Engine/Content/EngineMaterials/Substrate/Glints2/dict_0007_0226.uasset" 10381
"../../../Engine/Content/EngineMaterials/Substrate/Glints2/dict_0007_0228.uasset" 10382
"/Engine/EngineMaterials/Substrate/Glints2/dict_0007_0224" 10383
"../../../Engine/Content/EngineMaterials/Substrate/Glints2/dict_0007_0225.uasset" 10384
"/Engine/EngineMaterials/Substrate/Glints2/dict_0007_0228" 10385
"/Engine/EngineMaterials/Substrate/Glints2/dict_0007_0227" 10386
"/Engine/EngineMaterials/Substrate/Glints2/dict_0007_0226" 10387
"/Engine/EngineMaterials/Substrate/Glints2/dict_0007_0225" 10388
"../../../Engine/Content/EngineMaterials/Substrate/Glints2/dict_0007_0231.uasset" 10389
"../../../Engine/Content/EngineMaterials/Substrate/Glints2/dict_0007_0232.uasset" 10390
"../../../Engine/Content/EngineMaterials/Substrate/Glints2/dict_0007_0230.uasset" 10391
"../../../Engine/Content/EngineMaterials/Substrate/Glints2/dict_0007_0229.uasset" 10392
"/Engine/EngineMaterials/Substrate/Glints2/dict_0007_0231" 10393
"/Engine/EngineMaterials/Substrate/Glints2/dict_0007_0230" 10394
"/Engine/EngineMaterials/Substrate/Glints2/dict_0007_0229" 10395
"/Engine/EngineMaterials/Substrate/Glints2/dict_0007_0232" 10396
"../../../Engine/Content/EngineMaterials/Substrate/Glints2/dict_0007_0236.uasset" 10397
"../../../Engine/Content/EngineMaterials/Substrate/Glints2/dict_0007_0233.uasset" 10398
"../../../Engine/Content/EngineMaterials/Substrate/Glints2/dict_0007_0235.uasset" 10399
"../../../Engine/Content/EngineMaterials/Substrate/Glints2/dict_0007_0234.uasset" 10400
"../../../Engine/Content/EngineMaterials/Substrate/Glints2/dict_0007_0237.uasset" 10401
"../../../Engine/Content/EngineMaterials/Substrate/Glints2/dict_0007_0239.uasset" 10402
"../../../Engine/Content/EngineMaterials/Substrate/Glints2/dict_0007_0238.uasset" 10403
"/Engine/EngineMaterials/Substrate/Glints2/dict_0007_0239" 10404
"/Engine/EngineMaterials/Substrate/Glints2/dict_0007_0238" 10405
"/Engine/EngineMaterials/Substrate/Glints2/dict_0007_0237" 10406
"/Engine/EngineMaterials/Substrate/Glints2/dict_0007_0236" 10407
"/Engine/EngineMaterials/Substrate/Glints2/dict_0007_0235" 10408
"/Engine/EngineMaterials/Substrate/Glints2/dict_0007_0234" 10409
"/Engine/EngineMaterials/Substrate/Glints2/dict_0007_0233" 10410
"../../../Engine/Content/EngineMaterials/Substrate/Glints2/dict_0007_0242.uasset" 10411
"../../../Engine/Content/EngineMaterials/Substrate/Glints2/dict_0007_0241.uasset" 10412
"../../../Engine/Content/EngineMaterials/Substrate/Glints2/dict_0007_0243.uasset" 10413
"../../../Engine/Content/EngineMaterials/Substrate/Glints2/dict_0007_0161.uasset" 10414
"/Engine/EngineMaterials/Substrate/Glints2/dict_0007_0243" 10415
"/Engine/EngineMaterials/Substrate/Glints2/dict_0007_0242" 10416
"../../../Engine/Content/EngineMaterials/Substrate/Glints2/dict_0007_0245.uasset" 10417
"../../../Engine/Content/EngineMaterials/Substrate/Glints2/dict_0007_0244.uasset" 10418
"/Engine/EngineMaterials/Substrate/Glints2/dict_0007_0241" 10419
"../../../Engine/Content/EngineMaterials/Substrate/Glints2/dict_0007_0246.uasset" 10420
"/Engine/EngineMaterials/Substrate/Glints2/dict_0007_0161" 10421
"/Engine/EngineMaterials/Substrate/Glints2/dict_0007_0246" 10422
"/Engine/EngineMaterials/Substrate/Glints2/dict_0007_0245" 10423
"/Engine/EngineMaterials/Substrate/Glints2/dict_0007_0244" 10424
"../../../Engine/Content/EngineMaterials/Substrate/Glints2/dict_0007_0250.uasset" 10425
"../../../Engine/Content/EngineMaterials/Substrate/Glints2/dict_0007_0249.uasset" 10426
"../../../Engine/Content/EngineMaterials/Substrate/Glints2/dict_0007_0248.uasset" 10427
"../../../Engine/Content/EngineMaterials/Substrate/Glints2/dict_0007_0240.uasset" 10428
"/Engine/EngineMaterials/Substrate/Glints2/dict_0007_0250" 10429
"/Engine/EngineMaterials/Substrate/Glints2/dict_0007_0249" 10430
"/Engine/EngineMaterials/Substrate/Glints2/dict_0007_0248" 10431
"/Engine/EngineMaterials/Substrate/Glints2/dict_0007_0240" 10432
"../../../Engine/Content/EngineMaterials/Substrate/Glints2/dict_0007_0252.uasset" 10433
"../../../Engine/Content/EngineMaterials/Substrate/Glints2/dict_0007_0251.uasset" 10434
"../../../Engine/Content/EngineMaterials/Substrate/Glints2/dict_0007_0253.uasset" 10435
"../../../Engine/Content/EngineMaterials/Substrate/Volume/SubstrateSimpleVolumeLUT2D.uasset" 10436
"../../../Engine/Content/EngineMaterials/Substrate/Glints2/dict_0007_0255.uasset" 10437
"/Engine/EngineMaterials/Substrate/Glints2/dict_0007_0255" 10438
"/Engine/EngineMaterials/Substrate/Glints2/dict_0007_0251" 10439
"/Engine/EngineMaterials/Substrate/Glints2/dict_0007_0253" 10440
"/Engine/EngineMaterials/Substrate/Glints2/dict_0007_0252" 10441
"/Engine/EngineMaterials/Substrate/Volume/SubstrateSimpleVolumeLUT2D" 10442
"../../../Engine/Content/EngineMaterials/Substrate/Glints2/AGlintTex2dArray2.uasset" 10443
"../../../Engine/Content/EngineMaterials/Substrate/Volume/SubstrateSimpleVolumeEnvLUT2D.uasset" 10444
"../../../Engine/Content/EngineMaterials/Substrate/Volume/SubstrateSimpleVolumeLUT3D.uasset" 10445
"../../../Engine/Content/EngineMaterials/Substrate/Volume/SubstrateSimpleVolumeEnvLUT3D.uasset" 10446
"C:/Users/kacpe/Desktop/GitHub/Game/Content/FirstPerson/Input/MobileControls.uasset" 10447
"/Engine/EngineMaterials/Substrate/Volume/SubstrateSimpleVolumeEnvLUT2D" 10448
"/Engine/EngineMaterials/Substrate/Volume/SubstrateSimpleVolumeLUT3D" 10449
"/Engine/EngineMaterials/Substrate/Volume/SubstrateSimpleVolumeEnvLUT3D" 10450
"../../../Engine/Content/MobileResources/HUD/VirtualJoystick_Thumb.uasset" 10451
"../../../Engine/Content/MobileResources/HUD/VirtualJoystick_Background.uasset" 10452
"../../../Engine/Content/EngineMaterials/PPM_DefaultCalibrationColor.uasset" 10453
"../../../Engine/Content/EngineMaterials/PPM_DefaultCalibrationGrayscale.uasset" 10454
"../../../Engine/Content/EngineMaterials/Substrate/Glints2/dict_0007_0254.uasset" 10455
"../../../Engine/Content/EngineMaterials/DefaultCalibrationColor.uasset" 10456
"../../../Engine/Content/Functions/Engine_MaterialFunctions03/Procedurals/HeightToNormalSmooth.uasset" 10457
"../../../Engine/Content/Functions/MaterialLayerFunctions/MatLayerBlend_OverrideOpacity.uasset" 10458
"../../../Engine/Content/EngineMaterials/DefaultCalibrationGrayscale.uasset" 10459
"/Game/FirstPerson/Input/MobileControls" 10460
"/Engine/Functions/Engine_MaterialFunctions03/Procedurals/HeightToNormalSmooth" 10461
"../../../Engine/Plugins/Interchange/Assets/Content/Functions/MX_Surface.uasset" 10462
"/Engine/EngineMaterials/Substrate/Glints2/dict_0007_0254" 10463
"/Engine/Functions/MaterialLayerFunctions/MatLayerBlend_OverrideOpacity" 10464
"../../../Engine/Content/Functions/Engine_MaterialFunctions02/Utility/BlendAngleCorrectedNormals.uasset" 10465
"/Engine/EngineMaterials/PPM_DefaultCalibrationGrayscale" 10466
"/Engine/EngineMaterials/PPM_DefaultCalibrationColor" 10467
"/InterchangeAssets/Functions/MX_Surface" 10468
"/Engine/Functions/Engine_MaterialFunctions02/Utility/BlendAngleCorrectedNormals" 10469
"../../../Engine/Plugins/NNE/NNEDenoiser/Content/NNEDIM_ColorAlbedoNormal_Alpha.uasset" 10470
"../../../Engine/Plugins/Interchange/Assets/Content/Functions/MX_Displacement.uasset" 10471
"/NNEDenoiser/NNEDIM_ColorAlbedoNormal_Alpha" 10472
"/InterchangeAssets/Functions/MX_Displacement" 10473
"../../../Engine/Plugins/NNE/NNEDenoiser/Content/NNEDIM_HighQuality_Alpha.uasset" 10474
"../../../Engine/Plugins/NNE/NNEDenoiser/Content/NNEDOM_Output_Alpha.uasset" 10475
"../../../Engine/Plugins/NNE/NNEDenoiser/Content/NNEDIM_HighQuality_Default.uasset" 10476
"/NNEDenoiser/NNEDOM_Output_Alpha" 10477
"/NNEDenoiser/NNEDIM_HighQuality_Default" 10478
"/NNEDenoiser/NNEDIM_HighQuality_Alpha" 10479
"../../../Engine/Plugins/NNE/NNEDenoiser/Content/NNEDOM_Output_Default.uasset" 10480
"../../../Engine/Plugins/NNE/NNEDenoiser/Content/NNEDTIM_ColorAlbedoNormal_Alpha.uasset" 10481
"../../../Engine/Plugins/NNE/NNEDenoiser/Content/NNEDTIM_ColorAlbedoNormal_Default.uasset" 10482
"/NNEDenoiser/NNEDTIM_ColorAlbedoNormal_Default" 10483
"/NNEDenoiser/NNEDTIM_ColorAlbedoNormal_Alpha" 10484
"/NNEDenoiser/NNEDOM_Output_Default" 10485
"../../../Engine/Plugins/NNE/NNEDenoiser/Content/NNEDTOM_Output_Alpha.uasset" 10486
"../../../Engine/Plugins/NNE/NNEDenoiser/Content/NNEDT_Oidn2-3_Balanced.uasset" 10487
"../../../Engine/Plugins/NNE/NNEDenoiser/Content/NNEDTOM_Output_Default.uasset" 10488
"/NNEDenoiser/NNEDTOM_Output_Alpha" 10489
"/NNEDenoiser/NNEDT_Oidn2-3_Balanced" 10490
"/NNEDenoiser/NNEDTOM_Output_Default" 10491
"../../../Engine/Plugins/NNE/NNEDenoiser/Content/NNEDIM_ColorAlbedoNormal_Default.uasset" 10492
"/NNEDenoiser/NNEDIM_ColorAlbedoNormal_Default" 10493
"../../../Engine/Plugins/NNE/NNEDenoiser/Content/NNED_Oidn2-3_Balanced_Alpha.uasset" 10494
"../../../Engine/Plugins/NNE/NNEDenoiser/Content/NNED_Oidn2-3_Balanced.uasset" 10495
"../../../Engine/Plugins/NNE/NNEDenoiser/Content/NNEDT_Oidn2-3_Balanced_Alpha.uasset" 10496
"/NNEDenoiser/NNED_Oidn2-3_Balanced_Alpha" 10497
"../../../Engine/Plugins/NNE/NNEDenoiser/Content/NNED_Oidn2-3_Fast_Alpha.uasset" 10498
"../../../Engine/Plugins/NNE/NNEDenoiser/Content/NNED_Oidn2-3_HighQuality.uasset" 10499
"/NNEDenoiser/NNED_Oidn2-3_Balanced" 10500
"/NNEDenoiser/NNEDT_Oidn2-3_Balanced_Alpha" 10501
"/NNEDenoiser/NNED_Oidn2-3_HighQuality" 10502
"/NNEDenoiser/NNED_Oidn2-3_Fast_Alpha" 10503
"../../../Engine/Content/EngineMaterials/Substrate/Glints2/dict_0007_0247.uasset" 10504
"../../../Engine/Plugins/NNE/NNEDenoiser/Content/NNED_Oidn2-3_HighQuality_Alpha.uasset" 10505
"/Engine/EngineMaterials/Substrate/Glints2/dict_0007_0247" 10506
"/NNEDenoiser/NNED_Oidn2-3_HighQuality_Alpha" 10507
"/Engine/EngineMaterials/Substrate/Glints2/AGlintTex2dArray2" 10508
"../../../Engine/Plugins/NNE/NNEDenoiser/Content/NNE_oidn2-3-0_rt_hdr_alb_nrm_small__dyn__fp16_opset11_ForwardAlpha.uasset" 10509
"../../../Engine/Plugins/NNE/NNEDenoiser/Content/NNE_oidn2-3-0_rt_hdr_alb_nrm_small__dyn__fp16_opset11_DenoiseAlpha.uasset" 10510
"../../../Engine/Plugins/NNE/NNEDenoiser/Content/NNED_Oidn2-3_Fast.uasset" 10511
"../../../Engine/Content/EditorResources/BSPVertex.uasset" 10512
"../../../Engine/Content/EngineMaterials/DefaultBloomKernel.uasset" 10513
"/Engine/EngineMaterials/DefaultBloomKernel" 10514
"/Engine/EditorResources/BSPVertex" 10515
"/NNEDenoiser/NNE_oidn2-3-0_rt_hdr_alb_nrm_small__dyn__fp16_opset11_ForwardAlpha" 10516
"../../../Engine/Plugins/NNE/NNEDenoiser/Content/NNE_oidn2-3-0_rt_hdr_calb_cnrm_large__dyn__fp16_opset11_ForwardAlpha.uasset" 10517
"../../../Engine/Plugins/NNE/NNEDenoiser/Content/NNE_oidn2-3-0_rt_hdr_calb_cnrm_large__dyn__fp16_opset11_DenoiseAlpha.uasset" 10518
"../../../Engine/Plugins/NNE/NNEDenoiser/Content/NNE_oidn2-3-0_rt_hdr_alb_nrm__dyn__fp16_opset11_ForwardAlpha.uasset" 10519
"/NNEDenoiser/NNE_oidn2-3-0_rt_hdr_alb_nrm_small__dyn__fp16_opset11_DenoiseAlpha" 10520
"../../../Engine/Content/EngineDebugMaterials/DebugEditorMaterial.uasset" 10521
"../../../Engine/Content/EngineMaterials/FastBlueNoise_scalar_128x128x64.uasset" 10522
"../../../Engine/Content/EngineMaterials/FastBlueNoise_vec2_128x128x64.uasset" 10523
"/NNEDenoiser/NNED_Oidn2-3_Fast" 10524
"/NNEDenoiser/NNE_oidn2-3-0_rt_hdr_calb_cnrm_large__dyn__fp16_opset11_ForwardAlpha" 10525
"../../../Engine/Content/EngineMaterials/LTC/Sheen_LTC.uasset" 10526
"../../../Engine/Content/EngineMaterials/FastBlueNoise_scalar_128x128x8.uasset" 10527
"../../../Engine/Content/EngineResources/Development/ZenLogo_64.uasset" 10528
"../../../Engine/Plugins/NNE/NNEDenoiser/Content/NNE_oidn2-3-0_rt_hdr_alb_nrm__dyn__fp16_opset11_DenoiseAlpha.uasset" 10529
"../../../Engine/Content/EngineSounds/Master.uasset" 10530
"../../../Engine/Plugins/Interchange/Runtime/Content/Pipelines/DefaultAssetsPipeline.uasset" 10531
"../../../Engine/Plugins/Interchange/Runtime/Content/Pipelines/DefaultMaterialXPipeline.uasset" 10532
"../../../Engine/Plugins/Interchange/Runtime/Content/Pipelines/DefaultGLTFAssetsPipeline.uasset" 10533
"../../../Engine/Plugins/Interchange/Runtime/Content/Pipelines/DefaultGLTFPipeline.uasset" 10534
"../../../Engine/Plugins/Interchange/Runtime/Content/Pipelines/DefaultMaterialPipeline.uasset" 10535
"../../../Engine/Plugins/Interchange/Runtime/Content/Pipelines/DefaultTexturePipeline.uasset" 10536
"../../../Engine/Plugins/Interchange/Runtime/Content/Pipelines/DefaultSceneAssetsPipeline.uasset" 10537
"../../../Engine/Plugins/Interchange/Runtime/Content/Pipelines/DefaultSceneLevelPipeline.uasset" 10538
"../../../Engine/Plugins/Interchange/Runtime/Content/Pipelines/DefaultGLTFSceneAssetsPipeline.uasset" 10539
"../../../Engine/Content/EngineResources/FilmGrains/Marcie_Grain_v3_128_M2_000.uasset" 10540
"../../../Engine/Content/EngineMaterials/EnergyConservation/Sheen_Energy.uasset" 10541
"../../../Engine/Plugins/Interchange/Assets/Content/Functions/MX_OrenNayarBSDF.uasset" 10542
"../../../Engine/Plugins/Interchange/Assets/Content/Functions/MX_SurfaceUnlit.uasset" 10543
"/NNEDenoiser/NNE_oidn2-3-0_rt_hdr_calb_cnrm_large__dyn__fp16_opset11_DenoiseAlpha" 10544
"../../../Engine/Plugins/Interchange/Assets/Content/Functions/MX_UsdPreviewSurface.uasset" 10545
"../../../Engine/Plugins/Interchange/Assets/Content/Functions/MX_TranslucentBSDF.uasset" 10546
"../../../Engine/Content/EngineMaterials/EnergyConservation/Diffuse_Energy.uasset" 10547
"../../../Engine/Plugins/Interchange/Assets/Content/Functions/MX_DielectricBSDF.uasset" 10548
"../../../Engine/Plugins/Interchange/Assets/Content/Functions/MX_BurleyDiffuseBSDF.uasset" 10549
"../../../Engine/Plugins/Interchange/Assets/Content/Functions/MX_ConductorBSDF.uasset" 10550
"../../../Engine/Plugins/Interchange/Assets/Content/Functions/MX_GeneralizedSchlickBSDF.uasset" 10551
"../../../Engine/Plugins/Interchange/Assets/Content/Functions/MX_SubsurfaceBSDF.uasset" 10552
"/Engine/EngineDebugMaterials/DebugEditorMaterial" 10553
"/Engine/EngineMaterials/FastBlueNoise_scalar_128x128x64" 10554
"/Engine/EngineMaterials/FastBlueNoise_vec2_128x128x64" 10555
"/NNEDenoiser/NNE_oidn2-3-0_rt_hdr_alb_nrm__dyn__fp16_opset11_ForwardAlpha" 10556
"/Engine/EngineResources/FilmGrains/Marcie_Grain_v3_128_M2_000" 10557
"/InterchangeAssets/Functions/MX_SubsurfaceBSDF" 10558
"/InterchangeAssets/Functions/MX_GeneralizedSchlickBSDF" 10559
"../../../Engine/Plugins/Interchange/Assets/Content/Functions/MX_SheenBSDF.uasset" 10560
"../../../Engine/Plugins/Interchange/Assets/Content/Functions/MX_ThinFilmBSDF.uasset" 10561
"../../../Engine/Plugins/Interchange/Assets/Content/Functions/MX_UniformEDF.uasset" 10562
"../../../Engine/Plugins/Interchange/Assets/Content/Functions/MX_ConicalEDF.uasset" 10563
"../../../Engine/Plugins/Interchange/Assets/Content/Functions/MX_MeasuredEDF.uasset" 10564
"../../../Engine/Plugins/Interchange/Assets/Content/Functions/MX_AbsorptionVDF.uasset" 10565
"C:/Users/kacpe/Desktop/GitHub/Game/Intermediate/ORTOptimizerPass_OptimizedBEB977174068ED2DBA3A0998C7567463.onnx" 10566
"C:/Users/kacpe/Desktop/GitHub/Game/Intermediate/ORTOptimizerPass_Optimized211BB8604EEEA7ED3B3C9AAD726D5F97.onnx" 10567
"C:/Users/kacpe/Desktop/GitHub/Game/Intermediate/ORTOptimizerPass_OptimizedAA82F61648E398DADC5A39B7DDA945C8.onnx" 10568
"C:/Users/kacpe/Desktop/GitHub/Game/Intermediate/ORTOptimizerPass_Optimized5BA90BE342F7815A6F0BF291AD5337D7.onnx" 10569
"C:/Users/kacpe/Desktop/GitHub/Game/Intermediate/ORTOptimizerPass_OptimizedF87316E74A30A5080E755D8BCB158A50.onnx" 10570
"C:/Users/kacpe/Desktop/GitHub/Game/Intermediate/ORTOptimizerPass_Optimized4C0550AD49AD74D6578E91A19C898CA8.onnx" 10571
"C:/Users/kacpe/Desktop/GitHub/Game/Intermediate/ORTOptimizerPass_OptimizedC2306AB643E8B1672F4178BF31C3C576.onnx" 10572
"C:/Users/kacpe/Desktop/GitHub/Game/Intermediate/ORTOptimizerPass_OptimizedF4C09DE34C4C344B282A65A3677798B2.onnx" 10573
"C:/Users/kacpe/Desktop/GitHub/Game/Intermediate/ORTOptimizerPass_Optimized4EF3B4FA45747B166D7D9C86CEBB9B0C.onnx" 10574
"C:/Users/kacpe/Desktop/GitHub/Game/Intermediate/ORTOptimizerPass_Optimized14DFF4624E4B9A147C63A29994C98443.onnx" 10575
"/Interchange/Pipelines/DefaultSceneLevelPipeline" 10576
"/Engine/EngineMaterials/EnergyConservation/Sheen_Energy" 10577
"/Interchange/Pipelines/DefaultSceneAssetsPipeline" 10578
"/Interchange/Pipelines/DefaultGLTFPipeline" 10579
"/Interchange/Pipelines/DefaultAssetsPipeline" 10580
"/Interchange/Pipelines/DefaultTexturePipeline" 10581
"/Engine/EngineSounds/Master" 10582
"/Engine/EngineMaterials/FastBlueNoise_scalar_128x128x8" 10583
"/InterchangeAssets/Functions/MX_BurleyDiffuseBSDF" 10584
"/Engine/EngineMaterials/LTC/Sheen_LTC" 10585
"/InterchangeAssets/Functions/MX_SurfaceUnlit" 10586
"/Interchange/Pipelines/DefaultGLTFSceneAssetsPipeline" 10587
"/Interchange/Pipelines/DefaultGLTFAssetsPipeline" 10588
"/NNEDenoiser/NNE_oidn2-3-0_rt_hdr_alb_nrm__dyn__fp16_opset11_DenoiseAlpha" 10589
"/Engine/EngineResources/Development/ZenLogo_64" 10590
"/InterchangeAssets/Functions/MX_ConductorBSDF" 10591
"C:/Users/kacpe/Desktop/GitHub/Game/Intermediate/ORTOptimizerPass_Optimized5C221EC7445BEA51E38BBFA38F3E640D.onnx" 10592
"C:/Users/kacpe/Desktop/GitHub/Game/Intermediate/ORTOptimizerPass_Optimized9ED70CF8461CDF1D1FB09B9051DE8542.onnx" 10593
"/Engine/EngineMaterials/EnergyConservation/Diffuse_Energy" 10594
"/InterchangeAssets/Functions/MX_DielectricBSDF" 10595
"/Interchange/Pipelines/DefaultMaterialPipeline" 10596
"/InterchangeAssets/Functions/MX_OrenNayarBSDF" 10597
"/InterchangeAssets/Functions/MX_TranslucentBSDF" 10598
"/Interchange/Pipelines/DefaultMaterialXPipeline" 10599
"/InterchangeAssets/Functions/MX_UsdPreviewSurface" 10600
"/InterchangeAssets/Functions/MX_AbsorptionVDF" 10601
"/InterchangeAssets/Functions/MX_MeasuredEDF" 10602
"/InterchangeAssets/Functions/MX_ConicalEDF" 10603
"/InterchangeAssets/Functions/MX_UniformEDF" 10604
"/InterchangeAssets/Functions/MX_ThinFilmBSDF" 10605
"/InterchangeAssets/Functions/MX_SheenBSDF" 10606
"../../../Engine/Plugins/Interchange/Assets/Content/Functions/MX_AnisotropicVDF.uasset" 10607
"/InterchangeAssets/Functions/MX_AnisotropicVDF" 10608
"../../../Engine/Plugins/Animation/ControlRig/Content/Controls/ControlRigGizmoMaterial.uasset" 10609
"/ControlRig/Controls/ControlRigGizmoMaterial" 10610
"C:/Users/kacpe/Desktop/GitHub/Game/DerivedDataCache/VT/TEXTURE_7C16439390E24F1F9468894FB4D4BC55_VTCHUNK44B429B40BB45A070EB17C1259C28734996A2F49" 10611
"C:/Users/kacpe/Desktop/GitHub/Game/DerivedDataCache/VT/TEXTURE_7C16439390E24F1F9468894FB4D4BC55_VTCHUNK967C747FFC357A828288FA05D93CD5DCECDA891B" 10612
"C:/Users/kacpe/Desktop/GitHub/Game/DerivedDataCache/VT/TEXTURE_7C16439390E24F1F9468894FB4D4BC55_VTCHUNK2A5F9F60441DA258D18B46D59C64D5BAD50E8EE3" 10613
"C:/Users/kacpe/Desktop/GitHub/Game/DerivedDataCache/VT/TEXTURE_7C16439390E24F1F9468894FB4D4BC55_VTCHUNKC0393DE8C5B4673D99D1BECB92AA8C1F72FEB491" 10614
"C:/Users/kacpe/Desktop/GitHub/Game/DerivedDataCache/VT/TEXTURE_7C16439390E24F1F9468894FB4D4BC55_VTCHUNK02D4C3BCAD7DFA48AB32B8281FB06B8B83DB6275" 10615
"C:/Users/kacpe/AppData/Local/Temp/UnrealShaderWorkingDir/C815E5EA4169BA9A55FBFAA36C84B2AB/2/WorkerOutputOnly.out" 10616
"C:/Users/kacpe/Desktop/GitHub/Game/Saved/Cooked/Windows/UkenGame/Metadata/CookedSettings.txt" 10617
